Palavra,Link,Instituicao
A,https://goiaslibras.educacao.go.gov.br/api/media/ines/palavras/videos/aSm_Prog001.mp4,GoiásLibras · base nacional
ABACATE,https://goiaslibras.educacao.go.gov.br/api/media/ines/palavras/videos/abacateSm_Prog001.mp4,GoiásLibras · base nacional
ABACAXI,https://goiaslibras.educacao.go.gov.br/api/media/ines/palavras/videos/abacaxiSm_Prog001.mp4,GoiásLibras · base nacional
ABAFAR,https://goiaslibras.educacao.go.gov.br/api/media/ines/palavras/videos/abafarSm_Prog001.mp4,GoiásLibras · base nacional
ABAIXO,https://goiaslibras.educacao.go.gov.br/api/media/ines/palavras/videos/abaixoSm_Prog001.mp4,GoiásLibras · base nacional
ABAIXO-ASSINADO,https://goiaslibras.educacao.go.gov.br/api/media/ines/palavras/videos/abaixo-assinadoSm_Prog001.mp4,GoiásLibras · base nacional
ABAJUR,https://goiaslibras.educacao.go.gov.br/api/media/ines/palavras/videos/abajurSm_Prog001.mp4,GoiásLibras · base nacional
ABANAR,https://goiaslibras.educacao.go.gov.br/api/media/ines/palavras/videos/abanarSm_Prog001.mp4,GoiásLibras · base nacional
ABANDONAR1,https://goiaslibras.educacao.go.gov.br/api/media/ines/palavras/videos/abandonar1Sm_Prog001.mp4,GoiásLibras · base nacional
ABANDONAR2,https://goiaslibras.educacao.go.gov.br/api/media/ines/palavras/videos/abandonar2Sm_Prog001.mp4,GoiásLibras · base nacional
ABARROTADO,https://goiaslibras.educacao.go.gov.br/api/media/ines/palavras/videos/abarrotadoSm_Prog001.mp4,GoiásLibras · base nacional
ABASTADO,https://goiaslibras.educacao.go.gov.br/api/media/ines/palavras/videos/abastadoSm_Prog001.mp4,GoiásLibras · base nacional
ABATIDO,https://goiaslibras.educacao.go.gov.br/api/media/ines/palavras/videos/abatidoSm_Prog001.mp4,GoiásLibras · base nacional
ABATIMENTO,https://goiaslibras.educacao.go.gov.br/api/media/ines/palavras/videos/abatimentoSm_Prog001.mp4,GoiásLibras · base nacional
ABDICAR,https://goiaslibras.educacao.go.gov.br/api/media/ines/palavras/videos/abdicarSm_Prog001.mp4,GoiásLibras · base nacional
ABDÔMEN,https://goiaslibras.educacao.go.gov.br/api/media/ines/palavras/videos/abdomenSm_Prog001.mp4,GoiásLibras · base nacional
ABELHA,https://goiaslibras.educacao.go.gov.br/api/media/ines/palavras/videos/abelhaSm_Prog001.mp4,GoiásLibras · base nacional
ABENÇOAR1,https://goiaslibras.educacao.go.gov.br/api/media/ines/palavras/videos/abencoar1Sm_Prog001.mp4,GoiásLibras · base nacional
ABENÇOAR2,https://goiaslibras.educacao.go.gov.br/api/media/ines/palavras/videos/abencoar2Sm_Prog001.mp4,GoiásLibras · base nacional
ABERTO1,https://goiaslibras.educacao.go.gov.br/api/media/ines/palavras/videos/aberto1Sm_Prog001.mp4,GoiásLibras · base nacional
ABERTO2,https://goiaslibras.educacao.go.gov.br/api/media/ines/palavras/videos/aberto2Sm_Prog001.mp4,GoiásLibras · base nacional
ABERTURA,https://goiaslibras.educacao.go.gov.br/api/media/ines/palavras/videos/aberturaSm_Prog001.mp4,GoiásLibras · base nacional
ABISMAR,https://goiaslibras.educacao.go.gov.br/api/media/ines/palavras/videos/abismarSm_Prog001.mp4,GoiásLibras · base nacional
ABOBRINHA,https://goiaslibras.educacao.go.gov.br/api/media/ines/palavras/videos/abobrinhaSm_Prog001.mp4,GoiásLibras · base nacional
ABOCANHAR,https://goiaslibras.educacao.go.gov.br/api/media/ines/palavras/videos/abocanharSm_Prog001.mp4,GoiásLibras · base nacional
ABOLIÇÃO,https://goiaslibras.educacao.go.gov.br/api/media/ines/palavras/videos/abolicaoSm_Prog001.mp4,GoiásLibras · base nacional
ABONAR,https://goiaslibras.educacao.go.gov.br/api/media/ines/palavras/videos/abonarSm_Prog001.mp4,GoiásLibras · base nacional
ABONO,https://goiaslibras.educacao.go.gov.br/api/media/ines/palavras/videos/abonoSm_Prog001.mp4,GoiásLibras · base nacional
ABORRECER,https://goiaslibras.educacao.go.gov.br/api/media/ines/palavras/videos/aborrecerSm_Prog001.mp4,GoiásLibras · base nacional
ABORRECIDO,https://goiaslibras.educacao.go.gov.br/api/media/ines/palavras/videos/aborrecidoSm_Prog001.mp4,GoiásLibras · base nacional
ABORTAR1,https://goiaslibras.educacao.go.gov.br/api/media/ines/palavras/videos/abortar1Sm_Prog001.mp4,GoiásLibras · base nacional
ABORTAR2,https://goiaslibras.educacao.go.gov.br/api/media/ines/palavras/videos/abortar2Sm_Prog001.mp4,GoiásLibras · base nacional
ABORTO,https://goiaslibras.educacao.go.gov.br/api/media/ines/palavras/videos/abortar1Sm_Prog001.mp4,GoiásLibras · base nacional
ABOTOAR,https://goiaslibras.educacao.go.gov.br/api/media/ines/palavras/videos/abotoarSm_Prog001.mp4,GoiásLibras · base nacional
ABRACADABRA,https://goiaslibras.educacao.go.gov.br/api/media/ines/palavras/videos/abracadabraSm_Prog001.mp4,GoiásLibras · base nacional
ABRAÇAR,https://goiaslibras.educacao.go.gov.br/api/media/ines/palavras/videos/abracarSm_Prog001.mp4,GoiásLibras · base nacional
ABRAÇO,https://goiaslibras.educacao.go.gov.br/api/media/ines/palavras/videos/abracoSm_Prog001.mp4,GoiásLibras · base nacional
ABRAÇO2,https://goiaslibras.educacao.go.gov.br/api/media/ines/palavras/videos/abraco2Sm_Prog001.mp4,GoiásLibras · base nacional
ABREVIAR,https://goiaslibras.educacao.go.gov.br/api/media/ines/palavras/videos/abreviarSm_Prog001.mp4,GoiásLibras · base nacional
ABRIDOR DE LATA1,https://dicionario.ines.gov.br/public/media/palavras/videos/abridor de lata1Sm_Prog001.mp4,GoiásLibras · base nacional
ABRIDOR DE LATA2,https://dicionario.ines.gov.br/public/media/palavras/videos/abridor de lata2Sm_Prog001.mp4,GoiásLibras · base nacional
ABRIGAR,https://goiaslibras.educacao.go.gov.br/api/media/ines/palavras/videos/abrigarSm_Prog001.mp4,GoiásLibras · base nacional
ABRIGO,https://goiaslibras.educacao.go.gov.br/api/media/ines/palavras/videos/abrigoSm_Prog001.mp4,GoiásLibras · base nacional
ABRIL,https://goiaslibras.educacao.go.gov.br/api/media/ines/palavras/videos/abrilSm_Prog001.mp4,GoiásLibras · base nacional
ABRIR1,https://goiaslibras.educacao.go.gov.br/api/media/ines/palavras/videos/abrir1Sm_Prog001.mp4,GoiásLibras · base nacional
ABRIR2,https://goiaslibras.educacao.go.gov.br/api/media/ines/palavras/videos/abrir2Sm_Prog001.mp4,GoiásLibras · base nacional
ABRIR3,https://goiaslibras.educacao.go.gov.br/api/media/ines/palavras/videos/abrir3Sm_Prog001.mp4,GoiásLibras · base nacional
ABRIR4,https://goiaslibras.educacao.go.gov.br/api/media/ines/palavras/videos/abrir4Sm_Prog001.mp4,GoiásLibras · base nacional
ABRIR5,https://goiaslibras.educacao.go.gov.br/api/media/ines/palavras/videos/abrir5Sm_Prog001.mp4,GoiásLibras · base nacional
ABSOLVER,https://goiaslibras.educacao.go.gov.br/api/media/ines/palavras/videos/absolverSm_Prog001.mp4,GoiásLibras · base nacional
ABSORVENTE HIGIÊNICO,https://dicionario.ines.gov.br/public/media/palavras/videos/absorvente-higienicoSm_Prog001.mp4,GoiásLibras · base nacional
ABSORVER1,https://goiaslibras.educacao.go.gov.br/api/media/ines/palavras/videos/absorver1Sm_Prog001.mp4,GoiásLibras · base nacional
ABSORVER2,https://goiaslibras.educacao.go.gov.br/api/media/ines/palavras/videos/absorver2Sm_Prog001.mp4,GoiásLibras · base nacional
ABSTER,https://goiaslibras.educacao.go.gov.br/api/media/ines/palavras/videos/absterSm_Prog001.mp4,GoiásLibras · base nacional
ABSURDO,https://goiaslibras.educacao.go.gov.br/api/media/ines/palavras/videos/absurdo1Sm_Prog001.mp4,GoiásLibras · base nacional
ABUSADO,https://goiaslibras.educacao.go.gov.br/api/media/ines/palavras/videos/abusadoSm_Prog001.mp4,GoiásLibras · base nacional
ABUSAR,https://goiaslibras.educacao.go.gov.br/api/media/ines/palavras/videos/abusarSm_Prog001.mp4,GoiásLibras · base nacional
ABÓBORA1,https://goiaslibras.educacao.go.gov.br/api/media/ines/palavras/videos/abobora1Sm_Prog001.mp4,GoiásLibras · base nacional
ABÓBORA2,https://goiaslibras.educacao.go.gov.br/api/media/ines/palavras/videos/abobora2Sm_Prog001.mp4,GoiásLibras · base nacional
ACABAR1,https://goiaslibras.educacao.go.gov.br/api/media/ines/palavras/videos/acabar1Sm_Prog001.mp4,GoiásLibras · base nacional
ACABAR2,https://goiaslibras.educacao.go.gov.br/api/media/ines/palavras/videos/acabar2Sm_Prog001.mp4,GoiásLibras · base nacional
ACABAR3,https://goiaslibras.educacao.go.gov.br/api/media/ines/palavras/videos/acabar3Sm_Prog001.mp4,GoiásLibras · base nacional
ACABAR4,https://goiaslibras.educacao.go.gov.br/api/media/ines/palavras/videos/acabar4Sm_Prog001.mp4,GoiásLibras · base nacional
ACALENTAR,https://goiaslibras.educacao.go.gov.br/api/media/ines/palavras/videos/acalentarSm_Prog001.mp4,GoiásLibras · base nacional
ACALMAR1,https://goiaslibras.educacao.go.gov.br/api/media/ines/palavras/videos/acalmar1Sm_Prog001.mp4,GoiásLibras · base nacional
ACALMAR2,https://goiaslibras.educacao.go.gov.br/api/media/ines/palavras/videos/acalmar2Sm_Prog001.mp4,GoiásLibras · base nacional
ACAMPAMENTO,https://goiaslibras.educacao.go.gov.br/api/media/ines/palavras/videos/acampamentoSm_Prog001.mp4,GoiásLibras · base nacional
ACAMPAR,https://goiaslibras.educacao.go.gov.br/api/media/ines/palavras/videos/acamparSm_Prog001.mp4,GoiásLibras · base nacional
ACANHADO,https://goiaslibras.educacao.go.gov.br/api/media/ines/palavras/videos/acanhadoSm_Prog001.mp4,GoiásLibras · base nacional
ACARICIAR,https://goiaslibras.educacao.go.gov.br/api/media/ines/palavras/videos/acariciarSm_Prog001.mp4,GoiásLibras · base nacional
ACASALAR,https://goiaslibras.educacao.go.gov.br/api/media/ines/palavras/videos/acasalarSm_Prog001.mp4,GoiásLibras · base nacional
ACATAR,https://goiaslibras.educacao.go.gov.br/api/media/ines/palavras/videos/acatarSm_Prog001.mp4,GoiásLibras · base nacional
ACAUTELAR,https://goiaslibras.educacao.go.gov.br/api/media/ines/palavras/videos/acautelarSm_Prog001.mp4,GoiásLibras · base nacional
ACEITAR,https://goiaslibras.educacao.go.gov.br/api/media/ines/palavras/videos/aceitarSm_Prog001.mp4,GoiásLibras · base nacional
ACELERAR1,https://goiaslibras.educacao.go.gov.br/api/media/ines/palavras/videos/acelerar1Sm_Prog001.mp4,GoiásLibras · base nacional
ACELERAR2,https://goiaslibras.educacao.go.gov.br/api/media/ines/palavras/videos/acelerar2Sm_Prog001.mp4,GoiásLibras · base nacional
ACENAR,https://goiaslibras.educacao.go.gov.br/api/media/ines/palavras/videos/acenarSm_Prog001.mp4,GoiásLibras · base nacional
ACENDER FAROL,https://goiaslibras.educacao.go.gov.br/api/media/ines/palavras/videos/acender3Sm_Prog001.mp4,GoiásLibras · base nacional
ACENDER ISQUEIRO,https://goiaslibras.educacao.go.gov.br/api/media/ines/palavras/videos/acender4Sm_Prog001.mp4,GoiásLibras · base nacional
ACENDER LUZ,https://goiaslibras.educacao.go.gov.br/api/media/ines/palavras/videos/acender2Sm_Prog001.mp4,GoiásLibras · base nacional
ACENDER VELA,https://goiaslibras.educacao.go.gov.br/api/media/ines/palavras/videos/acender1Sm_Prog001.mp4,GoiásLibras · base nacional
ACENTO1,https://goiaslibras.educacao.go.gov.br/api/media/ines/palavras/videos/acento1Sm_Prog001.mp4,GoiásLibras · base nacional
ACENTO2,https://goiaslibras.educacao.go.gov.br/api/media/ines/palavras/videos/acento2Sm_Prog001.mp4,GoiásLibras · base nacional
ACERCAR,https://goiaslibras.educacao.go.gov.br/api/media/ines/palavras/videos/acercarSm_Prog001.mp4,GoiásLibras · base nacional
ACERTAR1,https://goiaslibras.educacao.go.gov.br/api/media/ines/palavras/videos/acertar1Sm_Prog001.mp4,GoiásLibras · base nacional
ACERTAR2,https://goiaslibras.educacao.go.gov.br/api/media/ines/palavras/videos/acertar2Sm_Prog001.mp4,GoiásLibras · base nacional
ACESO,https://goiaslibras.educacao.go.gov.br/api/media/ines/palavras/videos/acesoSm_Prog001.mp4,GoiásLibras · base nacional
ACESSO1,https://goiaslibras.educacao.go.gov.br/api/media/ines/palavras/videos/acesso1Sm_Prog001.mp4,GoiásLibras · base nacional
ACESSO2,https://goiaslibras.educacao.go.gov.br/api/media/ines/palavras/videos/acesso2Sm_Prog001.mp4,GoiásLibras · base nacional
ACHAR1,https://goiaslibras.educacao.go.gov.br/api/media/ines/palavras/videos/achar1Sm_Prog001.mp4,GoiásLibras · base nacional
ACHAR2,https://goiaslibras.educacao.go.gov.br/api/media/ines/palavras/videos/achar2Sm_Prog001.mp4,GoiásLibras · base nacional
ACIDENTE1,https://goiaslibras.educacao.go.gov.br/api/media/ines/palavras/videos/acidente1Sm_Prog001.mp4,GoiásLibras · base nacional
ACIDENTE2,https://goiaslibras.educacao.go.gov.br/api/media/ines/palavras/videos/acidente2Sm_Prog001.mp4,GoiásLibras · base nacional
ACIMA,https://goiaslibras.educacao.go.gov.br/api/media/ines/palavras/videos/acimaSm_Prog001.mp4,GoiásLibras · base nacional
ACLIVE,https://goiaslibras.educacao.go.gov.br/api/media/ines/palavras/videos/acliveSm_Prog001.mp4,GoiásLibras · base nacional
ACNE,https://goiaslibras.educacao.go.gov.br/api/media/ines/palavras/videos/acneSm_Prog001.mp4,GoiásLibras · base nacional
ACOMODADO,https://goiaslibras.educacao.go.gov.br/api/media/ines/palavras/videos/acomodadoSm_Prog001.mp4,GoiásLibras · base nacional
ACOMODAR,https://goiaslibras.educacao.go.gov.br/api/media/ines/palavras/videos/acomodarSm_Prog001.mp4,GoiásLibras · base nacional
ACOMPANHADO,https://goiaslibras.educacao.go.gov.br/api/media/ines/palavras/videos/acompanhadoSm_Prog001.mp4,GoiásLibras · base nacional
ACOMPANHAR1,https://goiaslibras.educacao.go.gov.br/api/media/ines/palavras/videos/acompanhar1Sm_Prog001.mp4,GoiásLibras · base nacional
ACOMPANHAR2,https://goiaslibras.educacao.go.gov.br/api/media/ines/palavras/videos/acompanhar2Sm_Prog001.mp4,GoiásLibras · base nacional
ACONCHEGAR,https://goiaslibras.educacao.go.gov.br/api/media/ines/palavras/videos/aconchegarSm_Prog001.mp4,GoiásLibras · base nacional
ACONSELHAR,https://goiaslibras.educacao.go.gov.br/api/media/ines/palavras/videos/aconselharSm_Prog001.mp4,GoiásLibras · base nacional
ACONTECER1,https://dicionario.ines.gov.br/public/media/palavras/videos/acontecerSm_Prog001.mp4,GoiásLibras · base nacional
ACONTECER2,https://goiaslibras.educacao.go.gov.br/api/media/ines/palavras/videos/acontecer2Sm_Prog001.mp4,GoiásLibras · base nacional
ACONTECER3,https://goiaslibras.educacao.go.gov.br/api/media/ines/palavras/videos/acontecer3Sm_Prog001.mp4,GoiásLibras · base nacional
ACORDADO,https://dicionario.ines.gov.br/public/media/palavras/videos/acordado2Sm_Prog001.mp4,GoiásLibras · base nacional
ACORDAR1,https://goiaslibras.educacao.go.gov.br/api/media/ines/palavras/videos/acordar1Sm_Prog001.mp4,GoiásLibras · base nacional
ACORDAR2,https://goiaslibras.educacao.go.gov.br/api/media/ines/palavras/videos/acordar2Sm_Prog001.mp4,GoiásLibras · base nacional
ACORDAR3,https://goiaslibras.educacao.go.gov.br/api/media/ines/palavras/videos/acordoSm_Prog001.mp4,GoiásLibras · base nacional
ACORDEÃO,https://goiaslibras.educacao.go.gov.br/api/media/ines/palavras/videos/acordeaoSm_Prog001.mp4,GoiásLibras · base nacional
ACORDO,https://goiaslibras.educacao.go.gov.br/api/media/ines/palavras/videos/acordoSm_Prog001.mp4,GoiásLibras · base nacional
ACORRENTAR,https://goiaslibras.educacao.go.gov.br/api/media/ines/palavras/videos/acorrentarSm_Prog001.mp4,GoiásLibras · base nacional
ACOSTUMADO,https://goiaslibras.educacao.go.gov.br/api/media/ines/palavras/videos/acostumadoSm_Prog001.mp4,GoiásLibras · base nacional
ACOSTUMAR,https://goiaslibras.educacao.go.gov.br/api/media/ines/palavras/videos/acostumarSm_Prog001.mp4,GoiásLibras · base nacional
ACOTOVELAR,https://dicionario.ines.gov.br/public/media/palavras/videos/acotovelarSm_Prog001.mp4,GoiásLibras · base nacional
ACRE,https://goiaslibras.educacao.go.gov.br/api/media/ines/palavras/videos/acreSm_Prog001.mp4,GoiásLibras · base nacional
ACREDITAR,https://goiaslibras.educacao.go.gov.br/api/media/ines/palavras/videos/acreditarSm_Prog001.mp4,GoiásLibras · base nacional
ACRESCENTAR,https://goiaslibras.educacao.go.gov.br/api/media/ines/palavras/videos/acrescentarSm_Prog001.mp4,GoiásLibras · base nacional
ACROBATA1,https://goiaslibras.educacao.go.gov.br/api/media/ines/palavras/videos/acrobata1Sm_Prog001.mp4,GoiásLibras · base nacional
ACROBATA2,https://goiaslibras.educacao.go.gov.br/api/media/ines/palavras/videos/acrobata2Sm_Prog001.mp4,GoiásLibras · base nacional
ACUADO,https://goiaslibras.educacao.go.gov.br/api/media/ines/palavras/videos/acuadoSm_Prog001.mp4,GoiásLibras · base nacional
ACUAR,https://goiaslibras.educacao.go.gov.br/api/media/ines/palavras/videos/acuarSm_Prog001.mp4,GoiásLibras · base nacional
ACUMULAR,https://goiaslibras.educacao.go.gov.br/api/media/ines/palavras/videos/acumularSm_Prog001.mp4,GoiásLibras · base nacional
ACUPUNTURA,https://goiaslibras.educacao.go.gov.br/api/media/ines/palavras/videos/acupunturaSm_Prog001.mp4,GoiásLibras · base nacional
ACUSAR,https://goiaslibras.educacao.go.gov.br/api/media/ines/palavras/videos/acusarSm_Prog001.mp4,GoiásLibras · base nacional
ADERNAR,https://goiaslibras.educacao.go.gov.br/api/media/ines/palavras/videos/adernarSm_Prog001.mp4,GoiásLibras · base nacional
ADESIVO,https://goiaslibras.educacao.go.gov.br/api/media/ines/palavras/videos/adesivoSm_Prog001.mp4,GoiásLibras · base nacional
ADEUS1,https://goiaslibras.educacao.go.gov.br/api/media/ines/palavras/videos/adeusSm_Prog001.mp4,GoiásLibras · base nacional
ADEUS2,https://goiaslibras.educacao.go.gov.br/api/media/ines/palavras/videos/adeus2Sm_Prog001.mp4,GoiásLibras · base nacional
ADIANTADO,https://goiaslibras.educacao.go.gov.br/api/media/ines/palavras/videos/adiantadoSm_Prog001.mp4,GoiásLibras · base nacional
ADIAR,https://goiaslibras.educacao.go.gov.br/api/media/ines/palavras/videos/adiarSm_Prog001.mp4,GoiásLibras · base nacional
ADICIONAR1,https://goiaslibras.educacao.go.gov.br/api/media/ines/palavras/videos/adicionar1Sm_Prog001.mp4,GoiásLibras · base nacional
ADICIONAR2,https://goiaslibras.educacao.go.gov.br/api/media/ines/palavras/videos/adicionar2Sm_Prog001.mp4,GoiásLibras · base nacional
ADIVINHAR,https://goiaslibras.educacao.go.gov.br/api/media/ines/palavras/videos/adivinharSm_Prog001.mp4,GoiásLibras · base nacional
ADJETIVOS,https://goiaslibras.educacao.go.gov.br/api/media/ines/palavras/videos/adjetivoSm_Prog001.mp4,GoiásLibras · base nacional
ADJUNTO,https://goiaslibras.educacao.go.gov.br/api/media/ines/palavras/videos/adjuntoSm_Prog001.mp4,GoiásLibras · base nacional
ADMINISTRAR,https://goiaslibras.educacao.go.gov.br/api/media/ines/palavras/videos/administrarSm_Prog001.mp4,GoiásLibras · base nacional
ADMINISTRAÇÃO,https://goiaslibras.educacao.go.gov.br/api/media/ines/palavras/videos/administracaoSm_Prog001.mp4,GoiásLibras · base nacional
ADMIRADO,https://goiaslibras.educacao.go.gov.br/api/media/ines/palavras/videos/admiradoSm_Prog001.mp4,GoiásLibras · base nacional
ADMIRAR,https://goiaslibras.educacao.go.gov.br/api/media/ines/palavras/videos/admirarSm_Prog001.mp4,GoiásLibras · base nacional
ADMISSÃO,https://goiaslibras.educacao.go.gov.br/api/media/ines/palavras/videos/admissaoSm_Prog001.mp4,GoiásLibras · base nacional
ADMITIR1,https://goiaslibras.educacao.go.gov.br/api/media/ines/palavras/videos/admitir1Sm_Prog001.mp4,GoiásLibras · base nacional
ADMITIR2,https://goiaslibras.educacao.go.gov.br/api/media/ines/palavras/videos/admitir2Sm_Prog001.mp4,GoiásLibras · base nacional
ADOECER,https://goiaslibras.educacao.go.gov.br/api/media/ines/palavras/videos/adoecerSm_Prog001.mp4,GoiásLibras · base nacional
ADOIDAR,https://goiaslibras.educacao.go.gov.br/api/media/ines/palavras/videos/adoidarSm_Prog001.mp4,GoiásLibras · base nacional
ADOLESCENTE1,https://goiaslibras.educacao.go.gov.br/api/media/ines/palavras/videos/adolescente1Sm_Prog001.mp4,GoiásLibras · base nacional
ADOLESCENTE2,https://dicionario.ines.gov.br/public/media/palavras/videos/adolescenteSm_Prog001.mp4,GoiásLibras · base nacional
ADORAR1,https://goiaslibras.educacao.go.gov.br/api/media/ines/palavras/videos/adorar1Sm_Prog001.mp4,GoiásLibras · base nacional
ADORAR2,https://goiaslibras.educacao.go.gov.br/api/media/ines/palavras/videos/adorar2Sm_Prog001.mp4,GoiásLibras · base nacional
ADORMECER,https://goiaslibras.educacao.go.gov.br/api/media/ines/palavras/videos/adormecerSm_Prog001.mp4,GoiásLibras · base nacional
ADOTAR,https://goiaslibras.educacao.go.gov.br/api/media/ines/palavras/videos/adotarSm_Prog001.mp4,GoiásLibras · base nacional
ADOTIVO,https://goiaslibras.educacao.go.gov.br/api/media/ines/palavras/videos/adotivoSm_Prog001.mp4,GoiásLibras · base nacional
ADOÇANTE,https://goiaslibras.educacao.go.gov.br/api/media/ines/palavras/videos/adocanteSm_Prog001.mp4,GoiásLibras · base nacional
ADOÇAR,https://goiaslibras.educacao.go.gov.br/api/media/ines/palavras/videos/adocarSm_Prog001.mp4,GoiásLibras · base nacional
ADULAR,https://goiaslibras.educacao.go.gov.br/api/media/ines/palavras/videos/adularSm_Prog001.mp4,GoiásLibras · base nacional
ADULTO,https://goiaslibras.educacao.go.gov.br/api/media/ines/palavras/videos/adultoSm_Prog001.mp4,GoiásLibras · base nacional
ADULTÉRIO,https://goiaslibras.educacao.go.gov.br/api/media/ines/palavras/videos/adulterioSm_Prog001.mp4,GoiásLibras · base nacional
ADVENTISTA,https://goiaslibras.educacao.go.gov.br/api/media/ines/palavras/videos/adventistaSm_Prog001.mp4,GoiásLibras · base nacional
ADVERSÁRIO,https://dicionario.ines.gov.br/public/media/palavras/videos/adversarioSm_Prog001.mp4,GoiásLibras · base nacional
ADVERTIR1,https://goiaslibras.educacao.go.gov.br/api/media/ines/palavras/videos/advertir1Sm_Prog001.mp4,GoiásLibras · base nacional
ADVERTIR2,https://goiaslibras.educacao.go.gov.br/api/media/ines/palavras/videos/advertir2Sm_Prog001.mp4,GoiásLibras · base nacional
ADVOGADO,https://goiaslibras.educacao.go.gov.br/api/media/ines/palavras/videos/advogadoSm_Prog001.mp4,GoiásLibras · base nacional
AEROBARCO1,https://goiaslibras.educacao.go.gov.br/api/media/ines/palavras/videos/aerobarco1Sm_Prog001.mp4,GoiásLibras · base nacional
AEROBARCO2,https://goiaslibras.educacao.go.gov.br/api/media/ines/palavras/videos/aerobarco2Sm_Prog001.mp4,GoiásLibras · base nacional
AEROMOÇA,https://goiaslibras.educacao.go.gov.br/api/media/ines/palavras/videos/aeromocaSm_Prog001.mp4,GoiásLibras · base nacional
AERONÁUTICA,https://goiaslibras.educacao.go.gov.br/api/media/ines/palavras/videos/aeronauticaSm_Prog001.mp4,GoiásLibras · base nacional
AEROPORTO,https://goiaslibras.educacao.go.gov.br/api/media/ines/palavras/videos/aeroportoSm_Prog001.mp4,GoiásLibras · base nacional
AEROSSOL,https://goiaslibras.educacao.go.gov.br/api/media/ines/palavras/videos/aerossolSm_Prog001.mp4,GoiásLibras · base nacional
AERÓSTATO,https://goiaslibras.educacao.go.gov.br/api/media/ines/palavras/videos/aerostatoSm_Prog001.mp4,GoiásLibras · base nacional
AFAMADO,https://goiaslibras.educacao.go.gov.br/api/media/ines/palavras/videos/afamadoSm_Prog001.mp4,GoiásLibras · base nacional
AFASTADO1,https://goiaslibras.educacao.go.gov.br/api/media/ines/palavras/videos/afastado1Sm_Prog001.mp4,GoiásLibras · base nacional
AFASTADO2,https://goiaslibras.educacao.go.gov.br/api/media/ines/palavras/videos/afastado2Sm_Prog001.mp4,GoiásLibras · base nacional
AFASTAR1,https://goiaslibras.educacao.go.gov.br/api/media/ines/palavras/videos/afastar1Sm_Prog001.mp4,GoiásLibras · base nacional
AFASTAR2,https://goiaslibras.educacao.go.gov.br/api/media/ines/palavras/videos/afastar2Sm_Prog001.mp4,GoiásLibras · base nacional
AFEIÇÃO,https://goiaslibras.educacao.go.gov.br/api/media/ines/palavras/videos/afeicaoSm_Prog001.mp4,GoiásLibras · base nacional
AFERIR1,https://goiaslibras.educacao.go.gov.br/api/media/ines/palavras/videos/aferir1Sm_Prog001.mp4,GoiásLibras · base nacional
AFERIR2,https://goiaslibras.educacao.go.gov.br/api/media/ines/palavras/videos/aferir2Sm_Prog001.mp4,GoiásLibras · base nacional
AFETO,https://goiaslibras.educacao.go.gov.br/api/media/ines/palavras/videos/afetoSm_Prog001.mp4,GoiásLibras · base nacional
AFIADO,https://goiaslibras.educacao.go.gov.br/api/media/ines/palavras/videos/afiadoSm_Prog001.mp4,GoiásLibras · base nacional
AFIAR,https://goiaslibras.educacao.go.gov.br/api/media/ines/palavras/videos/afiarSm_Prog001.mp4,GoiásLibras · base nacional
AFILHADO,https://goiaslibras.educacao.go.gov.br/api/media/ines/palavras/videos/afilhadoSm_Prog001.mp4,GoiásLibras · base nacional
AFINIDADE,https://goiaslibras.educacao.go.gov.br/api/media/ines/palavras/videos/afinidadeSm_Prog001.mp4,GoiásLibras · base nacional
AFIVELAR,https://goiaslibras.educacao.go.gov.br/api/media/ines/palavras/videos/afivelarSm_Prog001.mp4,GoiásLibras · base nacional
AFIXAR1,https://goiaslibras.educacao.go.gov.br/api/media/ines/palavras/videos/afixarSm_Prog001.mp4,GoiásLibras · base nacional
AFLITO,https://goiaslibras.educacao.go.gov.br/api/media/ines/palavras/videos/aflitoSm_Prog001.mp4,GoiásLibras · base nacional
AFOCINHAR,https://goiaslibras.educacao.go.gov.br/api/media/ines/palavras/videos/afocinharSm_Prog001.mp4,GoiásLibras · base nacional
AFOGAR1,https://goiaslibras.educacao.go.gov.br/api/media/ines/palavras/videos/afogar1Sm_Prog001.mp4,GoiásLibras · base nacional
AFOGAR2,https://goiaslibras.educacao.go.gov.br/api/media/ines/palavras/videos/afogar2Sm_Prog001.mp4,GoiásLibras · base nacional
AFROUXAR,https://goiaslibras.educacao.go.gov.br/api/media/ines/palavras/videos/afrouxarSm_Prog001.mp4,GoiásLibras · base nacional
AFUNDAR,https://goiaslibras.educacao.go.gov.br/api/media/ines/palavras/videos/afundarSm_Prog001.mp4,GoiásLibras · base nacional
AGACHAR,https://goiaslibras.educacao.go.gov.br/api/media/ines/palavras/videos/agacharSm_Prog001.mp4,GoiásLibras · base nacional
AGARRAR,https://goiaslibras.educacao.go.gov.br/api/media/ines/palavras/videos/agarrarSm_Prog001.mp4,GoiásLibras · base nacional
AGASALHAR,https://goiaslibras.educacao.go.gov.br/api/media/ines/palavras/videos/agasalharSm_Prog001.mp4,GoiásLibras · base nacional
AGENDAR,https://goiaslibras.educacao.go.gov.br/api/media/ines/palavras/videos/agendarSm_Prog001.mp4,GoiásLibras · base nacional
AGITADO,https://goiaslibras.educacao.go.gov.br/api/media/ines/palavras/videos/agitadoSm_Prog001.mp4,GoiásLibras · base nacional
AGORA,https://goiaslibras.educacao.go.gov.br/api/media/ines/palavras/videos/agoraSm_Prog001.mp4,GoiásLibras · base nacional
AGOSTO1,https://dicionario.ines.gov.br/public/media/palavras/videos/agostoSm_Prog001.mp4,GoiásLibras · base nacional
AGOSTO2,https://goiaslibras.educacao.go.gov.br/api/media/ines/palavras/videos/agosto2Sm_Prog001.mp4,GoiásLibras · base nacional
AGRADAR,https://goiaslibras.educacao.go.gov.br/api/media/ines/palavras/videos/agradarSm_Prog001.mp4,GoiásLibras · base nacional
AGRADECER,https://goiaslibras.educacao.go.gov.br/api/media/ines/palavras/videos/agradecerSm_Prog001.mp4,GoiásLibras · base nacional
AGREDIR,https://goiaslibras.educacao.go.gov.br/api/media/ines/palavras/videos/agredirSm_Prog001.mp4,GoiásLibras · base nacional
AGRESSIVO,https://goiaslibras.educacao.go.gov.br/api/media/ines/palavras/videos/agressivoSm_Prog001.mp4,GoiásLibras · base nacional
AGRICULTURA,https://goiaslibras.educacao.go.gov.br/api/media/ines/palavras/videos/agriculturaSm_Prog001.mp4,GoiásLibras · base nacional
AGRIÃO,https://goiaslibras.educacao.go.gov.br/api/media/ines/palavras/videos/agriaoSm_Prog001.mp4,GoiásLibras · base nacional
AGRUPAR,https://goiaslibras.educacao.go.gov.br/api/media/ines/palavras/videos/agruparSm_Prog001.mp4,GoiásLibras · base nacional
AGUARDAR,https://goiaslibras.educacao.go.gov.br/api/media/ines/palavras/videos/aguardarSm_Prog001.mp4,GoiásLibras · base nacional
AGUARDENTE,https://goiaslibras.educacao.go.gov.br/api/media/ines/palavras/videos/aguardenteSm_Prog001.mp4,GoiásLibras · base nacional
AGULHA1,https://goiaslibras.educacao.go.gov.br/api/media/ines/palavras/videos/agulha1Sm_Prog001.mp4,GoiásLibras · base nacional
AGULHA2,https://dicionario.ines.gov.br/public/media/palavras/videos/agulha2Sm_Prog001.mp4,GoiásLibras · base nacional
AGÜENTAR1,https://goiaslibras.educacao.go.gov.br/api/media/ines/palavras/videos/aguentar1Sm_Prog001.mp4,GoiásLibras · base nacional
AGÜENTAR2,https://goiaslibras.educacao.go.gov.br/api/media/ines/palavras/videos/aguentar2Sm_Prog001.mp4,GoiásLibras · base nacional
AGÜENTAR3,https://goiaslibras.educacao.go.gov.br/api/media/ines/palavras/videos/aguentar3Sm_Prog001.mp4,GoiásLibras · base nacional
AIDS,https://goiaslibras.educacao.go.gov.br/api/media/ines/palavras/videos/aidsSm_Prog001.mp4,GoiásLibras · base nacional
AINDA,https://goiaslibras.educacao.go.gov.br/api/media/ines/palavras/videos/aindaSm_Prog001.mp4,GoiásLibras · base nacional
AINDA NÃO,https://dicionario.ines.gov.br/public/media/palavras/videos/ainda-naoSm_Prog001.mp4,GoiásLibras · base nacional
AIPIM,https://goiaslibras.educacao.go.gov.br/api/media/ines/palavras/videos/aipimSm_Prog001.mp4,GoiásLibras · base nacional
AJOELHAR,https://goiaslibras.educacao.go.gov.br/api/media/ines/palavras/videos/ajoelharSm_Prog001.mp4,GoiásLibras · base nacional
AJUDAR1,https://goiaslibras.educacao.go.gov.br/api/media/ines/palavras/videos/ajudar1Sm_Prog001.mp4,GoiásLibras · base nacional
AJUDAR2,https://goiaslibras.educacao.go.gov.br/api/media/ines/palavras/videos/ajudar2Sm_Prog001.mp4,GoiásLibras · base nacional
AJUNTAR,https://goiaslibras.educacao.go.gov.br/api/media/ines/palavras/videos/ajuntarSm_Prog001.mp4,GoiásLibras · base nacional
ALAGOAS,https://dicionario.ines.gov.br/public/media/palavras/videos/alagoas1Sm_Prog001.mp4,GoiásLibras · base nacional
ALARANJADO,https://goiaslibras.educacao.go.gov.br/api/media/ines/palavras/videos/alaranjadoSm_Prog001.mp4,GoiásLibras · base nacional
ALARME,https://goiaslibras.educacao.go.gov.br/api/media/ines/palavras/videos/alarmeSm_Prog001.mp4,GoiásLibras · base nacional
ALASTRAR,https://goiaslibras.educacao.go.gov.br/api/media/ines/palavras/videos/alastrarSm_Prog001.mp4,GoiásLibras · base nacional
ALCANÇAR1,https://goiaslibras.educacao.go.gov.br/api/media/ines/palavras/videos/alcancar1Sm_Prog001.mp4,GoiásLibras · base nacional
ALCANÇAR2,https://goiaslibras.educacao.go.gov.br/api/media/ines/palavras/videos/alcancar2Sm_Prog001.mp4,GoiásLibras · base nacional
ALCANÇAR3,https://goiaslibras.educacao.go.gov.br/api/media/ines/palavras/videos/alcancar3Sm_Prog001.mp4,GoiásLibras · base nacional
ALCE,https://goiaslibras.educacao.go.gov.br/api/media/ines/palavras/videos/alceSm_Prog001.mp4,GoiásLibras · base nacional
ALEGRE,https://goiaslibras.educacao.go.gov.br/api/media/ines/palavras/videos/alegreSm_Prog001.mp4,GoiásLibras · base nacional
ALEGRIA1,https://goiaslibras.educacao.go.gov.br/api/media/ines/palavras/videos/alegria1Sm_Prog001.mp4,GoiásLibras · base nacional
ALEGRIA2,https://goiaslibras.educacao.go.gov.br/api/media/ines/palavras/videos/alegria2Sm_Prog001.mp4,GoiásLibras · base nacional
ALEIJAR,https://goiaslibras.educacao.go.gov.br/api/media/ines/palavras/videos/aleijarSm_Prog001.mp4,GoiásLibras · base nacional
ALELUIA1,https://goiaslibras.educacao.go.gov.br/api/media/ines/palavras/videos/aleluia1Sm_Prog001.mp4,GoiásLibras · base nacional
ALELUIA2,https://goiaslibras.educacao.go.gov.br/api/media/ines/palavras/videos/aleluia2Sm_Prog001.mp4,GoiásLibras · base nacional
ALEMANHA,https://goiaslibras.educacao.go.gov.br/api/media/ines/palavras/videos/alemanhaSm_Prog001.mp4,GoiásLibras · base nacional
ALEMÃO,https://goiaslibras.educacao.go.gov.br/api/media/ines/palavras/videos/alemaoSm_Prog001.mp4,GoiásLibras · base nacional
ALERGIA1,https://goiaslibras.educacao.go.gov.br/api/media/ines/palavras/videos/alergia1Sm_Prog001.mp4,GoiásLibras · base nacional
ALERGIA2,https://goiaslibras.educacao.go.gov.br/api/media/ines/palavras/videos/alergia2Sm_Prog001.mp4,GoiásLibras · base nacional
ALERTA,https://goiaslibras.educacao.go.gov.br/api/media/ines/palavras/videos/alertaSm_Prog001.mp4,GoiásLibras · base nacional
ALERTAR1,https://goiaslibras.educacao.go.gov.br/api/media/ines/palavras/videos/alertar1Sm_Prog001.mp4,GoiásLibras · base nacional
ALERTAR2,https://goiaslibras.educacao.go.gov.br/api/media/ines/palavras/videos/alertar2Sm_Prog001.mp4,GoiásLibras · base nacional
ALFABETO,https://goiaslibras.educacao.go.gov.br/api/media/ines/palavras/videos/alfabetoSm_Prog001.mp4,GoiásLibras · base nacional
ALFACE,https://goiaslibras.educacao.go.gov.br/api/media/ines/palavras/videos/alfaceSm_Prog001.mp4,GoiásLibras · base nacional
ALFAIATE,https://goiaslibras.educacao.go.gov.br/api/media/ines/palavras/videos/alfaiateSm_Prog001.mp4,GoiásLibras · base nacional
ALFINETE,https://goiaslibras.educacao.go.gov.br/api/media/ines/palavras/videos/alfineteSm_Prog001.mp4,GoiásLibras · base nacional
ALFINETE DE FRALDA,https://dicionario.ines.gov.br/public/media/palavras/videos/alfinete2Sm_Prog001.mp4,GoiásLibras · base nacional
ALGEMAS,https://goiaslibras.educacao.go.gov.br/api/media/ines/palavras/videos/algemasSm_Prog001.mp4,GoiásLibras · base nacional
ALGODÃO,https://goiaslibras.educacao.go.gov.br/api/media/ines/palavras/videos/algodaoSm_Prog001.mp4,GoiásLibras · base nacional
ALGUM1,https://goiaslibras.educacao.go.gov.br/api/media/ines/palavras/videos/algum1Sm_Prog001.mp4,GoiásLibras · base nacional
ALGUM2,https://goiaslibras.educacao.go.gov.br/api/media/ines/palavras/videos/algum2Sm_Prog001.mp4,GoiásLibras · base nacional
ALGUM3,https://goiaslibras.educacao.go.gov.br/api/media/ines/palavras/videos/algum3Sm_Prog001.mp4,GoiásLibras · base nacional
ALGUÉM,https://goiaslibras.educacao.go.gov.br/api/media/ines/palavras/videos/alguemSm_Prog001.mp4,GoiásLibras · base nacional
ALHO,https://goiaslibras.educacao.go.gov.br/api/media/ines/palavras/videos/alhoSm_Prog001.mp4,GoiásLibras · base nacional
ALI,https://goiaslibras.educacao.go.gov.br/api/media/ines/palavras/videos/aliSm_Prog001.mp4,GoiásLibras · base nacional
ALIADO,https://goiaslibras.educacao.go.gov.br/api/media/ines/palavras/videos/aliadoSm_Prog001.mp4,GoiásLibras · base nacional
ALIANÇA,https://goiaslibras.educacao.go.gov.br/api/media/ines/palavras/videos/aliancaSm_Prog001.mp4,GoiásLibras · base nacional
ALICATE1,https://goiaslibras.educacao.go.gov.br/api/media/ines/palavras/videos/alicate1Sm_Prog001.mp4,GoiásLibras · base nacional
ALICATE2,https://goiaslibras.educacao.go.gov.br/api/media/ines/palavras/videos/alicate2Sm_Prog001.mp4,GoiásLibras · base nacional
ALIMENTAR1,https://dicionario.ines.gov.br/public/media/palavras/videos/alimentarSm_Prog001.mp4,GoiásLibras · base nacional
ALIMENTO,https://goiaslibras.educacao.go.gov.br/api/media/ines/palavras/videos/alimentoSm_Prog001.mp4,GoiásLibras · base nacional
ALISAR,https://goiaslibras.educacao.go.gov.br/api/media/ines/palavras/videos/alisarSm_Prog001.mp4,GoiásLibras · base nacional
ALISTAR1,https://goiaslibras.educacao.go.gov.br/api/media/ines/palavras/videos/alistar1Sm_Prog001.mp4,GoiásLibras · base nacional
ALISTAR2,https://goiaslibras.educacao.go.gov.br/api/media/ines/palavras/videos/alistar2Sm_Prog001.mp4,GoiásLibras · base nacional
ALIVIADO,https://goiaslibras.educacao.go.gov.br/api/media/ines/palavras/videos/aliviadoSm_Prog001.mp4,GoiásLibras · base nacional
ALIVIAR,https://goiaslibras.educacao.go.gov.br/api/media/ines/palavras/videos/aliviarSm_Prog001.mp4,GoiásLibras · base nacional
ALMA,https://goiaslibras.educacao.go.gov.br/api/media/ines/palavras/videos/almaSm_Prog001.mp4,GoiásLibras · base nacional
ALMEJAR,https://goiaslibras.educacao.go.gov.br/api/media/ines/palavras/videos/almejarSm_Prog001.mp4,GoiásLibras · base nacional
ALMOFADA,https://goiaslibras.educacao.go.gov.br/api/media/ines/palavras/videos/almofadaSm_Prog001.mp4,GoiásLibras · base nacional
ALMONDEGA,https://dicionario.ines.gov.br/public/media/palavras/videos/almondegaSm_Prog001.mp4,GoiásLibras · base nacional
ALMOÇAR,https://goiaslibras.educacao.go.gov.br/api/media/ines/palavras/videos/almocarSm_Prog001.mp4,GoiásLibras · base nacional
ALMOÇO1,https://goiaslibras.educacao.go.gov.br/api/media/ines/palavras/videos/almoco1Sm_Prog001.mp4,GoiásLibras · base nacional
ALMOÇO2,https://goiaslibras.educacao.go.gov.br/api/media/ines/palavras/videos/almoco2Sm_Prog001.mp4,GoiásLibras · base nacional
ALOJAMENTO,https://goiaslibras.educacao.go.gov.br/api/media/ines/palavras/videos/alojamentoSm_Prog001.mp4,GoiásLibras · base nacional
ALTAR,https://goiaslibras.educacao.go.gov.br/api/media/ines/palavras/videos/altarSm_Prog001.mp4,GoiásLibras · base nacional
ALTERAR,https://goiaslibras.educacao.go.gov.br/api/media/ines/palavras/videos/alterarSm_Prog001.mp4,GoiásLibras · base nacional
ALTERNAR,https://goiaslibras.educacao.go.gov.br/api/media/ines/palavras/videos/alternarSm_Prog001.mp4,GoiásLibras · base nacional
ALTITUDE,https://goiaslibras.educacao.go.gov.br/api/media/ines/palavras/videos/altitudeSm_Prog001.mp4,GoiásLibras · base nacional
ALTO-FALANTE,https://goiaslibras.educacao.go.gov.br/api/media/ines/palavras/videos/alto-falanteSm_Prog001.mp4,GoiásLibras · base nacional
ALTO1,https://goiaslibras.educacao.go.gov.br/api/media/ines/palavras/videos/alto1Sm_Prog001.mp4,GoiásLibras · base nacional
ALTO2,https://goiaslibras.educacao.go.gov.br/api/media/ines/palavras/videos/alto2Sm_Prog001.mp4,GoiásLibras · base nacional
ALTO3,https://goiaslibras.educacao.go.gov.br/api/media/ines/palavras/videos/alto3Sm_Prog001.mp4,GoiásLibras · base nacional
ALTO4,https://goiaslibras.educacao.go.gov.br/api/media/ines/palavras/videos/alto4Sm_Prog001.mp4,GoiásLibras · base nacional
ALTURA,https://goiaslibras.educacao.go.gov.br/api/media/ines/palavras/videos/alturaSm_Prog001.mp4,GoiásLibras · base nacional
ALUGAR,https://goiaslibras.educacao.go.gov.br/api/media/ines/palavras/videos/alugarSm_Prog001.mp4,GoiásLibras · base nacional
ALUGUEL1,https://goiaslibras.educacao.go.gov.br/api/media/ines/palavras/videos/aluguelSm_Prog001.mp4,GoiásLibras · base nacional
ALUGUEL2,https://goiaslibras.educacao.go.gov.br/api/media/ines/palavras/videos/aluguel2Sm_Prog001.mp4,GoiásLibras · base nacional
ALUMÍNIO,https://goiaslibras.educacao.go.gov.br/api/media/ines/palavras/videos/aluminioSm_Prog001.mp4,GoiásLibras · base nacional
ALUNO,https://goiaslibras.educacao.go.gov.br/api/media/ines/palavras/videos/aluno2Sm_Prog001.mp4,GoiásLibras · base nacional
ALVO,https://goiaslibras.educacao.go.gov.br/api/media/ines/palavras/videos/alvoSm_Prog001.mp4,GoiásLibras · base nacional
ALÇAPÃO,https://goiaslibras.educacao.go.gov.br/api/media/ines/palavras/videos/alcapaoSm_Prog001.mp4,GoiásLibras · base nacional
ALÉM,https://goiaslibras.educacao.go.gov.br/api/media/ines/palavras/videos/alemSm_Prog001.mp4,GoiásLibras · base nacional
ALÍQUOTA,https://goiaslibras.educacao.go.gov.br/api/media/ines/palavras/videos/aliquotaSm_Prog001.mp4,GoiásLibras · base nacional
ALÍVIO,https://goiaslibras.educacao.go.gov.br/api/media/ines/palavras/videos/alivioSm_Prog001.mp4,GoiásLibras · base nacional
AMAMENTAR,https://goiaslibras.educacao.go.gov.br/api/media/ines/palavras/videos/amamentarSm_Prog001.mp4,GoiásLibras · base nacional
AMANHECER,https://goiaslibras.educacao.go.gov.br/api/media/ines/palavras/videos/amanhecerSm_Prog001.mp4,GoiásLibras · base nacional
AMANHÃ,https://goiaslibras.educacao.go.gov.br/api/media/ines/palavras/videos/amanhaSm_Prog001.mp4,GoiásLibras · base nacional
AMANSAR,https://goiaslibras.educacao.go.gov.br/api/media/ines/palavras/videos/amansarSm_Prog001.mp4,GoiásLibras · base nacional
AMANTE,https://goiaslibras.educacao.go.gov.br/api/media/ines/palavras/videos/amanteSm_Prog001.mp4,GoiásLibras · base nacional
AMAPÁ,https://dicionario.ines.gov.br/public/media/palavras/videos/amapa1Sm_Prog001.mp4,GoiásLibras · base nacional
AMAR,https://dicionario.ines.gov.br/public/media/palavras/videos/amar1Sm_Prog001.mp4,GoiásLibras · base nacional
AMARELINHA,https://goiaslibras.educacao.go.gov.br/api/media/ines/palavras/videos/amarelinhaSm_Prog001.mp4,GoiásLibras · base nacional
AMARELO,https://goiaslibras.educacao.go.gov.br/api/media/ines/palavras/videos/amareloSm_Prog001.mp4,GoiásLibras · base nacional
AMARGO,https://goiaslibras.educacao.go.gov.br/api/media/ines/palavras/videos/amargoSm_Prog001.mp4,GoiásLibras · base nacional
AMARRAR,https://goiaslibras.educacao.go.gov.br/api/media/ines/palavras/videos/amarrarSm_Prog001.mp4,GoiásLibras · base nacional
AMASSADO1,https://goiaslibras.educacao.go.gov.br/api/media/ines/palavras/videos/amassado1Sm_Prog001.mp4,GoiásLibras · base nacional
AMASSADO2,https://goiaslibras.educacao.go.gov.br/api/media/ines/palavras/videos/amassado2Sm_Prog001.mp4,GoiásLibras · base nacional
AMASSAR1,https://goiaslibras.educacao.go.gov.br/api/media/ines/palavras/videos/amassar1Sm_Prog001.mp4,GoiásLibras · base nacional
AMASSAR2,https://goiaslibras.educacao.go.gov.br/api/media/ines/palavras/videos/amassar2Sm_Prog001.mp4,GoiásLibras · base nacional
AMAZONA,https://goiaslibras.educacao.go.gov.br/api/media/ines/palavras/videos/amazonaSm_Prog001.mp4,GoiásLibras · base nacional
AMAZONAS,https://goiaslibras.educacao.go.gov.br/api/media/ines/palavras/videos/amazonasSm_Prog001.mp4,GoiásLibras · base nacional
AMBIDESTRO,https://goiaslibras.educacao.go.gov.br/api/media/ines/palavras/videos/ambidestroSm_Prog001.mp4,GoiásLibras · base nacional
AMBIÇÃO,https://goiaslibras.educacao.go.gov.br/api/media/ines/palavras/videos/ambicaoSm_Prog001.mp4,GoiásLibras · base nacional
AMBOS,https://goiaslibras.educacao.go.gov.br/api/media/ines/palavras/videos/ambosSm_Prog001.mp4,GoiásLibras · base nacional
AMBULÂNCIA,https://dicionario.ines.gov.br/public/media/palavras/videos/ambulânciaSm_Prog001.mp4,GoiásLibras · base nacional
AMEAÇAR1,https://goiaslibras.educacao.go.gov.br/api/media/ines/palavras/videos/ameacar1Sm_Prog001.mp4,GoiásLibras · base nacional
AMEAÇAR2,https://goiaslibras.educacao.go.gov.br/api/media/ines/palavras/videos/ameacar2Sm_Prog001.mp4,GoiásLibras · base nacional
AMENDOIM,https://goiaslibras.educacao.go.gov.br/api/media/ines/palavras/videos/amendoimSm_Prog001.mp4,GoiásLibras · base nacional
AMERICA DO NORTE,https://goiaslibras.educacao.go.gov.br/api/media/ines/palavras/videos/america_norteSm_Prog001.mp4,GoiásLibras · base nacional
AMERICA DO SUL,https://goiaslibras.educacao.go.gov.br/api/media/ines/palavras/videos/america_sulSm_Prog001.mp4,GoiásLibras · base nacional
AMERICANO,https://goiaslibras.educacao.go.gov.br/api/media/ines/palavras/videos/americanoSm_Prog001.mp4,GoiásLibras · base nacional
AMIGÁVEL,https://goiaslibras.educacao.go.gov.br/api/media/ines/palavras/videos/amigavelSm_Prog001.mp4,GoiásLibras · base nacional
AMIZADE,https://goiaslibras.educacao.go.gov.br/api/media/ines/palavras/videos/amizadeSm_Prog001.mp4,GoiásLibras · base nacional
AMOLAR1,https://goiaslibras.educacao.go.gov.br/api/media/ines/palavras/videos/amolar1Sm_Prog001.mp4,GoiásLibras · base nacional
AMOLAR2,https://goiaslibras.educacao.go.gov.br/api/media/ines/palavras/videos/amolar2Sm_Prog001.mp4,GoiásLibras · base nacional
AMONTOAR,https://goiaslibras.educacao.go.gov.br/api/media/ines/palavras/videos/amontoarSm_Prog001.mp4,GoiásLibras · base nacional
AMOR,https://goiaslibras.educacao.go.gov.br/api/media/ines/palavras/videos/amor1Sm_Prog001.mp4,GoiásLibras · base nacional
AMORA,https://goiaslibras.educacao.go.gov.br/api/media/ines/palavras/videos/amoraSm_Prog001.mp4,GoiásLibras · base nacional
AMORTECEDOR,https://goiaslibras.educacao.go.gov.br/api/media/ines/palavras/videos/amortecedorSm_Prog001.mp4,GoiásLibras · base nacional
AMPLIAR,https://goiaslibras.educacao.go.gov.br/api/media/ines/palavras/videos/ampliarSm_Prog001.mp4,GoiásLibras · base nacional
AMPLO,https://goiaslibras.educacao.go.gov.br/api/media/ines/palavras/videos/amploSm_Prog001.mp4,GoiásLibras · base nacional
AMPUTAR,https://goiaslibras.educacao.go.gov.br/api/media/ines/palavras/videos/amputarSm_Prog001.mp4,GoiásLibras · base nacional
AMÉM1,https://goiaslibras.educacao.go.gov.br/api/media/ines/palavras/videos/amem1Sm_Prog001.mp4,GoiásLibras · base nacional
AMÉM2,https://goiaslibras.educacao.go.gov.br/api/media/ines/palavras/videos/amem2Sm_Prog001.mp4,GoiásLibras · base nacional
AMÉRICA,https://goiaslibras.educacao.go.gov.br/api/media/ines/palavras/videos/americaSm_Prog001.mp4,GoiásLibras · base nacional
AMÉRICA CENTRAL,https://goiaslibras.educacao.go.gov.br/api/media/ines/palavras/videos/america_centralSm_Prog001.mp4,GoiásLibras · base nacional
ANALFABETO,https://goiaslibras.educacao.go.gov.br/api/media/ines/palavras/videos/analfabetoSm_Prog001.mp4,GoiásLibras · base nacional
ANALISAR,https://goiaslibras.educacao.go.gov.br/api/media/ines/palavras/videos/analisarSm_Prog001.mp4,GoiásLibras · base nacional
ANCESTRAIS,https://goiaslibras.educacao.go.gov.br/api/media/ines/palavras/videos/ancestraisSm_Prog001.mp4,GoiásLibras · base nacional
ANCIÃO,https://goiaslibras.educacao.go.gov.br/api/media/ines/palavras/videos/anciaoSm_Prog001.mp4,GoiásLibras · base nacional
ANCORAR,https://goiaslibras.educacao.go.gov.br/api/media/ines/palavras/videos/ancorarSm_Prog001.mp4,GoiásLibras · base nacional
ANDAIME,https://goiaslibras.educacao.go.gov.br/api/media/ines/palavras/videos/andaimeSm_Prog001.mp4,GoiásLibras · base nacional
ANDAR1,https://goiaslibras.educacao.go.gov.br/api/media/ines/palavras/videos/andar1Sm_Prog001.mp4,GoiásLibras · base nacional
ANDAR2,https://goiaslibras.educacao.go.gov.br/api/media/ines/palavras/videos/andar2Sm_Prog001.mp4,GoiásLibras · base nacional
ANDAR3,https://goiaslibras.educacao.go.gov.br/api/media/ines/palavras/videos/andar3Sm_Prog001.mp4,GoiásLibras · base nacional
ANDAR4,https://goiaslibras.educacao.go.gov.br/api/media/ines/palavras/videos/andar4Sm_Prog001.mp4,GoiásLibras · base nacional
ANDAR5,https://goiaslibras.educacao.go.gov.br/api/media/ines/palavras/videos/andar5Sm_Prog001.mp4,GoiásLibras · base nacional
ANDAR6,https://goiaslibras.educacao.go.gov.br/api/media/ines/palavras/videos/andar6Sm_Prog001.mp4,GoiásLibras · base nacional
ANDAR7,https://goiaslibras.educacao.go.gov.br/api/media/ines/palavras/videos/andar7Sm_Prog001.mp4,GoiásLibras · base nacional
ANEL,https://goiaslibras.educacao.go.gov.br/api/media/ines/palavras/videos/anelSm_Prog001.mp4,GoiásLibras · base nacional
ANGUSTIADO,https://goiaslibras.educacao.go.gov.br/api/media/ines/palavras/videos/angustiadoSm_Prog001.mp4,GoiásLibras · base nacional
ANGUSTIAR,https://goiaslibras.educacao.go.gov.br/api/media/ines/palavras/videos/angustiarSm_Prog001.mp4,GoiásLibras · base nacional
ANIMAL,https://goiaslibras.educacao.go.gov.br/api/media/ines/palavras/videos/animaisSm_Prog001.mp4,GoiásLibras · base nacional
ANIMAR,https://dicionario.ines.gov.br/public/media/palavras/videos/animarSm_Prog001.mp4,GoiásLibras · base nacional
ANIQUILAR,https://goiaslibras.educacao.go.gov.br/api/media/ines/palavras/videos/aniquilarSm_Prog001.mp4,GoiásLibras · base nacional
ANIVERSÁRIO1,https://goiaslibras.educacao.go.gov.br/api/media/ines/palavras/videos/aniversario1Sm_Prog001.mp4,GoiásLibras · base nacional
ANIVERSÁRIO2,https://goiaslibras.educacao.go.gov.br/api/media/ines/palavras/videos/aniversario2Sm_Prog001.mp4,GoiásLibras · base nacional
ANJO,https://goiaslibras.educacao.go.gov.br/api/media/ines/palavras/videos/anjoSm_Prog001.mp4,GoiásLibras · base nacional
ANO,https://goiaslibras.educacao.go.gov.br/api/media/ines/palavras/videos/anoSm_Prog001.mp4,GoiásLibras · base nacional
ANO NOVO1,https://goiaslibras.educacao.go.gov.br/api/media/ines/palavras/videos/ano_novo1Sm_Prog001.mp4,GoiásLibras · base nacional
ANO NOVO2,https://goiaslibras.educacao.go.gov.br/api/media/ines/palavras/videos/ano_novo2Sm_Prog001.mp4,GoiásLibras · base nacional
ANO NOVO3,https://goiaslibras.educacao.go.gov.br/api/media/ines/palavras/videos/ano_novo3Sm_Prog001.mp4,GoiásLibras · base nacional
ANO PASSADO,https://goiaslibras.educacao.go.gov.br/api/media/ines/palavras/videos/ano_passadoSm_Prog001.mp4,GoiásLibras · base nacional
ANO QUE VEM1,https://goiaslibras.educacao.go.gov.br/api/media/ines/palavras/videos/ano_que_vem1Sm_Prog001.mp4,GoiásLibras · base nacional
ANO QUE VEM2,https://goiaslibras.educacao.go.gov.br/api/media/ines/palavras/videos/ano_que_vem2Sm_Prog001.mp4,GoiásLibras · base nacional
ANO1,https://goiaslibras.educacao.go.gov.br/api/media/ines/palavras/videos/ano2Sm_Prog001.mp4,GoiásLibras · base nacional
ANO2,https://dicionario.ines.gov.br/public/media/palavras/videos/ano3Sm_Prog001.mp4,GoiásLibras · base nacional
ANOS,https://goiaslibras.educacao.go.gov.br/api/media/ines/palavras/videos/anosSm_Prog001.mp4,GoiásLibras · base nacional
ANOTAR1,https://goiaslibras.educacao.go.gov.br/api/media/ines/palavras/videos/anotar1Sm_Prog001.mp4,GoiásLibras · base nacional
ANOTAR2,https://goiaslibras.educacao.go.gov.br/api/media/ines/palavras/videos/anotar2Sm_Prog001.mp4,GoiásLibras · base nacional
ANOTAR3,https://goiaslibras.educacao.go.gov.br/api/media/ines/palavras/videos/anotar3Sm_Prog001.mp4,GoiásLibras · base nacional
ANSIEDADE,https://goiaslibras.educacao.go.gov.br/api/media/ines/palavras/videos/ansiedadeSm_Prog001.mp4,GoiásLibras · base nacional
ANSIOSO,https://dicionario.ines.gov.br/public/media/palavras/videos/ansiosoSm_Prog001.mp4,GoiásLibras · base nacional
ANTAGÔNICO,https://goiaslibras.educacao.go.gov.br/api/media/ines/palavras/videos/antagonicoSm_Prog001.mp4,GoiásLibras · base nacional
ANTEBRAÇO,https://goiaslibras.educacao.go.gov.br/api/media/ines/palavras/videos/antebracoSm_Prog001.mp4,GoiásLibras · base nacional
ANTECEDER,https://goiaslibras.educacao.go.gov.br/api/media/ines/palavras/videos/antecederSm_Prog001.mp4,GoiásLibras · base nacional
ANTECEDÊNCIA1,https://dicionario.ines.gov.br/public/media/palavras/videos/antecedenciaSm_Prog001.mp4,GoiásLibras · base nacional
ANTECEDÊNCIA2,https://goiaslibras.educacao.go.gov.br/api/media/ines/palavras/videos/antecedencia2Sm_Prog001.mp4,GoiásLibras · base nacional
ANTECIPAR1,https://dicionario.ines.gov.br/public/media/palavras/videos/antecipar1Sm_Prog001.mp4,GoiásLibras · base nacional
ANTECIPAR2,https://goiaslibras.educacao.go.gov.br/api/media/ines/palavras/videos/antecipar2Sm_Prog001.mp4,GoiásLibras · base nacional
ANTENA PARABÓLICA,https://goiaslibras.educacao.go.gov.br/api/media/ines/palavras/videos/antena_parabolicaSm_Prog001.mp4,GoiásLibras · base nacional
ANTENA1,https://goiaslibras.educacao.go.gov.br/api/media/ines/palavras/videos/antena1Sm_Prog001.mp4,GoiásLibras · base nacional
ANTENA2,https://goiaslibras.educacao.go.gov.br/api/media/ines/palavras/videos/antena2Sm_Prog001.mp4,GoiásLibras · base nacional
ANTENA3,https://goiaslibras.educacao.go.gov.br/api/media/ines/palavras/videos/antena3Sm_Prog001.mp4,GoiásLibras · base nacional
ANTEONTEM,https://goiaslibras.educacao.go.gov.br/api/media/ines/palavras/videos/anteontemSm_Prog001.mp4,GoiásLibras · base nacional
ANTEPASSADOS,https://goiaslibras.educacao.go.gov.br/api/media/ines/palavras/videos/antepassadosSm_Prog001.mp4,GoiásLibras · base nacional
ANTERIOR1,https://goiaslibras.educacao.go.gov.br/api/media/ines/palavras/videos/anterior1Sm_Prog001.mp4,GoiásLibras · base nacional
ANTERIOR2,https://goiaslibras.educacao.go.gov.br/api/media/ines/palavras/videos/anterior2Sm_Prog001.mp4,GoiásLibras · base nacional
ANTES1,https://goiaslibras.educacao.go.gov.br/api/media/ines/palavras/videos/antes1Sm_Prog001.mp4,GoiásLibras · base nacional
ANTES2,https://goiaslibras.educacao.go.gov.br/api/media/ines/palavras/videos/antes2Sm_Prog001.mp4,GoiásLibras · base nacional
ANTICONCEPCIONAL,https://goiaslibras.educacao.go.gov.br/api/media/ines/palavras/videos/anticoncepcionalSm_Prog001.mp4,GoiásLibras · base nacional
ANTIGO1,https://goiaslibras.educacao.go.gov.br/api/media/ines/palavras/videos/antigo1Sm_Prog001.mp4,GoiásLibras · base nacional
ANTIGO2,https://goiaslibras.educacao.go.gov.br/api/media/ines/palavras/videos/antigo2Sm_Prog001.mp4,GoiásLibras · base nacional
ANTILHAS,https://goiaslibras.educacao.go.gov.br/api/media/ines/palavras/videos/antilhasSm_Prog001.mp4,GoiásLibras · base nacional
ANTIPÁTICO,https://goiaslibras.educacao.go.gov.br/api/media/ines/palavras/videos/antipaticoSm_Prog001.mp4,GoiásLibras · base nacional
ANTÁRTICA,https://dicionario.ines.gov.br/public/media/palavras/videos/antartica1Sm_Prog001.mp4,GoiásLibras · base nacional
ANUAL,https://goiaslibras.educacao.go.gov.br/api/media/ines/palavras/videos/anualSm_Prog001.mp4,GoiásLibras · base nacional
ANULADO,https://goiaslibras.educacao.go.gov.br/api/media/ines/palavras/videos/anuladoSm_Prog001.mp4,GoiásLibras · base nacional
ANULAR1,https://goiaslibras.educacao.go.gov.br/api/media/ines/palavras/videos/anular1Sm_Prog001.mp4,GoiásLibras · base nacional
ANULAR2,https://goiaslibras.educacao.go.gov.br/api/media/ines/palavras/videos/anular2Sm_Prog001.mp4,GoiásLibras · base nacional
ANUNCIAR,https://goiaslibras.educacao.go.gov.br/api/media/ines/palavras/videos/anunciarSm_Prog001.mp4,GoiásLibras · base nacional
ANZOL,https://goiaslibras.educacao.go.gov.br/api/media/ines/palavras/videos/anzolSm_Prog001.mp4,GoiásLibras · base nacional
ANÚNCIO,https://goiaslibras.educacao.go.gov.br/api/media/ines/palavras/videos/anuncioSm_Prog001.mp4,GoiásLibras · base nacional
APAGADO,https://goiaslibras.educacao.go.gov.br/api/media/ines/palavras/videos/apagadoSm_Prog001.mp4,GoiásLibras · base nacional
APAGADOR,https://youtu.be/B6hPFA87Lh8,GoiásLibras · base nacional
APAGAR LUZ,https://goiaslibras.educacao.go.gov.br/api/media/ines/palavras/videos/apagar3Sm_Prog001.mp4,GoiásLibras · base nacional
APAGAR VELA,https://goiaslibras.educacao.go.gov.br/api/media/ines/palavras/videos/apagar1Sm_Prog001.mp4,GoiásLibras · base nacional
APAIXONADO,https://goiaslibras.educacao.go.gov.br/api/media/ines/palavras/videos/apaixonadoSm_Prog001.mp4,GoiásLibras · base nacional
APAIXONAR,https://goiaslibras.educacao.go.gov.br/api/media/ines/palavras/videos/apaixonarSm_Prog001.mp4,GoiásLibras · base nacional
APALPAR,https://goiaslibras.educacao.go.gov.br/api/media/ines/palavras/videos/apalparSm_Prog001.mp4,GoiásLibras · base nacional
APANHAR1,https://goiaslibras.educacao.go.gov.br/api/media/ines/palavras/videos/apanhar1Sm_Prog001.mp4,GoiásLibras · base nacional
APANHAR2,https://goiaslibras.educacao.go.gov.br/api/media/ines/palavras/videos/apanhar2Sm_Prog001.mp4,GoiásLibras · base nacional
APARAFUSAR,https://youtu.be/9c_6sXqaP-4,GoiásLibras · base nacional
APARECER1,https://dicionario.ines.gov.br/public/media/palavras/videos/aparecer2Sm_Prog001.mp4,GoiásLibras · base nacional
APARECER2,https://goiaslibras.educacao.go.gov.br/api/media/ines/palavras/videos/aparecer3Sm_Prog001.mp4,GoiásLibras · base nacional
APARELHO AUDITIVO,https://goiaslibras.educacao.go.gov.br/api/media/ines/palavras/videos/aparelho_auditivoSm_Prog001.mp4,GoiásLibras · base nacional
APARELHO DE SOM,https://dicionario.ines.gov.br/public/media/palavras/videos/aparelho_desomSm_Prog001.mp4,GoiásLibras · base nacional
APARENTEMENTE,https://dicionario.ines.gov.br/public/media/palavras/videos/aparentamenteSm_Prog001.mp4,GoiásLibras · base nacional
APARTAMENTO,https://goiaslibras.educacao.go.gov.br/api/media/ines/palavras/videos/apartamentoSm_Prog001.mp4,GoiásLibras · base nacional
APAVORADO,https://goiaslibras.educacao.go.gov.br/api/media/ines/palavras/videos/apavoradoSm_Prog001.mp4,GoiásLibras · base nacional
APAVORAR,https://goiaslibras.educacao.go.gov.br/api/media/ines/palavras/videos/apavorarSm_Prog001.mp4,GoiásLibras · base nacional
APEGAR,https://goiaslibras.educacao.go.gov.br/api/media/ines/palavras/videos/apegarSm_Prog001.mp4,GoiásLibras · base nacional
APELAR,https://goiaslibras.educacao.go.gov.br/api/media/ines/palavras/videos/apelarSm_Prog001.mp4,GoiásLibras · base nacional
APELIDAR1,https://goiaslibras.educacao.go.gov.br/api/media/ines/palavras/videos/apelidar1Sm_Prog001.mp4,GoiásLibras · base nacional
APELIDAR2,https://goiaslibras.educacao.go.gov.br/api/media/ines/palavras/videos/apelidar2Sm_Prog001.mp4,GoiásLibras · base nacional
APELIDO,https://goiaslibras.educacao.go.gov.br/api/media/ines/palavras/videos/apelidoSm_Prog001.mp4,GoiásLibras · base nacional
APENAS,https://goiaslibras.educacao.go.gov.br/api/media/ines/palavras/videos/apenasSm_Prog001.mp4,GoiásLibras · base nacional
APERFEIÇOAR1,https://goiaslibras.educacao.go.gov.br/api/media/ines/palavras/videos/aperfeicoar1Sm_Prog001.mp4,GoiásLibras · base nacional
APERFEIÇOAR2,https://goiaslibras.educacao.go.gov.br/api/media/ines/palavras/videos/aperfeicoar2Sm_Prog001.mp4,GoiásLibras · base nacional
APERTADO1,https://goiaslibras.educacao.go.gov.br/api/media/ines/palavras/videos/apertado1Sm_Prog001.mp4,GoiásLibras · base nacional
APERTADO2,https://goiaslibras.educacao.go.gov.br/api/media/ines/palavras/videos/apertado2Sm_Prog001.mp4,GoiásLibras · base nacional
APERTAR,https://goiaslibras.educacao.go.gov.br/api/media/ines/palavras/videos/apertarSm_Prog001.mp4,GoiásLibras · base nacional
APETITE1,https://goiaslibras.educacao.go.gov.br/api/media/ines/palavras/videos/apetite1Sm_Prog001.mp4,GoiásLibras · base nacional
APETITE2,https://goiaslibras.educacao.go.gov.br/api/media/ines/palavras/videos/apetite2Sm_Prog001.mp4,GoiásLibras · base nacional
APIMENTADO,https://goiaslibras.educacao.go.gov.br/api/media/ines/palavras/videos/apimentadoSm_Prog001.mp4,GoiásLibras · base nacional
APITAR,https://goiaslibras.educacao.go.gov.br/api/media/ines/palavras/videos/apitarSm_Prog001.mp4,GoiásLibras · base nacional
APITO,https://goiaslibras.educacao.go.gov.br/api/media/ines/palavras/videos/apitoSm_Prog001.mp4,GoiásLibras · base nacional
APLAUDIR1,https://goiaslibras.educacao.go.gov.br/api/media/ines/palavras/videos/aplaudir1Sm_Prog001.mp4,GoiásLibras · base nacional
APLAUDIR2,https://goiaslibras.educacao.go.gov.br/api/media/ines/palavras/videos/aplaudir2Sm_Prog001.mp4,GoiásLibras · base nacional
APLICAR1,https://goiaslibras.educacao.go.gov.br/api/media/ines/palavras/videos/aplicar1Sm_Prog001.mp4,GoiásLibras · base nacional
APLICAR2,https://goiaslibras.educacao.go.gov.br/api/media/ines/palavras/videos/aplicar2Sm_Prog001.mp4,GoiásLibras · base nacional
APODERAR,https://goiaslibras.educacao.go.gov.br/api/media/ines/palavras/videos/apoderarSm_Prog001.mp4,GoiásLibras · base nacional
APODRECER1,https://goiaslibras.educacao.go.gov.br/api/media/ines/palavras/videos/apodrecer1Sm_Prog001.mp4,GoiásLibras · base nacional
APODRECER2,https://goiaslibras.educacao.go.gov.br/api/media/ines/palavras/videos/apodrecer2Sm_Prog001.mp4,GoiásLibras · base nacional
APOGEU,https://goiaslibras.educacao.go.gov.br/api/media/ines/palavras/videos/apogeuSm_Prog001.mp4,GoiásLibras · base nacional
APOIAR1,https://goiaslibras.educacao.go.gov.br/api/media/ines/palavras/videos/apoiar1Sm_Prog001.mp4,GoiásLibras · base nacional
APOIAR2,https://goiaslibras.educacao.go.gov.br/api/media/ines/palavras/videos/apoiar2Sm_Prog001.mp4,GoiásLibras · base nacional
APONTADOR,https://youtu.be/s8x5qzMmEaw,GoiásLibras · base nacional
APONTAR1,https://goiaslibras.educacao.go.gov.br/api/media/ines/palavras/videos/apontar1Sm_Prog001.mp4,GoiásLibras · base nacional
APONTAR2,https://goiaslibras.educacao.go.gov.br/api/media/ines/palavras/videos/apontar2Sm_Prog001.mp4,GoiásLibras · base nacional
APOSENTADO,https://goiaslibras.educacao.go.gov.br/api/media/ines/palavras/videos/aposentadoSm_Prog001.mp4,GoiásLibras · base nacional
APOSENTADORIA,https://goiaslibras.educacao.go.gov.br/api/media/ines/palavras/videos/aposentadoriaSm_Prog001.mp4,GoiásLibras · base nacional
APOSENTAR,https://goiaslibras.educacao.go.gov.br/api/media/ines/palavras/videos/aposentarSm_Prog001.mp4,GoiásLibras · base nacional
APOSTAR,https://goiaslibras.educacao.go.gov.br/api/media/ines/palavras/videos/apostarSm_Prog001.mp4,GoiásLibras · base nacional
APRECIAR,https://goiaslibras.educacao.go.gov.br/api/media/ines/palavras/videos/apreciarSm_Prog001.mp4,GoiásLibras · base nacional
APREENDER,https://goiaslibras.educacao.go.gov.br/api/media/ines/palavras/videos/apreenderSm_Prog001.mp4,GoiásLibras · base nacional
APRESENTAR1,https://goiaslibras.educacao.go.gov.br/api/media/ines/palavras/videos/apresentar1Sm_Prog001.mp4,GoiásLibras · base nacional
APRESENTAR2,https://goiaslibras.educacao.go.gov.br/api/media/ines/palavras/videos/apresentar2Sm_Prog001.mp4,GoiásLibras · base nacional
APRESENTAR3,https://goiaslibras.educacao.go.gov.br/api/media/ines/palavras/videos/apresentar3Sm_Prog001.mp4,GoiásLibras · base nacional
APRESSAR1,https://goiaslibras.educacao.go.gov.br/api/media/ines/palavras/videos/apressar1Sm_Prog001.mp4,GoiásLibras · base nacional
APRESSAR2,https://goiaslibras.educacao.go.gov.br/api/media/ines/palavras/videos/apressar2Sm_Prog001.mp4,GoiásLibras · base nacional
APRISIONAR,https://goiaslibras.educacao.go.gov.br/api/media/ines/palavras/videos/aprisionarSm_Prog001.mp4,GoiásLibras · base nacional
APROFUNDAR,https://goiaslibras.educacao.go.gov.br/api/media/ines/palavras/videos/aprofundarSm_Prog001.mp4,GoiásLibras · base nacional
APROVADO1,https://goiaslibras.educacao.go.gov.br/api/media/ines/palavras/videos/aprovado1Sm_Prog001.mp4,GoiásLibras · base nacional
APROVADO2,https://goiaslibras.educacao.go.gov.br/api/media/ines/palavras/videos/aprovado2Sm_Prog001.mp4,GoiásLibras · base nacional
APROVADO3,https://goiaslibras.educacao.go.gov.br/api/media/ines/palavras/videos/aprovado3Sm_Prog001.mp4,GoiásLibras · base nacional
APROVAR,https://youtu.be/PPGE1NQKn1M,GoiásLibras · base nacional
APROVAR2,https://goiaslibras.educacao.go.gov.br/api/media/ines/palavras/videos/aprovar2Sm_Prog001.mp4,GoiásLibras · base nacional
APROVEITAR1,https://goiaslibras.educacao.go.gov.br/api/media/ines/palavras/videos/aproveitar1Sm_Prog001.mp4,GoiásLibras · base nacional
APROVEITAR2,https://goiaslibras.educacao.go.gov.br/api/media/ines/palavras/videos/aproveitar2Sm_Prog001.mp4,GoiásLibras · base nacional
APROXIMAR1,https://goiaslibras.educacao.go.gov.br/api/media/ines/palavras/videos/aproximar1Sm_Prog001.mp4,GoiásLibras · base nacional
APROXIMAR2,https://goiaslibras.educacao.go.gov.br/api/media/ines/palavras/videos/aproximar2Sm_Prog001.mp4,GoiásLibras · base nacional
APTO,https://goiaslibras.educacao.go.gov.br/api/media/ines/palavras/videos/aptoSm_Prog001.mp4,GoiásLibras · base nacional
APÓS,https://goiaslibras.educacao.go.gov.br/api/media/ines/palavras/videos/aposSm_Prog001.mp4,GoiásLibras · base nacional
APÓSTOLO,https://goiaslibras.educacao.go.gov.br/api/media/ines/palavras/videos/apostoloSm_Prog001.mp4,GoiásLibras · base nacional
AQUECEDOR,https://goiaslibras.educacao.go.gov.br/api/media/ines/palavras/videos/aquecedorSm_Prog001.mp4,GoiásLibras · base nacional
AQUECER,https://goiaslibras.educacao.go.gov.br/api/media/ines/palavras/videos/aquecerSm_Prog001.mp4,GoiásLibras · base nacional
AQUELE,https://goiaslibras.educacao.go.gov.br/api/media/ines/palavras/videos/aqueleSm_Prog001.mp4,GoiásLibras · base nacional
AQUI,https://goiaslibras.educacao.go.gov.br/api/media/ines/palavras/videos/aquiSm_Prog001.mp4,GoiásLibras · base nacional
AQUÁRIO1,https://goiaslibras.educacao.go.gov.br/api/media/ines/palavras/videos/aquario1Sm_Prog001.mp4,GoiásLibras · base nacional
AQUÁRIO2,https://goiaslibras.educacao.go.gov.br/api/media/ines/palavras/videos/aquario2Sm_Prog001.mp4,GoiásLibras · base nacional
AR,https://goiaslibras.educacao.go.gov.br/api/media/ines/palavras/videos/arSm_Prog001.mp4,GoiásLibras · base nacional
ARACAJÚ,https://goiaslibras.educacao.go.gov.br/api/media/ines/palavras/videos/aracajuSm_Prog001.mp4,GoiásLibras · base nacional
ARAME,https://goiaslibras.educacao.go.gov.br/api/media/ines/palavras/videos/arameSm_Prog001.mp4,GoiásLibras · base nacional
ARANHA,https://goiaslibras.educacao.go.gov.br/api/media/ines/palavras/videos/aranhaSm_Prog001.mp4,GoiásLibras · base nacional
ARAR,https://dicionario.ines.gov.br/public/media/palavras/videos/arar1Sm_Prog001.mp4,GoiásLibras · base nacional
ARARA,https://goiaslibras.educacao.go.gov.br/api/media/ines/palavras/videos/araraSm_Prog001.mp4,GoiásLibras · base nacional
ARBITRAR,https://goiaslibras.educacao.go.gov.br/api/media/ines/palavras/videos/arbitrarSm_Prog001.mp4,GoiásLibras · base nacional
ARBUSTO,https://goiaslibras.educacao.go.gov.br/api/media/ines/palavras/videos/arbustoSm_Prog001.mp4,GoiásLibras · base nacional
ARCO-ÍRIS,https://goiaslibras.educacao.go.gov.br/api/media/ines/palavras/videos/arco-irisSm_Prog001.mp4,GoiásLibras · base nacional
ARCO1,https://goiaslibras.educacao.go.gov.br/api/media/ines/palavras/videos/arco1Sm_Prog001.mp4,GoiásLibras · base nacional
ARCO2,https://goiaslibras.educacao.go.gov.br/api/media/ines/palavras/videos/arco2Sm_Prog001.mp4,GoiásLibras · base nacional
ARDER1,https://goiaslibras.educacao.go.gov.br/api/media/ines/palavras/videos/arder1Sm_Prog001.mp4,GoiásLibras · base nacional
ARDER2,https://goiaslibras.educacao.go.gov.br/api/media/ines/palavras/videos/arder2Sm_Prog001.mp4,GoiásLibras · base nacional
ARDER3,https://goiaslibras.educacao.go.gov.br/api/media/ines/palavras/videos/arder3Sm_Prog001.mp4,GoiásLibras · base nacional
AREIA,https://goiaslibras.educacao.go.gov.br/api/media/ines/palavras/videos/areiaSm_Prog001.mp4,GoiásLibras · base nacional
ARGENTINA,https://goiaslibras.educacao.go.gov.br/api/media/ines/palavras/videos/argentinaSm_Prog001.mp4,GoiásLibras · base nacional
ARGENTINO,https://goiaslibras.educacao.go.gov.br/api/media/ines/palavras/videos/argentinoSm_Prog001.mp4,GoiásLibras · base nacional
ARMA,https://goiaslibras.educacao.go.gov.br/api/media/ines/palavras/videos/armaSm_Prog001.mp4,GoiásLibras · base nacional
ARMÁRIO,https://goiaslibras.educacao.go.gov.br/api/media/ines/palavras/videos/armarioSm_Prog001.mp4,GoiásLibras · base nacional
AROMA,https://goiaslibras.educacao.go.gov.br/api/media/ines/palavras/videos/aromaSm_Prog001.mp4,GoiásLibras · base nacional
ARQUEIRO,https://goiaslibras.educacao.go.gov.br/api/media/ines/palavras/videos/arqueiroSm_Prog001.mp4,GoiásLibras · base nacional
ARQUEJAR,https://goiaslibras.educacao.go.gov.br/api/media/ines/palavras/videos/arquejarSm_Prog001.mp4,GoiásLibras · base nacional
ARQUITETO,https://goiaslibras.educacao.go.gov.br/api/media/ines/palavras/videos/arquitetoSm_Prog001.mp4,GoiásLibras · base nacional
ARQUITETURA,https://goiaslibras.educacao.go.gov.br/api/media/ines/palavras/videos/arquiteturaSm_Prog001.mp4,GoiásLibras · base nacional
ARQUIVAR,https://goiaslibras.educacao.go.gov.br/api/media/ines/palavras/videos/arquivarSm_Prog001.mp4,GoiásLibras · base nacional
ARQUIVO,https://goiaslibras.educacao.go.gov.br/api/media/ines/palavras/videos/arquivoSm_Prog001.mp4,GoiásLibras · base nacional
ARRAIA,https://goiaslibras.educacao.go.gov.br/api/media/ines/palavras/videos/arraiaSm_Prog001.mp4,GoiásLibras · base nacional
ARRANCAR,https://goiaslibras.educacao.go.gov.br/api/media/ines/palavras/videos/arrancarSm_Prog001.mp4,GoiásLibras · base nacional
ARRANHAR,https://goiaslibras.educacao.go.gov.br/api/media/ines/palavras/videos/arranharSm_Prog001.mp4,GoiásLibras · base nacional
ARRANJAR1,https://goiaslibras.educacao.go.gov.br/api/media/ines/palavras/videos/arranjar1Sm_Prog001.mp4,GoiásLibras · base nacional
ARRANJAR2,https://goiaslibras.educacao.go.gov.br/api/media/ines/palavras/videos/arranjar2Sm_Prog001.mp4,GoiásLibras · base nacional
ARRASTAR,https://goiaslibras.educacao.go.gov.br/api/media/ines/palavras/videos/arrastarSm_Prog001.mp4,GoiásLibras · base nacional
ARREBENTAR,https://goiaslibras.educacao.go.gov.br/api/media/ines/palavras/videos/arrebentarSm_Prog001.mp4,GoiásLibras · base nacional
ARREMATAR,https://goiaslibras.educacao.go.gov.br/api/media/ines/palavras/videos/arrematarSm_Prog001.mp4,GoiásLibras · base nacional
ARREMESSAR,https://goiaslibras.educacao.go.gov.br/api/media/ines/palavras/videos/arremessarSm_Prog001.mp4,GoiásLibras · base nacional
ARREPENDER,https://goiaslibras.educacao.go.gov.br/api/media/ines/palavras/videos/arrependerSm_Prog001.mp4,GoiásLibras · base nacional
ARREPENDIMENTO,https://goiaslibras.educacao.go.gov.br/api/media/ines/palavras/videos/arrependimentoSm_Prog001.mp4,GoiásLibras · base nacional
ARREPIAR,https://goiaslibras.educacao.go.gov.br/api/media/ines/palavras/videos/arrepiarSm_Prog001.mp4,GoiásLibras · base nacional
ARROGANTE,https://goiaslibras.educacao.go.gov.br/api/media/ines/palavras/videos/arroganteSm_Prog001.mp4,GoiásLibras · base nacional
ARROLAR,https://goiaslibras.educacao.go.gov.br/api/media/ines/palavras/videos/arrolarSm_Prog001.mp4,GoiásLibras · base nacional
ARROMBAR,https://goiaslibras.educacao.go.gov.br/api/media/ines/palavras/videos/arrombarSm_Prog001.mp4,GoiásLibras · base nacional
ARROTAR,https://goiaslibras.educacao.go.gov.br/api/media/ines/palavras/videos/arrotarSm_Prog001.mp4,GoiásLibras · base nacional
ARROZ,https://goiaslibras.educacao.go.gov.br/api/media/ines/palavras/videos/arrozSm_Prog001.mp4,GoiásLibras · base nacional
ARRUMADO,https://goiaslibras.educacao.go.gov.br/api/media/ines/palavras/videos/arrumadoSm_Prog001.mp4,GoiásLibras · base nacional
ARRUMAR1,https://goiaslibras.educacao.go.gov.br/api/media/ines/palavras/videos/arrumar1Sm_Prog001.mp4,GoiásLibras · base nacional
ARRUMAR2,https://goiaslibras.educacao.go.gov.br/api/media/ines/palavras/videos/arrumar2Sm_Prog001.mp4,GoiásLibras · base nacional
ARRUMAR3,https://goiaslibras.educacao.go.gov.br/api/media/ines/palavras/videos/arrumar3Sm_Prog001.mp4,GoiásLibras · base nacional
ARTICULAR,https://dicionario.ines.gov.br/public/media/palavras/videos/articular2Sm_Prog001.mp4,GoiásLibras · base nacional
ARVOREDO,https://goiaslibras.educacao.go.gov.br/api/media/ines/palavras/videos/arvoredoSm_Prog001.mp4,GoiásLibras · base nacional
ARÁBIA,https://goiaslibras.educacao.go.gov.br/api/media/ines/palavras/videos/arabiaSm_Prog001.mp4,GoiásLibras · base nacional
ASA1,https://goiaslibras.educacao.go.gov.br/api/media/ines/palavras/videos/asa1Sm_Prog001.mp4,GoiásLibras · base nacional
ASA2,https://goiaslibras.educacao.go.gov.br/api/media/ines/palavras/videos/asa2Sm_Prog001.mp4,GoiásLibras · base nacional
ASA3,https://goiaslibras.educacao.go.gov.br/api/media/ines/palavras/videos/asa3Sm_Prog001.mp4,GoiásLibras · base nacional
ASCENDER,https://goiaslibras.educacao.go.gov.br/api/media/ines/palavras/videos/ascenderSm_Prog001.mp4,GoiásLibras · base nacional
ASFALTO,https://goiaslibras.educacao.go.gov.br/api/media/ines/palavras/videos/asfaltoSm_Prog001.mp4,GoiásLibras · base nacional
ASFIXIAR,https://dicionario.ines.gov.br/public/media/palavras/videos/asfixiarSm_Prog001.mp4,GoiásLibras · base nacional
ASMA,https://goiaslibras.educacao.go.gov.br/api/media/ines/palavras/videos/asmaSm_Prog001.mp4,GoiásLibras · base nacional
ASPA,https://goiaslibras.educacao.go.gov.br/api/media/ines/palavras/videos/aspaSm_Prog001.mp4,GoiásLibras · base nacional
ASPEREZA,https://goiaslibras.educacao.go.gov.br/api/media/ines/palavras/videos/asperezaSm_Prog001.mp4,GoiásLibras · base nacional
ASPIRADOR DE PÓ,https://goiaslibras.educacao.go.gov.br/api/media/ines/palavras/videos/aspirador-de-poSm_Prog001.mp4,GoiásLibras · base nacional
ASPIRAR,https://goiaslibras.educacao.go.gov.br/api/media/ines/palavras/videos/aspirarSm_Prog001.mp4,GoiásLibras · base nacional
ASQUEROSO,https://goiaslibras.educacao.go.gov.br/api/media/ines/palavras/videos/asquerosoSm_Prog001.mp4,GoiásLibras · base nacional
ASSADO,https://goiaslibras.educacao.go.gov.br/api/media/ines/palavras/videos/assadoSm_Prog001.mp4,GoiásLibras · base nacional
ASSALTAR,https://goiaslibras.educacao.go.gov.br/api/media/ines/palavras/videos/assaltarSm_Prog001.mp4,GoiásLibras · base nacional
ASSAR1,https://goiaslibras.educacao.go.gov.br/api/media/ines/palavras/videos/assar1Sm_Prog001.mp4,GoiásLibras · base nacional
ASSAR2,https://goiaslibras.educacao.go.gov.br/api/media/ines/palavras/videos/assar2Sm_Prog001.mp4,GoiásLibras · base nacional
ASSASSINAR,https://goiaslibras.educacao.go.gov.br/api/media/ines/palavras/videos/assassinarSm_Prog001.mp4,GoiásLibras · base nacional
ASSEMBLÉIA DE DEUS,https://goiaslibras.educacao.go.gov.br/api/media/ines/palavras/videos/assembleiaSm_Prog001.mp4,GoiásLibras · base nacional
ASSEMBLÉIA GERAL,https://dicionario.ines.gov.br/public/media/palavras/videos/assembleia-geralSm_Prog001.mp4,GoiásLibras · base nacional
ASSIM,https://goiaslibras.educacao.go.gov.br/api/media/ines/palavras/videos/assimSm_Prog001.mp4,GoiásLibras · base nacional
ASSIMILAR,https://goiaslibras.educacao.go.gov.br/api/media/ines/palavras/videos/assimilarSm_Prog001.mp4,GoiásLibras · base nacional
ASSINAR,https://goiaslibras.educacao.go.gov.br/api/media/ines/palavras/videos/assinarSm_Prog001.mp4,GoiásLibras · base nacional
ASSINATURA,https://goiaslibras.educacao.go.gov.br/api/media/ines/palavras/videos/assinaturaSm_Prog001.mp4,GoiásLibras · base nacional
ASSISTENTE,https://goiaslibras.educacao.go.gov.br/api/media/ines/palavras/videos/assistenteSm_Prog001.mp4,GoiásLibras · base nacional
ASSISTENTE SOCIAL,https://dicionario.ines.gov.br/public/media/palavras/videos/assistente-socialSm_Prog001.mp4,GoiásLibras · base nacional
ASSISTIR1,https://goiaslibras.educacao.go.gov.br/api/media/ines/palavras/videos/assistirSm_Prog001.mp4,GoiásLibras · base nacional
ASSISTIR2,https://goiaslibras.educacao.go.gov.br/api/media/ines/palavras/videos/assistir2Sm_Prog001.mp4,GoiásLibras · base nacional
ASSISTIR3,https://goiaslibras.educacao.go.gov.br/api/media/ines/palavras/videos/assistir3Sm_Prog001.mp4,GoiásLibras · base nacional
ASSOALHO,https://goiaslibras.educacao.go.gov.br/api/media/ines/palavras/videos/assoalhoSm_Prog001.mp4,GoiásLibras · base nacional
ASSOAR,https://goiaslibras.educacao.go.gov.br/api/media/ines/palavras/videos/assoarSm_Prog001.mp4,GoiásLibras · base nacional
ASSOBIAR,https://goiaslibras.educacao.go.gov.br/api/media/ines/palavras/videos/assobiarSm_Prog001.mp4,GoiásLibras · base nacional
ASSOBIO,https://goiaslibras.educacao.go.gov.br/api/media/ines/palavras/videos/assobioSm_Prog001.mp4,GoiásLibras · base nacional
ASSOCIAR,https://goiaslibras.educacao.go.gov.br/api/media/ines/palavras/videos/associarSm_Prog001.mp4,GoiásLibras · base nacional
ASSOCIAÇÃO,https://goiaslibras.educacao.go.gov.br/api/media/ines/palavras/videos/associacaoSm_Prog001.mp4,GoiásLibras · base nacional
ASSOMBRAÇÃO,https://goiaslibras.educacao.go.gov.br/api/media/ines/palavras/videos/assombracaoSm_Prog001.mp4,GoiásLibras · base nacional
ASSUMIR1,https://goiaslibras.educacao.go.gov.br/api/media/ines/palavras/videos/assumir1Sm_Prog001.mp4,GoiásLibras · base nacional
ASSUMIR2,https://goiaslibras.educacao.go.gov.br/api/media/ines/palavras/videos/assumir2Sm_Prog001.mp4,GoiásLibras · base nacional
ASSUMIR3,https://goiaslibras.educacao.go.gov.br/api/media/ines/palavras/videos/assumir3Sm_Prog001.mp4,GoiásLibras · base nacional
ASSUNTO,https://goiaslibras.educacao.go.gov.br/api/media/ines/palavras/videos/assuntoSm_Prog001.mp4,GoiásLibras · base nacional
ASSUSTAR,https://goiaslibras.educacao.go.gov.br/api/media/ines/palavras/videos/assustarSm_Prog001.mp4,GoiásLibras · base nacional
ASTRONOMIA,https://goiaslibras.educacao.go.gov.br/api/media/ines/palavras/videos/astronomiaSm_Prog001.mp4,GoiásLibras · base nacional
ASTUTO,https://goiaslibras.educacao.go.gov.br/api/media/ines/palavras/videos/astutoSm_Prog001.mp4,GoiásLibras · base nacional
ATACAR1,https://goiaslibras.educacao.go.gov.br/api/media/ines/palavras/videos/atacar1Sm_Prog001.mp4,GoiásLibras · base nacional
ATACAR2,https://goiaslibras.educacao.go.gov.br/api/media/ines/palavras/videos/atacar2Sm_Prog001.mp4,GoiásLibras · base nacional
ATACAR3,https://goiaslibras.educacao.go.gov.br/api/media/ines/palavras/videos/atacar3Sm_Prog001.mp4,GoiásLibras · base nacional
ATALHO,https://goiaslibras.educacao.go.gov.br/api/media/ines/palavras/videos/atalhoSm_Prog001.mp4,GoiásLibras · base nacional
ATARRAXAR,https://goiaslibras.educacao.go.gov.br/api/media/ines/palavras/videos/atarraxarSm_Prog001.mp4,GoiásLibras · base nacional
ATEAR,https://goiaslibras.educacao.go.gov.br/api/media/ines/palavras/videos/atearSm_Prog001.mp4,GoiásLibras · base nacional
ATENÇÃO1,https://goiaslibras.educacao.go.gov.br/api/media/ines/palavras/videos/atencao1Sm_Prog001.mp4,GoiásLibras · base nacional
ATENÇÃO2,https://goiaslibras.educacao.go.gov.br/api/media/ines/palavras/videos/atencao2Sm_Prog001.mp4,GoiásLibras · base nacional
ATENÇÃO3,https://goiaslibras.educacao.go.gov.br/api/media/ines/palavras/videos/atencao3Sm_Prog001.mp4,GoiásLibras · base nacional
ATESTADO,https://goiaslibras.educacao.go.gov.br/api/media/ines/palavras/videos/atestadoSm_Prog001.mp4,GoiásLibras · base nacional
ATESTAR,https://goiaslibras.educacao.go.gov.br/api/media/ines/palavras/videos/atestarSm_Prog001.mp4,GoiásLibras · base nacional
ATEU,https://goiaslibras.educacao.go.gov.br/api/media/ines/palavras/videos/ateuSm_Prog001.mp4,GoiásLibras · base nacional
ATINGIR,https://goiaslibras.educacao.go.gov.br/api/media/ines/palavras/videos/atingirSm_Prog001.mp4,GoiásLibras · base nacional
ATIRAR1,https://goiaslibras.educacao.go.gov.br/api/media/ines/palavras/videos/atirar1Sm_Prog001.mp4,GoiásLibras · base nacional
ATIRAR2,https://goiaslibras.educacao.go.gov.br/api/media/ines/palavras/videos/atirar2Sm_Prog001.mp4,GoiásLibras · base nacional
ATIVIDADE (ESCOLAR),https://youtu.be/FBZfNAM18us,GoiásLibras · base nacional
ATLETISMO,https://goiaslibras.educacao.go.gov.br/api/media/ines/palavras/videos/atletismoSm_Prog001.mp4,GoiásLibras · base nacional
ATOR,https://goiaslibras.educacao.go.gov.br/api/media/ines/palavras/videos/atorSm_Prog001.mp4,GoiásLibras · base nacional
ATRAIR,https://goiaslibras.educacao.go.gov.br/api/media/ines/palavras/videos/atrairSm_Prog001.mp4,GoiásLibras · base nacional
ATRAPALHAR1,https://goiaslibras.educacao.go.gov.br/api/media/ines/palavras/videos/atrapalhar1Sm_Prog001.mp4,GoiásLibras · base nacional
ATRAPALHAR2,https://goiaslibras.educacao.go.gov.br/api/media/ines/palavras/videos/atrapalhar2Sm_Prog001.mp4,GoiásLibras · base nacional
ATRASAR,https://goiaslibras.educacao.go.gov.br/api/media/ines/palavras/videos/atrasarSm_Prog001.mp4,GoiásLibras · base nacional
ATRAVESSAR,https://goiaslibras.educacao.go.gov.br/api/media/ines/palavras/videos/atravessarSm_Prog001.mp4,GoiásLibras · base nacional
ATRAÇÃO,https://goiaslibras.educacao.go.gov.br/api/media/ines/palavras/videos/atracaoSm_Prog001.mp4,GoiásLibras · base nacional
ATRIZ,https://goiaslibras.educacao.go.gov.br/api/media/ines/palavras/videos/atrizSm_Prog001.mp4,GoiásLibras · base nacional
ATROPELAR,https://goiaslibras.educacao.go.gov.br/api/media/ines/palavras/videos/atropelarSm_Prog001.mp4,GoiásLibras · base nacional
ATRÁS1,https://goiaslibras.educacao.go.gov.br/api/media/ines/palavras/videos/atras1Sm_Prog001.mp4,GoiásLibras · base nacional
ATRÁS2,https://goiaslibras.educacao.go.gov.br/api/media/ines/palavras/videos/atras2Sm_Prog001.mp4,GoiásLibras · base nacional
ATUAL,https://goiaslibras.educacao.go.gov.br/api/media/ines/palavras/videos/atualSm_Prog001.mp4,GoiásLibras · base nacional
ATUAR,https://goiaslibras.educacao.go.gov.br/api/media/ines/palavras/videos/atuarSm_Prog001.mp4,GoiásLibras · base nacional
ATÉ,https://goiaslibras.educacao.go.gov.br/api/media/ines/palavras/videos/ateSm_Prog001.mp4,GoiásLibras · base nacional
ATÉ LOGO,https://goiaslibras.educacao.go.gov.br/api/media/ines/palavras/videos/ate logoSm_Prog001.mp4,GoiásLibras · base nacional
ATÔNITO,https://goiaslibras.educacao.go.gov.br/api/media/ines/palavras/videos/atonitoSm_Prog001.mp4,GoiásLibras · base nacional
AUDIOMETRIA,https://goiaslibras.educacao.go.gov.br/api/media/ines/palavras/videos/audiometriaSm_Prog001.mp4,GoiásLibras · base nacional
AUDITÓRIO,https://goiaslibras.educacao.go.gov.br/api/media/ines/palavras/videos/auditorioSm_Prog001.mp4,GoiásLibras · base nacional
AUDIÇÃO1,https://goiaslibras.educacao.go.gov.br/api/media/ines/palavras/videos/audicao1Sm_Prog001.mp4,GoiásLibras · base nacional
AUDIÇÃO2,https://dicionario.ines.gov.br/public/media/palavras/videos/audicaoSm_Prog001.mp4,GoiásLibras · base nacional
AULA,https://youtu.be/Swc5VGIhbFc,GoiásLibras · base nacional
AUMENTAR1,https://goiaslibras.educacao.go.gov.br/api/media/ines/palavras/videos/aumentar1Sm_Prog001.mp4,GoiásLibras · base nacional
AUMENTAR2,https://goiaslibras.educacao.go.gov.br/api/media/ines/palavras/videos/aumentar2Sm_Prog001.mp4,GoiásLibras · base nacional
AUMENTAR3,https://goiaslibras.educacao.go.gov.br/api/media/ines/palavras/videos/aumentar3Sm_Prog001.mp4,GoiásLibras · base nacional
AUMENTAR4,https://goiaslibras.educacao.go.gov.br/api/media/ines/palavras/videos/aumentar5Sm_Prog001.mp4,GoiásLibras · base nacional
AUSTRALIANO,https://goiaslibras.educacao.go.gov.br/api/media/ines/palavras/videos/australianoSm_Prog001.mp4,GoiásLibras · base nacional
AUSTRÁLIA,https://goiaslibras.educacao.go.gov.br/api/media/ines/palavras/videos/australiaSm_Prog001.mp4,GoiásLibras · base nacional
AUSTRÍACO,https://goiaslibras.educacao.go.gov.br/api/media/ines/palavras/videos/austriacoSm_Prog001.mp4,GoiásLibras · base nacional
AUTENTICAR,https://goiaslibras.educacao.go.gov.br/api/media/ines/palavras/videos/autenticarSm_Prog001.mp4,GoiásLibras · base nacional
AUTOMOBILISMO,https://goiaslibras.educacao.go.gov.br/api/media/ines/palavras/videos/automobilismoSm_Prog001.mp4,GoiásLibras · base nacional
AUTOMÁTICO1,https://goiaslibras.educacao.go.gov.br/api/media/ines/palavras/videos/automatico1Sm_Prog001.mp4,GoiásLibras · base nacional
AUTOMÁTICO2,https://goiaslibras.educacao.go.gov.br/api/media/ines/palavras/videos/automatico2Sm_Prog001.mp4,GoiásLibras · base nacional
AUTOMÓVEL,https://goiaslibras.educacao.go.gov.br/api/media/ines/palavras/videos/automovelSm_Prog001.mp4,GoiásLibras · base nacional
AUTOR,https://goiaslibras.educacao.go.gov.br/api/media/ines/palavras/videos/autorSm_Prog001.mp4,GoiásLibras · base nacional
AUTORIDADE,https://goiaslibras.educacao.go.gov.br/api/media/ines/palavras/videos/autoridadeSm_Prog001.mp4,GoiásLibras · base nacional
AUTORIZAR,https://goiaslibras.educacao.go.gov.br/api/media/ines/palavras/videos/autorizarSm_Prog001.mp4,GoiásLibras · base nacional
AUTÔNOMO,https://dicionario.ines.gov.br/public/media/palavras/videos/autonomo2Sm_Prog001.mp4,GoiásLibras · base nacional
AUXILIAR,https://goiaslibras.educacao.go.gov.br/api/media/ines/palavras/videos/auxiliarSm_Prog001.mp4,GoiásLibras · base nacional
AUXÍLIO,https://goiaslibras.educacao.go.gov.br/api/media/ines/palavras/videos/auxilioSm_Prog001.mp4,GoiásLibras · base nacional
AVALIAR1,https://goiaslibras.educacao.go.gov.br/api/media/ines/palavras/videos/avaliar1Sm_Prog001.mp4,GoiásLibras · base nacional
AVALIAR2,https://goiaslibras.educacao.go.gov.br/api/media/ines/palavras/videos/avaliar2Sm_Prog001.mp4,GoiásLibras · base nacional
AVALIAÇÃO,https://youtu.be/cfaqD6ynLAw,GoiásLibras · base nacional
AVANÇADA1,https://goiaslibras.educacao.go.gov.br/api/media/ines/palavras/videos/avancada1Sm_Prog001.mp4,GoiásLibras · base nacional
AVANÇADA2,https://goiaslibras.educacao.go.gov.br/api/media/ines/palavras/videos/avancada2Sm_Prog001.mp4,GoiásLibras · base nacional
AVANÇAR1,https://goiaslibras.educacao.go.gov.br/api/media/ines/palavras/videos/avancar1Sm_Prog001.mp4,GoiásLibras · base nacional
AVANÇAR2,https://goiaslibras.educacao.go.gov.br/api/media/ines/palavras/videos/avancar2Sm_Prog001.mp4,GoiásLibras · base nacional
AVARENTO,https://goiaslibras.educacao.go.gov.br/api/media/ines/palavras/videos/avarentoSm_Prog001.mp4,GoiásLibras · base nacional
AVAREZA,https://goiaslibras.educacao.go.gov.br/api/media/ines/palavras/videos/avarezaSm_Prog001.mp4,GoiásLibras · base nacional
AVE,https://goiaslibras.educacao.go.gov.br/api/media/ines/palavras/videos/aveSm_Prog001.mp4,GoiásLibras · base nacional
AVENIDA,https://goiaslibras.educacao.go.gov.br/api/media/ines/palavras/videos/avenidaSm_Prog001.mp4,GoiásLibras · base nacional
AVENTAL,https://goiaslibras.educacao.go.gov.br/api/media/ines/palavras/videos/aventalSm_Prog001.mp4,GoiásLibras · base nacional
AVERSÃO,https://goiaslibras.educacao.go.gov.br/api/media/ines/palavras/videos/aversaoSm_Prog001.mp4,GoiásLibras · base nacional
AVESTRUZ,https://goiaslibras.educacao.go.gov.br/api/media/ines/palavras/videos/avestruzSm_Prog001.mp4,GoiásLibras · base nacional
AVISAR,https://goiaslibras.educacao.go.gov.br/api/media/ines/palavras/videos/avisarSm_Prog001.mp4,GoiásLibras · base nacional
AVIÃO1,https://goiaslibras.educacao.go.gov.br/api/media/ines/palavras/videos/aviao1Sm_Prog001.mp4,GoiásLibras · base nacional
AVIÃO2,https://goiaslibras.educacao.go.gov.br/api/media/ines/palavras/videos/aviao2Sm_Prog001.mp4,GoiásLibras · base nacional
AVIÃO3,https://goiaslibras.educacao.go.gov.br/api/media/ines/palavras/videos/aviao3Sm_Prog001.mp4,GoiásLibras · base nacional
AVÔ/AVÓ1,https://dicionario.ines.gov.br/public/media/palavras/videos/avo.avoSm_Prog001.mp4,GoiásLibras · base nacional
AVÔ/AVÓ2,https://dicionario.ines.gov.br/public/media/palavras/videos/avo.avo2Sm_Prog001.mp4,GoiásLibras · base nacional
AXILA,https://goiaslibras.educacao.go.gov.br/api/media/ines/palavras/videos/axilaSm_Prog001.mp4,GoiásLibras · base nacional
AZAR,https://goiaslibras.educacao.go.gov.br/api/media/ines/palavras/videos/azarSm_Prog001.mp4,GoiásLibras · base nacional
AZEDO,https://goiaslibras.educacao.go.gov.br/api/media/ines/palavras/videos/azedoSm_Prog001.mp4,GoiásLibras · base nacional
AZEITE,https://goiaslibras.educacao.go.gov.br/api/media/ines/palavras/videos/azeiteSm_Prog001.mp4,GoiásLibras · base nacional
AZEITONA,https://goiaslibras.educacao.go.gov.br/api/media/ines/palavras/videos/azeitonaSm_Prog001.mp4,GoiásLibras · base nacional
AZUL,https://goiaslibras.educacao.go.gov.br/api/media/ines/palavras/videos/azulSm_Prog001.mp4,GoiásLibras · base nacional
AÇAÍ,https://goiaslibras.educacao.go.gov.br/api/media/ines/palavras/videos/acaiSm_Prog001.mp4,GoiásLibras · base nacional
AÇO,https://dicionario.ines.gov.br/public/media/palavras/videos/aco2Sm_Prog001.mp4,GoiásLibras · base nacional
AÇOITAR,https://goiaslibras.educacao.go.gov.br/api/media/ines/palavras/videos/acoitarSm_Prog001.mp4,GoiásLibras · base nacional
AÇOITE,https://goiaslibras.educacao.go.gov.br/api/media/ines/palavras/videos/acoiteSm_Prog001.mp4,GoiásLibras · base nacional
AÇOUGUE,https://goiaslibras.educacao.go.gov.br/api/media/ines/palavras/videos/acougueSm_Prog001.mp4,GoiásLibras · base nacional
AÇÚCAR,https://goiaslibras.educacao.go.gov.br/api/media/ines/palavras/videos/acucarSm_Prog001.mp4,GoiásLibras · base nacional
B,https://goiaslibras.educacao.go.gov.br/api/media/ines/palavras/videos/bSm_Prog001.mp4,GoiásLibras · base nacional
BABA,https://dicionario.ines.gov.br/public/media/palavras/videos/baba1Sm_Prog001.mp4,GoiásLibras · base nacional
BABADO,https://goiaslibras.educacao.go.gov.br/api/media/ines/palavras/videos/babadoSm_Prog001.mp4,GoiásLibras · base nacional
BABADOR,https://goiaslibras.educacao.go.gov.br/api/media/ines/palavras/videos/babadorSm_Prog001.mp4,GoiásLibras · base nacional
BABAR,https://goiaslibras.educacao.go.gov.br/api/media/ines/palavras/videos/babarSm_Prog001.mp4,GoiásLibras · base nacional
BABÁ1,https://goiaslibras.educacao.go.gov.br/api/media/ines/palavras/videos/baba01Sm_Prog001.mp4,GoiásLibras · base nacional
BABÁ2,https://goiaslibras.educacao.go.gov.br/api/media/ines/palavras/videos/baba2Sm_Prog001.mp4,GoiásLibras · base nacional
BACALHAU1,https://dicionario.ines.gov.br/public/media/palavras/videos/bacalhauSm_Prog001.mp4,GoiásLibras · base nacional
BACALHAU2,https://goiaslibras.educacao.go.gov.br/api/media/ines/palavras/videos/bacalhau2Sm_Prog001.mp4,GoiásLibras · base nacional
BACIA,https://goiaslibras.educacao.go.gov.br/api/media/ines/palavras/videos/baciaSm_Prog001.mp4,GoiásLibras · base nacional
BACURI,https://goiaslibras.educacao.go.gov.br/api/media/ines/palavras/videos/bacuriSm_Prog001.mp4,GoiásLibras · base nacional
BADALADA,https://goiaslibras.educacao.go.gov.br/api/media/ines/palavras/videos/badaladaSm_Prog001.mp4,GoiásLibras · base nacional
BAGAGEM,https://goiaslibras.educacao.go.gov.br/api/media/ines/palavras/videos/bagagemSm_Prog001.mp4,GoiásLibras · base nacional
BAGUNÇAR,https://goiaslibras.educacao.go.gov.br/api/media/ines/palavras/videos/baguncarSm_Prog001.mp4,GoiásLibras · base nacional
BAHIA,https://goiaslibras.educacao.go.gov.br/api/media/ines/palavras/videos/bahiaSm_Prog001.mp4,GoiásLibras · base nacional
BAILARINO,https://goiaslibras.educacao.go.gov.br/api/media/ines/palavras/videos/bailarinoSm_Prog001.mp4,GoiásLibras · base nacional
BAILE,https://goiaslibras.educacao.go.gov.br/api/media/ines/palavras/videos/baileSm_Prog001.mp4,GoiásLibras · base nacional
BAINHA,https://goiaslibras.educacao.go.gov.br/api/media/ines/palavras/videos/bainhaSm_Prog001.mp4,GoiásLibras · base nacional
BAIRRO,https://goiaslibras.educacao.go.gov.br/api/media/ines/palavras/videos/bairroSm_Prog001.mp4,GoiásLibras · base nacional
BAIXAR,https://goiaslibras.educacao.go.gov.br/api/media/ines/palavras/videos/baixarSm_Prog001.mp4,GoiásLibras · base nacional
BAIXO,https://goiaslibras.educacao.go.gov.br/api/media/ines/palavras/videos/baixoSm_Prog001.mp4,GoiásLibras · base nacional
BAJULAR,https://goiaslibras.educacao.go.gov.br/api/media/ines/palavras/videos/bajularSm_Prog001.mp4,GoiásLibras · base nacional
BALA1,https://goiaslibras.educacao.go.gov.br/api/media/ines/palavras/videos/bala1Sm_Prog001.mp4,GoiásLibras · base nacional
BALA2,https://goiaslibras.educacao.go.gov.br/api/media/ines/palavras/videos/bala2Sm_Prog001.mp4,GoiásLibras · base nacional
BALANÇA,https://goiaslibras.educacao.go.gov.br/api/media/ines/palavras/videos/balancaSm_Prog001.mp4,GoiásLibras · base nacional
BALANÇAR1,https://goiaslibras.educacao.go.gov.br/api/media/ines/palavras/videos/balancar1Sm_Prog001.mp4,GoiásLibras · base nacional
BALANÇAR2,https://goiaslibras.educacao.go.gov.br/api/media/ines/palavras/videos/balancar2Sm_Prog001.mp4,GoiásLibras · base nacional
BALANÇAR3,https://goiaslibras.educacao.go.gov.br/api/media/ines/palavras/videos/balancar3Sm_Prog001.mp4,GoiásLibras · base nacional
BALANÇO1,https://goiaslibras.educacao.go.gov.br/api/media/ines/palavras/videos/balanco1Sm_Prog001.mp4,GoiásLibras · base nacional
BALANÇO2,https://goiaslibras.educacao.go.gov.br/api/media/ines/palavras/videos/balanco2Sm_Prog001.mp4,GoiásLibras · base nacional
BALBUCIAR1,https://goiaslibras.educacao.go.gov.br/api/media/ines/palavras/videos/balbuciar1Sm_Prog001.mp4,GoiásLibras · base nacional
BALBUCIAR2,https://goiaslibras.educacao.go.gov.br/api/media/ines/palavras/videos/balbuciar2Sm_Prog001.mp4,GoiásLibras · base nacional
BALDE,https://goiaslibras.educacao.go.gov.br/api/media/ines/palavras/videos/baldeSm_Prog001.mp4,GoiásLibras · base nacional
BALDEAÇÃO,https://goiaslibras.educacao.go.gov.br/api/media/ines/palavras/videos/baldeacaoSm_Prog001.mp4,GoiásLibras · base nacional
BALEIA,https://goiaslibras.educacao.go.gov.br/api/media/ines/palavras/videos/baleiaSm_Prog001.mp4,GoiásLibras · base nacional
BALSA,https://goiaslibras.educacao.go.gov.br/api/media/ines/palavras/videos/balsaSm_Prog001.mp4,GoiásLibras · base nacional
BALÃO1,https://goiaslibras.educacao.go.gov.br/api/media/ines/palavras/videos/balao1Sm_Prog001.mp4,GoiásLibras · base nacional
BALÃO2,https://goiaslibras.educacao.go.gov.br/api/media/ines/palavras/videos/balao2Sm_Prog001.mp4,GoiásLibras · base nacional
BALÃO3,https://goiaslibras.educacao.go.gov.br/api/media/ines/palavras/videos/balao3Sm_Prog001.mp4,GoiásLibras · base nacional
BALÉ,https://goiaslibras.educacao.go.gov.br/api/media/ines/palavras/videos/baleSm_Prog001.mp4,GoiásLibras · base nacional
BAMBOLEAR,https://dicionario.ines.gov.br/public/media/palavras/videos/bambolearSm_Prog001.mp4,GoiásLibras · base nacional
BAMBOLÊ,https://goiaslibras.educacao.go.gov.br/api/media/ines/palavras/videos/bamboleSm_Prog001.mp4,GoiásLibras · base nacional
BAMBU,https://goiaslibras.educacao.go.gov.br/api/media/ines/palavras/videos/bambuSm_Prog001.mp4,GoiásLibras · base nacional
BANANA,https://goiaslibras.educacao.go.gov.br/api/media/ines/palavras/videos/bananaSm_Prog001.mp4,GoiásLibras · base nacional
BANCA DE JORNAL,https://goiaslibras.educacao.go.gov.br/api/media/ines/palavras/videos/banca_de_jornalSm_Prog001.mp4,GoiásLibras · base nacional
BANCO1,https://goiaslibras.educacao.go.gov.br/api/media/ines/palavras/videos/banco1Sm_Prog001.mp4,GoiásLibras · base nacional
BANCO2,https://goiaslibras.educacao.go.gov.br/api/media/ines/palavras/videos/banco2Sm_Prog001.mp4,GoiásLibras · base nacional
BANCO3,https://goiaslibras.educacao.go.gov.br/api/media/ines/palavras/videos/banco3Sm_Prog001.mp4,GoiásLibras · base nacional
BANDA,https://goiaslibras.educacao.go.gov.br/api/media/ines/palavras/videos/bandaSm_Prog001.mp4,GoiásLibras · base nacional
BANDAID,https://goiaslibras.educacao.go.gov.br/api/media/ines/palavras/videos/bandaidSm_Prog001.mp4,GoiásLibras · base nacional
BANDEIRA,https://goiaslibras.educacao.go.gov.br/api/media/ines/palavras/videos/bandeiraSm_Prog001.mp4,GoiásLibras · base nacional
BANDEIRANTE,https://goiaslibras.educacao.go.gov.br/api/media/ines/palavras/videos/bandeiranteSm_Prog001.mp4,GoiásLibras · base nacional
BANDEIRINHA,https://goiaslibras.educacao.go.gov.br/api/media/ines/palavras/videos/bandeirinhaSm_Prog001.mp4,GoiásLibras · base nacional
BANDEJA,https://goiaslibras.educacao.go.gov.br/api/media/ines/palavras/videos/bandejaSm_Prog001.mp4,GoiásLibras · base nacional
BANDIDO,https://goiaslibras.educacao.go.gov.br/api/media/ines/palavras/videos/bandidoSm_Prog001.mp4,GoiásLibras · base nacional
BANGUE-BANGUE,https://goiaslibras.educacao.go.gov.br/api/media/ines/palavras/videos/bangue-bangueSm_Prog001.mp4,GoiásLibras · base nacional
BANGUELA,https://goiaslibras.educacao.go.gov.br/api/media/ines/palavras/videos/banguelaSm_Prog001.mp4,GoiásLibras · base nacional
BANHAR,https://goiaslibras.educacao.go.gov.br/api/media/ines/palavras/videos/banharSm_Prog001.mp4,GoiásLibras · base nacional
BANHEIRA,https://goiaslibras.educacao.go.gov.br/api/media/ines/palavras/videos/banheiraSm_Prog001.mp4,GoiásLibras · base nacional
BANHEIRO,https://youtu.be/FoForHGoMUY,GoiásLibras · base nacional
BANHO,https://goiaslibras.educacao.go.gov.br/api/media/ines/palavras/videos/banhoSm_Prog001.mp4,GoiásLibras · base nacional
BANIR,https://goiaslibras.educacao.go.gov.br/api/media/ines/palavras/videos/banirSm_Prog001.mp4,GoiásLibras · base nacional
BANQUETE,https://goiaslibras.educacao.go.gov.br/api/media/ines/palavras/videos/banqueteSm_Prog001.mp4,GoiásLibras · base nacional
BAR,https://goiaslibras.educacao.go.gov.br/api/media/ines/palavras/videos/barSm_Prog001.mp4,GoiásLibras · base nacional
BARALHO,https://goiaslibras.educacao.go.gov.br/api/media/ines/palavras/videos/baralhoSm_Prog001.mp4,GoiásLibras · base nacional
BARATA,https://goiaslibras.educacao.go.gov.br/api/media/ines/palavras/videos/barataSm_Prog001.mp4,GoiásLibras · base nacional
BARATO1,https://goiaslibras.educacao.go.gov.br/api/media/ines/palavras/videos/barato1Sm_Prog001.mp4,GoiásLibras · base nacional
BARATO2,https://goiaslibras.educacao.go.gov.br/api/media/ines/palavras/videos/barato2Sm_Prog001.mp4,GoiásLibras · base nacional
BARATO3,https://dicionario.ines.gov.br/public/media/palavras/videos/baratoSm_Prog001.mp4,GoiásLibras · base nacional
BARBA,https://goiaslibras.educacao.go.gov.br/api/media/ines/palavras/videos/barbaSm_Prog001.mp4,GoiásLibras · base nacional
BARBANTE,https://goiaslibras.educacao.go.gov.br/api/media/ines/palavras/videos/barbanteSm_Prog001.mp4,GoiásLibras · base nacional
BARBEADOR,https://goiaslibras.educacao.go.gov.br/api/media/ines/palavras/videos/barbeadorSm_Prog001.mp4,GoiásLibras · base nacional
BARBEADOR ELÉTRICO,https://goiaslibras.educacao.go.gov.br/api/media/ines/palavras/videos/barbeador-eletricoSm_Prog001.mp4,GoiásLibras · base nacional
BARBEIRO,https://goiaslibras.educacao.go.gov.br/api/media/ines/palavras/videos/barbeiroSm_Prog001.mp4,GoiásLibras · base nacional
BARBUDO,https://goiaslibras.educacao.go.gov.br/api/media/ines/palavras/videos/barbudoSm_Prog001.mp4,GoiásLibras · base nacional
BARCA,https://goiaslibras.educacao.go.gov.br/api/media/ines/palavras/videos/barcaSm_Prog001.mp4,GoiásLibras · base nacional
BARCO,https://goiaslibras.educacao.go.gov.br/api/media/ines/palavras/videos/barcoSm_Prog001.mp4,GoiásLibras · base nacional
BARRA1,https://goiaslibras.educacao.go.gov.br/api/media/ines/palavras/videos/barra1Sm_Prog001.mp4,GoiásLibras · base nacional
BARRA2,https://goiaslibras.educacao.go.gov.br/api/media/ines/palavras/videos/barra2Sm_Prog001.mp4,GoiásLibras · base nacional
BARRACA,https://goiaslibras.educacao.go.gov.br/api/media/ines/palavras/videos/barracaSm_Prog001.mp4,GoiásLibras · base nacional
BARREIRA,https://goiaslibras.educacao.go.gov.br/api/media/ines/palavras/videos/barreiraSm_Prog001.mp4,GoiásLibras · base nacional
BARRIGA,https://goiaslibras.educacao.go.gov.br/api/media/ines/palavras/videos/barrigaSm_Prog001.mp4,GoiásLibras · base nacional
BARRIGUDO,https://goiaslibras.educacao.go.gov.br/api/media/ines/palavras/videos/barrigudoSm_Prog001.mp4,GoiásLibras · base nacional
BARRIL,https://goiaslibras.educacao.go.gov.br/api/media/ines/palavras/videos/barrilSm_Prog001.mp4,GoiásLibras · base nacional
BARRO,https://goiaslibras.educacao.go.gov.br/api/media/ines/palavras/videos/barroSm_Prog001.mp4,GoiásLibras · base nacional
BARULHENTO,https://goiaslibras.educacao.go.gov.br/api/media/ines/palavras/videos/barulhentoSm_Prog001.mp4,GoiásLibras · base nacional
BARULHO,https://goiaslibras.educacao.go.gov.br/api/media/ines/palavras/videos/barulhoSm_Prog001.mp4,GoiásLibras · base nacional
BASQUETE,https://goiaslibras.educacao.go.gov.br/api/media/ines/palavras/videos/basqueteSm_Prog001.mp4,GoiásLibras · base nacional
BASTA!,https://goiaslibras.educacao.go.gov.br/api/media/ines/palavras/videos/bastaSm_Prog001.mp4,GoiásLibras · base nacional
BASTÃO,https://goiaslibras.educacao.go.gov.br/api/media/ines/palavras/videos/bastaoSm_Prog001.mp4,GoiásLibras · base nacional
BATATA,https://goiaslibras.educacao.go.gov.br/api/media/ines/palavras/videos/batataSm_Prog001.mp4,GoiásLibras · base nacional
BATATA DOCE,https://goiaslibras.educacao.go.gov.br/api/media/ines/palavras/videos/batata-doceSm_Prog001.mp4,GoiásLibras · base nacional
BATATA FRITA,https://goiaslibras.educacao.go.gov.br/api/media/ines/palavras/videos/batata-fritaSm_Prog001.mp4,GoiásLibras · base nacional
BATEDEIRA,https://goiaslibras.educacao.go.gov.br/api/media/ines/palavras/videos/batedeiraSm_Prog001.mp4,GoiásLibras · base nacional
BATER1,https://goiaslibras.educacao.go.gov.br/api/media/ines/palavras/videos/bater1Sm_Prog001.mp4,GoiásLibras · base nacional
BATER2,https://goiaslibras.educacao.go.gov.br/api/media/ines/palavras/videos/bater2Sm_Prog001.mp4,GoiásLibras · base nacional
BATER3,https://goiaslibras.educacao.go.gov.br/api/media/ines/palavras/videos/bater3Sm_Prog001.mp4,GoiásLibras · base nacional
BATERIA1,https://goiaslibras.educacao.go.gov.br/api/media/ines/palavras/videos/bateria1Sm_Prog001.mp4,GoiásLibras · base nacional
BATERIA2,https://goiaslibras.educacao.go.gov.br/api/media/ines/palavras/videos/bateria2Sm_Prog001.mp4,GoiásLibras · base nacional
BATIDA1,https://goiaslibras.educacao.go.gov.br/api/media/ines/palavras/videos/batida1Sm_Prog001.mp4,GoiásLibras · base nacional
BATIDA2,https://goiaslibras.educacao.go.gov.br/api/media/ines/palavras/videos/batida2Sm_Prog001.mp4,GoiásLibras · base nacional
BATISMO1,https://goiaslibras.educacao.go.gov.br/api/media/ines/palavras/videos/batismoSm_Prog001.mp4,GoiásLibras · base nacional
BATISMO2,https://goiaslibras.educacao.go.gov.br/api/media/ines/palavras/videos/batismo2Sm_Prog001.mp4,GoiásLibras · base nacional
BATIZAR1,https://goiaslibras.educacao.go.gov.br/api/media/ines/palavras/videos/batizar1Sm_Prog001.mp4,GoiásLibras · base nacional
BATIZAR2,https://goiaslibras.educacao.go.gov.br/api/media/ines/palavras/videos/batizar2Sm_Prog001.mp4,GoiásLibras · base nacional
BATOM,https://goiaslibras.educacao.go.gov.br/api/media/ines/palavras/videos/batomSm_Prog001.mp4,GoiásLibras · base nacional
BATUCAR,https://goiaslibras.educacao.go.gov.br/api/media/ines/palavras/videos/batucarSm_Prog001.mp4,GoiásLibras · base nacional
BAÚ,https://goiaslibras.educacao.go.gov.br/api/media/ines/palavras/videos/bauSm_Prog001.mp4,GoiásLibras · base nacional
BEBEDOURO,https://goiaslibras.educacao.go.gov.br/api/media/ines/palavras/videos/bebedouroSm_Prog001.mp4,GoiásLibras · base nacional
BEBER1,https://goiaslibras.educacao.go.gov.br/api/media/ines/palavras/videos/beber1Sm_Prog001.mp4,GoiásLibras · base nacional
BEBER2,https://goiaslibras.educacao.go.gov.br/api/media/ines/palavras/videos/beber2Sm_Prog001.mp4,GoiásLibras · base nacional
BEBER3,https://goiaslibras.educacao.go.gov.br/api/media/ines/palavras/videos/beber3Sm_Prog001.mp4,GoiásLibras · base nacional
BEBER4,https://goiaslibras.educacao.go.gov.br/api/media/ines/palavras/videos/beber4Sm_Prog001.mp4,GoiásLibras · base nacional
BEBER5,https://goiaslibras.educacao.go.gov.br/api/media/ines/palavras/videos/beber5Sm_Prog001.mp4,GoiásLibras · base nacional
BEBIDA,https://goiaslibras.educacao.go.gov.br/api/media/ines/palavras/videos/bebidaSm_Prog001.mp4,GoiásLibras · base nacional
BEBÊ,https://goiaslibras.educacao.go.gov.br/api/media/ines/palavras/videos/bebeSm_Prog001.mp4,GoiásLibras · base nacional
BEGE,https://goiaslibras.educacao.go.gov.br/api/media/ines/palavras/videos/begeSm_Prog001.mp4,GoiásLibras · base nacional
BEIJA-FLOR,https://goiaslibras.educacao.go.gov.br/api/media/ines/palavras/videos/beija-florSm_Prog001.mp4,GoiásLibras · base nacional
BEIJAR1,https://goiaslibras.educacao.go.gov.br/api/media/ines/palavras/videos/beijar1Sm_Prog001.mp4,GoiásLibras · base nacional
BEIJAR2,https://goiaslibras.educacao.go.gov.br/api/media/ines/palavras/videos/beijar2Sm_Prog001.mp4,GoiásLibras · base nacional
BEIJAR3,https://goiaslibras.educacao.go.gov.br/api/media/ines/palavras/videos/beijar3Sm_Prog001.mp4,GoiásLibras · base nacional
BEIJO,https://goiaslibras.educacao.go.gov.br/api/media/ines/palavras/videos/beijoSm_Prog001.mp4,GoiásLibras · base nacional
BEISEBOL,https://goiaslibras.educacao.go.gov.br/api/media/ines/palavras/videos/beisebolSm_Prog001.mp4,GoiásLibras · base nacional
BELEZA,https://goiaslibras.educacao.go.gov.br/api/media/ines/palavras/videos/belezaSm_Prog001.mp4,GoiásLibras · base nacional
BELICHE,https://goiaslibras.educacao.go.gov.br/api/media/ines/palavras/videos/belicheSm_Prog001.mp4,GoiásLibras · base nacional
BELISCAR,https://goiaslibras.educacao.go.gov.br/api/media/ines/palavras/videos/beliscarSm_Prog001.mp4,GoiásLibras · base nacional
BELO,https://goiaslibras.educacao.go.gov.br/api/media/ines/palavras/videos/beloSm_Prog001.mp4,GoiásLibras · base nacional
BELO HORIZONTE,https://goiaslibras.educacao.go.gov.br/api/media/ines/palavras/videos/belo_horizonteSm_Prog001.mp4,GoiásLibras · base nacional
BEM-FEITO1,https://goiaslibras.educacao.go.gov.br/api/media/ines/palavras/videos/bem-feito1Sm_Prog001.mp4,GoiásLibras · base nacional
BEM-FEITO2,https://goiaslibras.educacao.go.gov.br/api/media/ines/palavras/videos/bem-feito2Sm_Prog001.mp4,GoiásLibras · base nacional
BEM-FEITO3,https://goiaslibras.educacao.go.gov.br/api/media/ines/palavras/videos/bem-feito3Sm_Prog001.mp4,GoiásLibras · base nacional
BEM-VINDO,https://goiaslibras.educacao.go.gov.br/api/media/ines/palavras/videos/bem_vindoSm_Prog001.mp4,GoiásLibras · base nacional
BEM1,https://goiaslibras.educacao.go.gov.br/api/media/ines/palavras/videos/bem1Sm_Prog001.mp4,GoiásLibras · base nacional
BEM2,https://goiaslibras.educacao.go.gov.br/api/media/ines/palavras/videos/bem2Sm_Prog001.mp4,GoiásLibras · base nacional
BENGALA,https://goiaslibras.educacao.go.gov.br/api/media/ines/palavras/videos/bengalaSm_Prog001.mp4,GoiásLibras · base nacional
BENZER,https://goiaslibras.educacao.go.gov.br/api/media/ines/palavras/videos/benzerSm_Prog001.mp4,GoiásLibras · base nacional
BENÇÃO,https://goiaslibras.educacao.go.gov.br/api/media/ines/palavras/videos/bencaoSm_Prog001.mp4,GoiásLibras · base nacional
BERINJELA,https://goiaslibras.educacao.go.gov.br/api/media/ines/palavras/videos/berinjelaSm_Prog001.mp4,GoiásLibras · base nacional
BERMUDA,https://dicionario.ines.gov.br/public/media/palavras/videos/bermudaSm_Prog001.mp4,GoiásLibras · base nacional
BERRANTE,https://goiaslibras.educacao.go.gov.br/api/media/ines/palavras/videos/berranteSm_Prog001.mp4,GoiásLibras · base nacional
BERRAR,https://goiaslibras.educacao.go.gov.br/api/media/ines/palavras/videos/berrarSm_Prog001.mp4,GoiásLibras · base nacional
BERÇO,https://goiaslibras.educacao.go.gov.br/api/media/ines/palavras/videos/bercoSm_Prog001.mp4,GoiásLibras · base nacional
BESOURO,https://goiaslibras.educacao.go.gov.br/api/media/ines/palavras/videos/besouroSm_Prog001.mp4,GoiásLibras · base nacional
BESTEIRA,https://goiaslibras.educacao.go.gov.br/api/media/ines/palavras/videos/besteiraSm_Prog001.mp4,GoiásLibras · base nacional
BETERRABA,https://goiaslibras.educacao.go.gov.br/api/media/ines/palavras/videos/beterrabaSm_Prog001.mp4,GoiásLibras · base nacional
BEXIGA,https://goiaslibras.educacao.go.gov.br/api/media/ines/palavras/videos/bexigaSm_Prog001.mp4,GoiásLibras · base nacional
BEZERRO,https://goiaslibras.educacao.go.gov.br/api/media/ines/palavras/videos/bezerroSm_Prog001.mp4,GoiásLibras · base nacional
BIBLIOGRAFIA,https://dicionario.ines.gov.br/public/media/palavras/videos/bibliografiaSm_Prog001.mp4,GoiásLibras · base nacional
BIBLIOTECA,https://goiaslibras.educacao.go.gov.br/api/media/ines/palavras/videos/bibliotecaSm_Prog001.mp4,GoiásLibras · base nacional
BICAMPEAO,https://goiaslibras.educacao.go.gov.br/api/media/ines/palavras/videos/bicampeaoSm_Prog001.mp4,GoiásLibras · base nacional
BICAR,https://goiaslibras.educacao.go.gov.br/api/media/ines/palavras/videos/bicarSm_Prog001.mp4,GoiásLibras · base nacional
BICHO1,https://goiaslibras.educacao.go.gov.br/api/media/ines/palavras/videos/bicho1Sm_Prog001.mp4,GoiásLibras · base nacional
BICHO2,https://goiaslibras.educacao.go.gov.br/api/media/ines/palavras/videos/bicho2Sm_Prog001.mp4,GoiásLibras · base nacional
BICHO3,https://goiaslibras.educacao.go.gov.br/api/media/ines/palavras/videos/bicho3Sm_Prog001.mp4,GoiásLibras · base nacional
BICHO4,https://goiaslibras.educacao.go.gov.br/api/media/ines/palavras/videos/bicho4Sm_Prog001.mp4,GoiásLibras · base nacional
BICICLETA,https://goiaslibras.educacao.go.gov.br/api/media/ines/palavras/videos/bicicletaSm_Prog001.mp4,GoiásLibras · base nacional
BICO,https://dicionario.ines.gov.br/public/media/palavras/videos/bico1Sm_Prog001.mp4,GoiásLibras · base nacional
BIFE,https://goiaslibras.educacao.go.gov.br/api/media/ines/palavras/videos/bifeSm_Prog001.mp4,GoiásLibras · base nacional
BIGODE,https://goiaslibras.educacao.go.gov.br/api/media/ines/palavras/videos/bigodeSm_Prog001.mp4,GoiásLibras · base nacional
BILHAR,https://goiaslibras.educacao.go.gov.br/api/media/ines/palavras/videos/bilharSm_Prog001.mp4,GoiásLibras · base nacional
BILHETE,https://goiaslibras.educacao.go.gov.br/api/media/ines/palavras/videos/bilheteSm_Prog001.mp4,GoiásLibras · base nacional
BILHÃO,https://goiaslibras.educacao.go.gov.br/api/media/ines/palavras/videos/bilhaoSm_Prog001.mp4,GoiásLibras · base nacional
BILINGÜISMO,https://goiaslibras.educacao.go.gov.br/api/media/ines/palavras/videos/bilinguismoSm_Prog001.mp4,GoiásLibras · base nacional
BIMESTRE,https://goiaslibras.educacao.go.gov.br/api/media/ines/palavras/videos/bimestreSm_Prog001.mp4,GoiásLibras · base nacional
BINGO,https://goiaslibras.educacao.go.gov.br/api/media/ines/palavras/videos/bingoSm_Prog001.mp4,GoiásLibras · base nacional
BINÓCULOS,https://goiaslibras.educacao.go.gov.br/api/media/ines/palavras/videos/binoculosSm_Prog001.mp4,GoiásLibras · base nacional
BIOLOGIA,https://goiaslibras.educacao.go.gov.br/api/media/ines/palavras/videos/biologiaSm_Prog001.mp4,GoiásLibras · base nacional
BIQUÍNI,https://dicionario.ines.gov.br/public/media/palavras/videos/biquiniSm_Prog001.mp4,GoiásLibras · base nacional
BISAVÓ,https://goiaslibras.educacao.go.gov.br/api/media/ines/palavras/videos/bisavoSm_Prog001.mp4,GoiásLibras · base nacional
BISBILHOTAR,https://dicionario.ines.gov.br/public/media/palavras/videos/bisbolhotarSm_Prog001.mp4,GoiásLibras · base nacional
BISCATE,https://goiaslibras.educacao.go.gov.br/api/media/ines/palavras/videos/biscateSm_Prog001.mp4,GoiásLibras · base nacional
BISCOITO,https://goiaslibras.educacao.go.gov.br/api/media/ines/palavras/videos/biscoitoSm_Prog001.mp4,GoiásLibras · base nacional
BISNAGA,https://goiaslibras.educacao.go.gov.br/api/media/ines/palavras/videos/bisnagaSm_Prog001.mp4,GoiásLibras · base nacional
BISPO,https://goiaslibras.educacao.go.gov.br/api/media/ines/palavras/videos/bispo1Sm_Prog001.mp4,GoiásLibras · base nacional
BISSEXUAL,https://goiaslibras.educacao.go.gov.br/api/media/ines/palavras/videos/bissexualSm_Prog001.mp4,GoiásLibras · base nacional
BISTURI,https://goiaslibras.educacao.go.gov.br/api/media/ines/palavras/videos/bisturiSm_Prog001.mp4,GoiásLibras · base nacional
BIÊNIO,https://goiaslibras.educacao.go.gov.br/api/media/ines/palavras/videos/bienioSm_Prog001.mp4,GoiásLibras · base nacional
BIÓLOGO,https://goiaslibras.educacao.go.gov.br/api/media/ines/palavras/videos/biologoSm_Prog001.mp4,GoiásLibras · base nacional
BLASFEMAR,https://goiaslibras.educacao.go.gov.br/api/media/ines/palavras/videos/blasfemarSm_Prog001.mp4,GoiásLibras · base nacional
BLOCO1,https://goiaslibras.educacao.go.gov.br/api/media/ines/palavras/videos/bloco1Sm_Prog001.mp4,GoiásLibras · base nacional
BLOCO2,https://goiaslibras.educacao.go.gov.br/api/media/ines/palavras/videos/bloco2Sm_Prog001.mp4,GoiásLibras · base nacional
BLOQUEAR,https://goiaslibras.educacao.go.gov.br/api/media/ines/palavras/videos/bloquearSm_Prog001.mp4,GoiásLibras · base nacional
BLUSA,https://goiaslibras.educacao.go.gov.br/api/media/ines/palavras/videos/blusaSm_Prog001.mp4,GoiásLibras · base nacional
BOA VIDA,https://goiaslibras.educacao.go.gov.br/api/media/ines/palavras/videos/boa-vidaSm_Prog001.mp4,GoiásLibras · base nacional
BOA1,https://goiaslibras.educacao.go.gov.br/api/media/ines/palavras/videos/boa1Sm_Prog001.mp4,GoiásLibras · base nacional
BOA2,https://goiaslibras.educacao.go.gov.br/api/media/ines/palavras/videos/boa2Sm_Prog001.mp4,GoiásLibras · base nacional
BOATE,https://goiaslibras.educacao.go.gov.br/api/media/ines/palavras/videos/boateSm_Prog001.mp4,GoiásLibras · base nacional
BOBAGEM,https://goiaslibras.educacao.go.gov.br/api/media/ines/palavras/videos/bobagemSm_Prog001.mp4,GoiásLibras · base nacional
BOBO1,https://goiaslibras.educacao.go.gov.br/api/media/ines/palavras/videos/bobo1Sm_Prog001.mp4,GoiásLibras · base nacional
BOBO2,https://goiaslibras.educacao.go.gov.br/api/media/ines/palavras/videos/bobo2Sm_Prog001.mp4,GoiásLibras · base nacional
BOCA,https://goiaslibras.educacao.go.gov.br/api/media/ines/palavras/videos/bocaSm_Prog001.mp4,GoiásLibras · base nacional
BOCEJAR1,https://goiaslibras.educacao.go.gov.br/api/media/ines/palavras/videos/bocejarSm_Prog001.mp4,GoiásLibras · base nacional
BOCEJAR2,https://dicionario.ines.gov.br/public/media/palavras/videos/bochecharSm_Prog001.mp4,GoiásLibras · base nacional
BOCHECHA,https://goiaslibras.educacao.go.gov.br/api/media/ines/palavras/videos/bochechaSm_Prog001.mp4,GoiásLibras · base nacional
BODE,https://goiaslibras.educacao.go.gov.br/api/media/ines/palavras/videos/bodeSm_Prog001.mp4,GoiásLibras · base nacional
BOFETADA,https://goiaslibras.educacao.go.gov.br/api/media/ines/palavras/videos/bofetadaSm_Prog001.mp4,GoiásLibras · base nacional
BOI,https://goiaslibras.educacao.go.gov.br/api/media/ines/palavras/videos/boiSm_Prog001.mp4,GoiásLibras · base nacional
BOIAR,https://goiaslibras.educacao.go.gov.br/api/media/ines/palavras/videos/boiarSm_Prog001.mp4,GoiásLibras · base nacional
BOINA,https://goiaslibras.educacao.go.gov.br/api/media/ines/palavras/videos/boinaSm_Prog001.mp4,GoiásLibras · base nacional
BOLA,https://youtu.be/FoForHGoMUY,GoiásLibras · base nacional
BOLA3,https://goiaslibras.educacao.go.gov.br/api/media/ines/palavras/videos/bola3Sm_Prog001.mp4,GoiásLibras · base nacional
BOLA4,https://goiaslibras.educacao.go.gov.br/api/media/ines/palavras/videos/bola4Sm_Prog001.mp4,GoiásLibras · base nacional
BOLA5,https://goiaslibras.educacao.go.gov.br/api/media/ines/palavras/videos/bola5Sm_Prog001.mp4,GoiásLibras · base nacional
BOLACHA,https://goiaslibras.educacao.go.gov.br/api/media/ines/palavras/videos/bolachaSm_Prog001.mp4,GoiásLibras · base nacional
BOLHA1,https://goiaslibras.educacao.go.gov.br/api/media/ines/palavras/videos/bolha1Sm_Prog001.mp4,GoiásLibras · base nacional
BOLHA2,https://goiaslibras.educacao.go.gov.br/api/media/ines/palavras/videos/bolha2Sm_Prog001.mp4,GoiásLibras · base nacional
BOLICHE,https://goiaslibras.educacao.go.gov.br/api/media/ines/palavras/videos/bolicheSm_Prog001.mp4,GoiásLibras · base nacional
BOLIVIANO,https://goiaslibras.educacao.go.gov.br/api/media/ines/palavras/videos/bolivianoSm_Prog001.mp4,GoiásLibras · base nacional
BOLO 1,https://goiaslibras.educacao.go.gov.br/api/media/ines/palavras/videos/bolo1Sm_Prog001.mp4,GoiásLibras · base nacional
BOLO 2,https://goiaslibras.educacao.go.gov.br/api/media/ines/palavras/videos/bolo2Sm_Prog001.mp4,GoiásLibras · base nacional
BOLSA,https://goiaslibras.educacao.go.gov.br/api/media/ines/palavras/videos/bolsaSm_Prog001.mp4,GoiásLibras · base nacional
BOLSA DE ESTUDO,https://goiaslibras.educacao.go.gov.br/api/media/ines/palavras/videos/bolsa-de-estudoSm_Prog001.mp4,GoiásLibras · base nacional
BOLSISTA,https://youtu.be/XN1XNgpN1l8,GoiásLibras · base nacional
BOLSO,https://goiaslibras.educacao.go.gov.br/api/media/ines/palavras/videos/bolsoSm_Prog001.mp4,GoiásLibras · base nacional
BOLÍVIA,https://goiaslibras.educacao.go.gov.br/api/media/ines/palavras/videos/boliviaSm_Prog001.mp4,GoiásLibras · base nacional
BOM1,https://goiaslibras.educacao.go.gov.br/api/media/ines/palavras/videos/bom1Sm_Prog001.mp4,GoiásLibras · base nacional
BOM2,https://goiaslibras.educacao.go.gov.br/api/media/ines/palavras/videos/bom2Sm_Prog001.mp4,GoiásLibras · base nacional
BOM3,https://goiaslibras.educacao.go.gov.br/api/media/ines/palavras/videos/bom3Sm_Prog001.mp4,GoiásLibras · base nacional
BOMBA1,https://dicionario.ines.gov.br/public/media/palavras/videos/bombaSm_Prog001.mp4,GoiásLibras · base nacional
BOMBA2,https://goiaslibras.educacao.go.gov.br/api/media/ines/palavras/videos/bomba2Sm_Prog001.mp4,GoiásLibras · base nacional
BOMBARDEAR,https://dicionario.ines.gov.br/public/media/palavras/videos/bombardearSm_Prog001.mp4,GoiásLibras · base nacional
BOMBEIRO,https://goiaslibras.educacao.go.gov.br/api/media/ines/palavras/videos/bombeiroSm_Prog001.mp4,GoiásLibras · base nacional
BOMBOM,https://goiaslibras.educacao.go.gov.br/api/media/ines/palavras/videos/bombomSm_Prog001.mp4,GoiásLibras · base nacional
BOMBRIL,https://goiaslibras.educacao.go.gov.br/api/media/ines/palavras/videos/bombrilSm_Prog001.mp4,GoiásLibras · base nacional
BONDINHO,https://goiaslibras.educacao.go.gov.br/api/media/ines/palavras/videos/bondinhoSm_Prog001.mp4,GoiásLibras · base nacional
BONECA,https://goiaslibras.educacao.go.gov.br/api/media/ines/palavras/videos/bonecaSm_Prog001.mp4,GoiásLibras · base nacional
BONITO,https://goiaslibras.educacao.go.gov.br/api/media/ines/palavras/videos/bonitoSm_Prog001.mp4,GoiásLibras · base nacional
BONÉ,https://goiaslibras.educacao.go.gov.br/api/media/ines/palavras/videos/boneSm_Prog001.mp4,GoiásLibras · base nacional
BOQUIABERTO,https://goiaslibras.educacao.go.gov.br/api/media/ines/palavras/videos/boquiabertoSm_Prog001.mp4,GoiásLibras · base nacional
BORBOLETA,https://goiaslibras.educacao.go.gov.br/api/media/ines/palavras/videos/borboletaSm_Prog001.mp4,GoiásLibras · base nacional
BORBULHAR,https://goiaslibras.educacao.go.gov.br/api/media/ines/palavras/videos/borbulharSm_Prog001.mp4,GoiásLibras · base nacional
BORDAR,https://goiaslibras.educacao.go.gov.br/api/media/ines/palavras/videos/bordarSm_Prog001.mp4,GoiásLibras · base nacional
BORRACHA,https://youtu.be/FoForHGoMUY,GoiásLibras · base nacional
BORRAR,https://goiaslibras.educacao.go.gov.br/api/media/ines/palavras/videos/borrarSm_Prog001.mp4,GoiásLibras · base nacional
BORRIFAR,https://goiaslibras.educacao.go.gov.br/api/media/ines/palavras/videos/borrifarSm_Prog001.mp4,GoiásLibras · base nacional
BOSQUE,https://goiaslibras.educacao.go.gov.br/api/media/ines/palavras/videos/bosqueSm_Prog001.mp4,GoiásLibras · base nacional
BOTA,https://goiaslibras.educacao.go.gov.br/api/media/ines/palavras/videos/botaSm_Prog001.mp4,GoiásLibras · base nacional
BOTAR,https://goiaslibras.educacao.go.gov.br/api/media/ines/palavras/videos/botarSm_Prog001.mp4,GoiásLibras · base nacional
BOTAR2,https://goiaslibras.educacao.go.gov.br/api/media/ines/palavras/videos/botar2Sm_Prog001.mp4,GoiásLibras · base nacional
BOTIJAO DE GÁS,https://dicionario.ines.gov.br/public/media/palavras/videos/botijao de gasSm_Prog001.mp4,GoiásLibras · base nacional
BOTÃO,https://goiaslibras.educacao.go.gov.br/api/media/ines/palavras/videos/botaoSm_Prog001.mp4,GoiásLibras · base nacional
BOXE,https://goiaslibras.educacao.go.gov.br/api/media/ines/palavras/videos/boxeSm_Prog001.mp4,GoiásLibras · base nacional
BRACELETE,https://goiaslibras.educacao.go.gov.br/api/media/ines/palavras/videos/braceleteSm_Prog001.mp4,GoiásLibras · base nacional
BRADAR,https://goiaslibras.educacao.go.gov.br/api/media/ines/palavras/videos/bradarSm_Prog001.mp4,GoiásLibras · base nacional
BRAILLE,https://dicionario.ines.gov.br/public/media/palavras/videos/brailleSm_Prog001.mp4,GoiásLibras · base nacional
BRANCO1,https://dicionario.ines.gov.br/public/media/palavras/videos/brancoSm_Prog001.mp4,GoiásLibras · base nacional
BRANCO2,https://goiaslibras.educacao.go.gov.br/api/media/ines/palavras/videos/branco2Sm_Prog001.mp4,GoiásLibras · base nacional
BRANDO,https://goiaslibras.educacao.go.gov.br/api/media/ines/palavras/videos/brandoSm_Prog001.mp4,GoiásLibras · base nacional
BRASIL,https://dicionario.ines.gov.br/public/media/palavras/videos/BRASILSm_Prog001.mp4,GoiásLibras · base nacional
BRASILEIRO,https://goiaslibras.educacao.go.gov.br/api/media/ines/palavras/videos/brasileiroSm_Prog001.mp4,GoiásLibras · base nacional
BRASÃO,https://goiaslibras.educacao.go.gov.br/api/media/ines/palavras/videos/brasaoSm_Prog001.mp4,GoiásLibras · base nacional
BRASÍLIA,https://goiaslibras.educacao.go.gov.br/api/media/ines/palavras/videos/brasiliaSm_Prog001.mp4,GoiásLibras · base nacional
BRAVO,https://goiaslibras.educacao.go.gov.br/api/media/ines/palavras/videos/bravoSm_Prog001.mp4,GoiásLibras · base nacional
BRAÇADEIRA,https://goiaslibras.educacao.go.gov.br/api/media/ines/palavras/videos/bracadeiraSm_Prog001.mp4,GoiásLibras · base nacional
BRAÇO,https://goiaslibras.educacao.go.gov.br/api/media/ines/palavras/videos/bracoSm_Prog001.mp4,GoiásLibras · base nacional
BRAÇO DE FERRO,https://dicionario.ines.gov.br/public/media/palavras/videos/braco-de-ferroSm_Prog001.mp4,GoiásLibras · base nacional
BREVE1,https://goiaslibras.educacao.go.gov.br/api/media/ines/palavras/videos/breve1Sm_Prog001.mp4,GoiásLibras · base nacional
BREVE2,https://goiaslibras.educacao.go.gov.br/api/media/ines/palavras/videos/breve2Sm_Prog001.mp4,GoiásLibras · base nacional
BRIGADEIRO,https://goiaslibras.educacao.go.gov.br/api/media/ines/palavras/videos/brigadeiroSm_Prog001.mp4,GoiásLibras · base nacional
BRIGAR1,https://goiaslibras.educacao.go.gov.br/api/media/ines/palavras/videos/brigar1Sm_Prog001.mp4,GoiásLibras · base nacional
BRIGAR2,https://goiaslibras.educacao.go.gov.br/api/media/ines/palavras/videos/brigar2Sm_Prog001.mp4,GoiásLibras · base nacional
BRIGAR3,https://goiaslibras.educacao.go.gov.br/api/media/ines/palavras/videos/brigar3Sm_Prog001.mp4,GoiásLibras · base nacional
BRILHAR,https://goiaslibras.educacao.go.gov.br/api/media/ines/palavras/videos/brilharSm_Prog001.mp4,GoiásLibras · base nacional
BRILHO,https://goiaslibras.educacao.go.gov.br/api/media/ines/palavras/videos/brilhoSm_Prog001.mp4,GoiásLibras · base nacional
BRINCADEIRA,https://goiaslibras.educacao.go.gov.br/api/media/ines/palavras/videos/brincadeiraSm_Prog001.mp4,GoiásLibras · base nacional
BRINCALHÃO,https://goiaslibras.educacao.go.gov.br/api/media/ines/palavras/videos/brincalhaoSm_Prog001.mp4,GoiásLibras · base nacional
BRINCAR,https://goiaslibras.educacao.go.gov.br/api/media/ines/palavras/videos/brincarSm_Prog001.mp4,GoiásLibras · base nacional
BRINCO,https://goiaslibras.educacao.go.gov.br/api/media/ines/palavras/videos/brincoSm_Prog001.mp4,GoiásLibras · base nacional
BRINDAR,https://dicionario.ines.gov.br/public/media/palavras/videos/brindar1Sm_Prog001.mp4,GoiásLibras · base nacional
BRINDE,https://goiaslibras.educacao.go.gov.br/api/media/ines/palavras/videos/brindeSm_Prog001.mp4,GoiásLibras · base nacional
BRINQUEDO,https://goiaslibras.educacao.go.gov.br/api/media/ines/palavras/videos/brinquedoSm_Prog001.mp4,GoiásLibras · base nacional
BROCHE,https://goiaslibras.educacao.go.gov.br/api/media/ines/palavras/videos/brocheSm_Prog001.mp4,GoiásLibras · base nacional
BROCHURA,https://goiaslibras.educacao.go.gov.br/api/media/ines/palavras/videos/brochuraSm_Prog001.mp4,GoiásLibras · base nacional
BRONCA,https://goiaslibras.educacao.go.gov.br/api/media/ines/palavras/videos/broncaSm_Prog001.mp4,GoiásLibras · base nacional
BRONQUITE,https://goiaslibras.educacao.go.gov.br/api/media/ines/palavras/videos/bronquiteSm_Prog001.mp4,GoiásLibras · base nacional
BRONZE,https://goiaslibras.educacao.go.gov.br/api/media/ines/palavras/videos/bronzeSm_Prog001.mp4,GoiásLibras · base nacional
BRONZEADO,https://goiaslibras.educacao.go.gov.br/api/media/ines/palavras/videos/bronzeadoSm_Prog001.mp4,GoiásLibras · base nacional
BRONZEADOR,https://goiaslibras.educacao.go.gov.br/api/media/ines/palavras/videos/bronzeadorSm_Prog001.mp4,GoiásLibras · base nacional
BRONZEAR,https://goiaslibras.educacao.go.gov.br/api/media/ines/palavras/videos/bronzearSm_Prog001.mp4,GoiásLibras · base nacional
BROTAR,https://goiaslibras.educacao.go.gov.br/api/media/ines/palavras/videos/brotarSm_Prog001.mp4,GoiásLibras · base nacional
BRUTO,https://goiaslibras.educacao.go.gov.br/api/media/ines/palavras/videos/brutoSm_Prog001.mp4,GoiásLibras · base nacional
BRUXA,https://goiaslibras.educacao.go.gov.br/api/media/ines/palavras/videos/bruxaSm_Prog001.mp4,GoiásLibras · base nacional
BRUXISMO,https://goiaslibras.educacao.go.gov.br/api/media/ines/palavras/videos/bruxismoSm_Prog001.mp4,GoiásLibras · base nacional
BRÓCOLIS,https://goiaslibras.educacao.go.gov.br/api/media/ines/palavras/videos/brocolisSm_Prog001.mp4,GoiásLibras · base nacional
BUCHA,https://goiaslibras.educacao.go.gov.br/api/media/ines/palavras/videos/buchaSm_Prog001.mp4,GoiásLibras · base nacional
BUFAR,https://goiaslibras.educacao.go.gov.br/api/media/ines/palavras/videos/bufarSm_Prog001.mp4,GoiásLibras · base nacional
BUMERANGUE,https://goiaslibras.educacao.go.gov.br/api/media/ines/palavras/videos/bumerangueSm_Prog001.mp4,GoiásLibras · base nacional
BUNDA,https://goiaslibras.educacao.go.gov.br/api/media/ines/palavras/videos/bundaSm_Prog001.mp4,GoiásLibras · base nacional
BUQUÊ,https://goiaslibras.educacao.go.gov.br/api/media/ines/palavras/videos/buqueSm_Prog001.mp4,GoiásLibras · base nacional
BURACO1,https://goiaslibras.educacao.go.gov.br/api/media/ines/palavras/videos/buraco1Sm_Prog001.mp4,GoiásLibras · base nacional
BURACO2,https://goiaslibras.educacao.go.gov.br/api/media/ines/palavras/videos/buracoSm_Prog001.mp4,GoiásLibras · base nacional
BURRO,https://goiaslibras.educacao.go.gov.br/api/media/ines/palavras/videos/burro1Sm_Prog001.mp4,GoiásLibras · base nacional
BUSCAR,https://goiaslibras.educacao.go.gov.br/api/media/ines/palavras/videos/buscarSm_Prog001.mp4,GoiásLibras · base nacional
BUZINAR,https://goiaslibras.educacao.go.gov.br/api/media/ines/palavras/videos/buzinarSm_Prog001.mp4,GoiásLibras · base nacional
BÉLGICA,https://goiaslibras.educacao.go.gov.br/api/media/ines/palavras/videos/belgicaSm_Prog001.mp4,GoiásLibras · base nacional
BÊBADO,https://goiaslibras.educacao.go.gov.br/api/media/ines/palavras/videos/bebadoSm_Prog001.mp4,GoiásLibras · base nacional
BÍBLIA,https://dicionario.ines.gov.br/public/media/palavras/videos/bibliaSm_Prog001.mp4,GoiásLibras · base nacional
BÍCEPS,https://goiaslibras.educacao.go.gov.br/api/media/ines/palavras/videos/bicepsSm_Prog001.mp4,GoiásLibras · base nacional
BÓBI DE CABELO,https://dicionario.ines.gov.br/public/media/palavras/videos/bobi de cabeloSm_Prog001.mp4,GoiásLibras · base nacional
BÓIA1,https://goiaslibras.educacao.go.gov.br/api/media/ines/palavras/videos/boia1Sm_Prog001.mp4,GoiásLibras · base nacional
BÓIA2,https://goiaslibras.educacao.go.gov.br/api/media/ines/palavras/videos/boia2Sm_Prog001.mp4,GoiásLibras · base nacional
BÓIA3,https://goiaslibras.educacao.go.gov.br/api/media/ines/palavras/videos/boia3Sm_Prog001.mp4,GoiásLibras · base nacional
BÔNUS,https://goiaslibras.educacao.go.gov.br/api/media/ines/palavras/videos/bonusSm_Prog001.mp4,GoiásLibras · base nacional
BÚFALO,https://goiaslibras.educacao.go.gov.br/api/media/ines/palavras/videos/bufaloSm_Prog001.mp4,GoiásLibras · base nacional
BÚSSOLA,https://goiaslibras.educacao.go.gov.br/api/media/ines/palavras/videos/bussolaSm_Prog001.mp4,GoiásLibras · base nacional
C,https://goiaslibras.educacao.go.gov.br/api/media/ines/palavras/videos/cSm_Prog001.mp4,GoiásLibras · base nacional
CABANA,https://goiaslibras.educacao.go.gov.br/api/media/ines/palavras/videos/cabanaSm_Prog001.mp4,GoiásLibras · base nacional
CABELEIREIRO,https://dicionario.ines.gov.br/public/media/palavras/videos/cabelereiroSm_Prog001.mp4,GoiásLibras · base nacional
CABELO,https://goiaslibras.educacao.go.gov.br/api/media/ines/palavras/videos/cabeloSm_Prog001.mp4,GoiásLibras · base nacional
CABELUDO,https://goiaslibras.educacao.go.gov.br/api/media/ines/palavras/videos/cabeludoSm_Prog001.mp4,GoiásLibras · base nacional
CABER,https://goiaslibras.educacao.go.gov.br/api/media/ines/palavras/videos/caberSm_Prog001.mp4,GoiásLibras · base nacional
CABER-NÃO,https://goiaslibras.educacao.go.gov.br/api/media/ines/palavras/videos/caber_naoSm_Prog001.mp4,GoiásLibras · base nacional
CABEÇA,https://goiaslibras.educacao.go.gov.br/api/media/ines/palavras/videos/cabecaSm_Prog001.mp4,GoiásLibras · base nacional
CABIDE,https://goiaslibras.educacao.go.gov.br/api/media/ines/palavras/videos/cabideSm_Prog001.mp4,GoiásLibras · base nacional
CABISBAIXO,https://dicionario.ines.gov.br/public/media/palavras/videos/cabisbaixoSm_Prog001.mp4,GoiásLibras · base nacional
CABO1,https://goiaslibras.educacao.go.gov.br/api/media/ines/palavras/videos/caboSm_Prog001.mp4,GoiásLibras · base nacional
CABO2,https://goiaslibras.educacao.go.gov.br/api/media/ines/palavras/videos/cabo2Sm_Prog001.mp4,GoiásLibras · base nacional
CABRA,https://goiaslibras.educacao.go.gov.br/api/media/ines/palavras/videos/cabraSm_Prog001.mp4,GoiásLibras · base nacional
CABRITO,https://goiaslibras.educacao.go.gov.br/api/media/ines/palavras/videos/cabritoSm_Prog001.mp4,GoiásLibras · base nacional
CACAREJAR,https://goiaslibras.educacao.go.gov.br/api/media/ines/palavras/videos/cacarejarSm_Prog001.mp4,GoiásLibras · base nacional
CACAU,https://goiaslibras.educacao.go.gov.br/api/media/ines/palavras/videos/cacauSm_Prog001.mp4,GoiásLibras · base nacional
CACHAÇA,https://goiaslibras.educacao.go.gov.br/api/media/ines/palavras/videos/cachacaSm_Prog001.mp4,GoiásLibras · base nacional
CACHECOL,https://goiaslibras.educacao.go.gov.br/api/media/ines/palavras/videos/cachecolSm_Prog001.mp4,GoiásLibras · base nacional
CACHIMBO,https://goiaslibras.educacao.go.gov.br/api/media/ines/palavras/videos/cachimboSm_Prog001.mp4,GoiásLibras · base nacional
CACHO DE CABELO,https://dicionario.ines.gov.br/public/media/palavras/videos/cacho-de-cabeloSm_Prog001.mp4,GoiásLibras · base nacional
CACHOEIRA,https://goiaslibras.educacao.go.gov.br/api/media/ines/palavras/videos/cachoeiraSm_Prog001.mp4,GoiásLibras · base nacional
CACHORRO,https://goiaslibras.educacao.go.gov.br/api/media/ines/palavras/videos/cachorroSm_Prog001.mp4,GoiásLibras · base nacional
CACHORRO-QUENTE,https://goiaslibras.educacao.go.gov.br/api/media/ines/palavras/videos/cachorro-quenteSm_Prog001.mp4,GoiásLibras · base nacional
CADA1,https://goiaslibras.educacao.go.gov.br/api/media/ines/palavras/videos/cada1Sm_Prog001.mp4,GoiásLibras · base nacional
CADA2,https://goiaslibras.educacao.go.gov.br/api/media/ines/palavras/videos/cada2Sm_Prog001.mp4,GoiásLibras · base nacional
CADARÇO,https://goiaslibras.educacao.go.gov.br/api/media/ines/palavras/videos/cadarcoSm_Prog001.mp4,GoiásLibras · base nacional
CADEADO,https://goiaslibras.educacao.go.gov.br/api/media/ines/palavras/videos/cadeadoSm_Prog001.mp4,GoiásLibras · base nacional
CADEIA,https://goiaslibras.educacao.go.gov.br/api/media/ines/palavras/videos/cadeiaSm_Prog001.mp4,GoiásLibras · base nacional
CADEIRA,https://youtu.be/voj9WY2RNWc,GoiásLibras · base nacional
CADERNETA DE POUPANÇA,https://goiaslibras.educacao.go.gov.br/api/media/ines/palavras/videos/caderneta-de-poupancaSm_Prog001.mp4,GoiásLibras · base nacional
CADERNETA ESCOLAR,https://goiaslibras.educacao.go.gov.br/api/media/ines/palavras/videos/caderneta-escolarSm_Prog001.mp4,GoiásLibras · base nacional
CADERNO,https://goiaslibras.educacao.go.gov.br/api/media/ines/palavras/videos/cadernoSm_Prog001.mp4,GoiásLibras · base nacional
CADÁVER,https://goiaslibras.educacao.go.gov.br/api/media/ines/palavras/videos/cadaverSm_Prog001.mp4,GoiásLibras · base nacional
CADÊ,https://goiaslibras.educacao.go.gov.br/api/media/ines/palavras/videos/cadeSm_Prog001.mp4,GoiásLibras · base nacional
CAFEZINHO,https://goiaslibras.educacao.go.gov.br/api/media/ines/palavras/videos/cafezinhoSm_Prog001.mp4,GoiásLibras · base nacional
CAFONA,https://goiaslibras.educacao.go.gov.br/api/media/ines/palavras/videos/cafonaSm_Prog001.mp4,GoiásLibras · base nacional
CAFÉ,https://goiaslibras.educacao.go.gov.br/api/media/ines/palavras/videos/cafeSm_Prog001.mp4,GoiásLibras · base nacional
CAFÉ DA MANHÃ,https://goiaslibras.educacao.go.gov.br/api/media/ines/palavras/videos/cafe-da-manhaSm_Prog001.mp4,GoiásLibras · base nacional
CAGAR,https://goiaslibras.educacao.go.gov.br/api/media/ines/palavras/videos/cagarSm_Prog001.mp4,GoiásLibras · base nacional
CAIPIRA,https://goiaslibras.educacao.go.gov.br/api/media/ines/palavras/videos/caipiraSm_Prog001.mp4,GoiásLibras · base nacional
CAIPIRINHA,https://goiaslibras.educacao.go.gov.br/api/media/ines/palavras/videos/caipirinhaSm_Prog001.mp4,GoiásLibras · base nacional
CAIR1,https://goiaslibras.educacao.go.gov.br/api/media/ines/palavras/videos/cair1Sm_Prog001.mp4,GoiásLibras · base nacional
CAIR2,https://goiaslibras.educacao.go.gov.br/api/media/ines/palavras/videos/cair2Sm_Prog001.mp4,GoiásLibras · base nacional
CAIXA D´ÁGUA,https://dicionario.ines.gov.br/public/media/palavras/videos/caixa-guaSm_Prog001.mp4,GoiásLibras · base nacional
CAIXA1,https://goiaslibras.educacao.go.gov.br/api/media/ines/palavras/videos/caixaSm_Prog001.mp4,GoiásLibras · base nacional
CAIXA2,https://goiaslibras.educacao.go.gov.br/api/media/ines/palavras/videos/caixa2Sm_Prog001.mp4,GoiásLibras · base nacional
CAIXÃO,https://goiaslibras.educacao.go.gov.br/api/media/ines/palavras/videos/caixaoSm_Prog001.mp4,GoiásLibras · base nacional
CAJADO,https://goiaslibras.educacao.go.gov.br/api/media/ines/palavras/videos/cajadoSm_Prog001.mp4,GoiásLibras · base nacional
CAJU,https://goiaslibras.educacao.go.gov.br/api/media/ines/palavras/videos/cajuSm_Prog001.mp4,GoiásLibras · base nacional
CALADO,https://goiaslibras.educacao.go.gov.br/api/media/ines/palavras/videos/caladoSm_Prog001.mp4,GoiásLibras · base nacional
CALAFRIO,https://goiaslibras.educacao.go.gov.br/api/media/ines/palavras/videos/calafrioSm_Prog001.mp4,GoiásLibras · base nacional
CALAR,https://goiaslibras.educacao.go.gov.br/api/media/ines/palavras/videos/calarSm_Prog001.mp4,GoiásLibras · base nacional
CALAR A BOCA,https://goiaslibras.educacao.go.gov.br/api/media/ines/palavras/videos/calar-a-bocaSm_Prog001.mp4,GoiásLibras · base nacional
CALCANHAR,https://goiaslibras.educacao.go.gov.br/api/media/ines/palavras/videos/calcanharSm_Prog001.mp4,GoiásLibras · base nacional
CALCINHA,https://goiaslibras.educacao.go.gov.br/api/media/ines/palavras/videos/calcinhaSm_Prog001.mp4,GoiásLibras · base nacional
CALCULADORA,https://youtu.be/sGG1eUt5jqY,GoiásLibras · base nacional
CALCULAR,https://goiaslibras.educacao.go.gov.br/api/media/ines/palavras/videos/calcularSm_Prog001.mp4,GoiásLibras · base nacional
CALDA,https://goiaslibras.educacao.go.gov.br/api/media/ines/palavras/videos/caldaSm_Prog001.mp4,GoiásLibras · base nacional
CALENDÁRIO,https://goiaslibras.educacao.go.gov.br/api/media/ines/palavras/videos/calendarioSm_Prog001.mp4,GoiásLibras · base nacional
CALMA1,https://dicionario.ines.gov.br/public/media/palavras/videos/calma1Sm_Prog001.mp4,GoiásLibras · base nacional
CALMA2,https://goiaslibras.educacao.go.gov.br/api/media/ines/palavras/videos/calma2Sm_Prog001.mp4,GoiásLibras · base nacional
CALMANTE,https://goiaslibras.educacao.go.gov.br/api/media/ines/palavras/videos/calmanteSm_Prog001.mp4,GoiásLibras · base nacional
CALMO1,https://goiaslibras.educacao.go.gov.br/api/media/ines/palavras/videos/calmo1Sm_Prog001.mp4,GoiásLibras · base nacional
CALMO2,https://goiaslibras.educacao.go.gov.br/api/media/ines/palavras/videos/calmo2Sm_Prog001.mp4,GoiásLibras · base nacional
CALO,https://goiaslibras.educacao.go.gov.br/api/media/ines/palavras/videos/caloSm_Prog001.mp4,GoiásLibras · base nacional
CALOR,https://goiaslibras.educacao.go.gov.br/api/media/ines/palavras/videos/calorSm_Prog001.mp4,GoiásLibras · base nacional
CALVO,https://goiaslibras.educacao.go.gov.br/api/media/ines/palavras/videos/calvoSm_Prog001.mp4,GoiásLibras · base nacional
CALVÁRIO,https://goiaslibras.educacao.go.gov.br/api/media/ines/palavras/videos/calvarioSm_Prog001.mp4,GoiásLibras · base nacional
CALÇA,https://goiaslibras.educacao.go.gov.br/api/media/ines/palavras/videos/calcaSm_Prog001.mp4,GoiásLibras · base nacional
CALÇADA,https://goiaslibras.educacao.go.gov.br/api/media/ines/palavras/videos/calcadaSm_Prog001.mp4,GoiásLibras · base nacional
CALÇAR,https://goiaslibras.educacao.go.gov.br/api/media/ines/palavras/videos/calcarSm_Prog001.mp4,GoiásLibras · base nacional
CALÇÃO,https://goiaslibras.educacao.go.gov.br/api/media/ines/palavras/videos/calcaoSm_Prog001.mp4,GoiásLibras · base nacional
CALÚNIA,https://goiaslibras.educacao.go.gov.br/api/media/ines/palavras/videos/caluniaSm_Prog001.mp4,GoiásLibras · base nacional
CAMA,https://goiaslibras.educacao.go.gov.br/api/media/ines/palavras/videos/camaSm_Prog001.mp4,GoiásLibras · base nacional
CAMADA,https://goiaslibras.educacao.go.gov.br/api/media/ines/palavras/videos/camadaSm_Prog001.mp4,GoiásLibras · base nacional
CAMARONÊS,https://dicionario.ines.gov.br/public/media/palavras/videos/camaronesSm_Prog001.mp4,GoiásLibras · base nacional
CAMARÃO,https://goiaslibras.educacao.go.gov.br/api/media/ines/palavras/videos/camaraoSm_Prog001.mp4,GoiásLibras · base nacional
CAMARÕES,https://goiaslibras.educacao.go.gov.br/api/media/ines/palavras/videos/camaroesSm_Prog001.mp4,GoiásLibras · base nacional
CAMBALEAR,https://goiaslibras.educacao.go.gov.br/api/media/ines/palavras/videos/cambalearSm_Prog001.mp4,GoiásLibras · base nacional
CAMELO,https://goiaslibras.educacao.go.gov.br/api/media/ines/palavras/videos/cameloSm_Prog001.mp4,GoiásLibras · base nacional
CAMELÔ,https://dicionario.ines.gov.br/public/media/palavras/videos/camelôSm_Prog001.mp4,GoiásLibras · base nacional
CAMINHADA,https://goiaslibras.educacao.go.gov.br/api/media/ines/palavras/videos/caminhadaSm_Prog001.mp4,GoiásLibras · base nacional
CAMINHAR,https://goiaslibras.educacao.go.gov.br/api/media/ines/palavras/videos/caminharSm_Prog001.mp4,GoiásLibras · base nacional
CAMINHO,https://goiaslibras.educacao.go.gov.br/api/media/ines/palavras/videos/caminhoSm_Prog001.mp4,GoiásLibras · base nacional
CAMINHONETE,https://goiaslibras.educacao.go.gov.br/api/media/ines/palavras/videos/caminhoneteSm_Prog001.mp4,GoiásLibras · base nacional
CAMINHÃO,https://goiaslibras.educacao.go.gov.br/api/media/ines/palavras/videos/caminhaoSm_Prog001.mp4,GoiásLibras · base nacional
CAMISA,https://goiaslibras.educacao.go.gov.br/api/media/ines/palavras/videos/camisaSm_Prog001.mp4,GoiásLibras · base nacional
CAMISETA,https://goiaslibras.educacao.go.gov.br/api/media/ines/palavras/videos/camisetaSm_Prog001.mp4,GoiásLibras · base nacional
CAMISINHA,https://goiaslibras.educacao.go.gov.br/api/media/ines/palavras/videos/camisinhaSm_Prog001.mp4,GoiásLibras · base nacional
CAMISOLA,https://goiaslibras.educacao.go.gov.br/api/media/ines/palavras/videos/camisolaSm_Prog001.mp4,GoiásLibras · base nacional
CAMPAINHA,https://goiaslibras.educacao.go.gov.br/api/media/ines/palavras/videos/campainhaSm_Prog001.mp4,GoiásLibras · base nacional
CAMPANHA,https://goiaslibras.educacao.go.gov.br/api/media/ines/palavras/videos/campanhaSm_Prog001.mp4,GoiásLibras · base nacional
CAMPEONATO,https://goiaslibras.educacao.go.gov.br/api/media/ines/palavras/videos/campeonatoSm_Prog001.mp4,GoiásLibras · base nacional
CAMPEÃO,https://goiaslibras.educacao.go.gov.br/api/media/ines/palavras/videos/campeaoSm_Prog001.mp4,GoiásLibras · base nacional
CAMPO DE BATALHA,https://goiaslibras.educacao.go.gov.br/api/media/ines/palavras/videos/campo-de-batalhaSm_Prog001.mp4,GoiásLibras · base nacional
CAMPO1,https://goiaslibras.educacao.go.gov.br/api/media/ines/palavras/videos/campo1Sm_Prog001.mp4,GoiásLibras · base nacional
CAMPO2,https://goiaslibras.educacao.go.gov.br/api/media/ines/palavras/videos/campo2Sm_Prog001.mp4,GoiásLibras · base nacional
CAMUFLAR,https://goiaslibras.educacao.go.gov.br/api/media/ines/palavras/videos/camuflarSm_Prog001.mp4,GoiásLibras · base nacional
CAMUNDONGO,https://goiaslibras.educacao.go.gov.br/api/media/ines/palavras/videos/camundongoSm_Prog001.mp4,GoiásLibras · base nacional
CANA DE AÇÚCAR,https://goiaslibras.educacao.go.gov.br/api/media/ines/palavras/videos/cana-de-acucarSm_Prog001.mp4,GoiásLibras · base nacional
CANADENSE,https://goiaslibras.educacao.go.gov.br/api/media/ines/palavras/videos/canadenseSm_Prog001.mp4,GoiásLibras · base nacional
CANADÁ,https://goiaslibras.educacao.go.gov.br/api/media/ines/palavras/videos/canadaSm_Prog001.mp4,GoiásLibras · base nacional
CANAL,https://goiaslibras.educacao.go.gov.br/api/media/ines/palavras/videos/canalSm_Prog001.mp4,GoiásLibras · base nacional
CANAL DE TV,https://goiaslibras.educacao.go.gov.br/api/media/ines/palavras/videos/canal-de-tvSm_Prog001.mp4,GoiásLibras · base nacional
CANCELAR,https://goiaslibras.educacao.go.gov.br/api/media/ines/palavras/videos/cancelarSm_Prog001.mp4,GoiásLibras · base nacional
CANCELAR2,https://goiaslibras.educacao.go.gov.br/api/media/ines/palavras/videos/cancelar2Sm_Prog001.mp4,GoiásLibras · base nacional
CANECA,https://goiaslibras.educacao.go.gov.br/api/media/ines/palavras/videos/canecaSm_Prog001.mp4,GoiásLibras · base nacional
CANETA,https://youtu.be/imV6RntBnWQ,GoiásLibras · base nacional
CANGURU,https://goiaslibras.educacao.go.gov.br/api/media/ines/palavras/videos/canguruSm_Prog001.mp4,GoiásLibras · base nacional
CANHOTO1,https://goiaslibras.educacao.go.gov.br/api/media/ines/palavras/videos/canhoto1Sm_Prog001.mp4,GoiásLibras · base nacional
CANHOTO2,https://goiaslibras.educacao.go.gov.br/api/media/ines/palavras/videos/canhoto2Sm_Prog001.mp4,GoiásLibras · base nacional
CANHÃO,https://goiaslibras.educacao.go.gov.br/api/media/ines/palavras/videos/canhaoSm_Prog001.mp4,GoiásLibras · base nacional
CANJICA,https://goiaslibras.educacao.go.gov.br/api/media/ines/palavras/videos/canjicaSm_Prog001.mp4,GoiásLibras · base nacional
CANO,https://goiaslibras.educacao.go.gov.br/api/media/ines/palavras/videos/canoSm_Prog001.mp4,GoiásLibras · base nacional
CANOA,https://dicionario.ines.gov.br/public/media/palavras/videos/canoaSm_Prog001.mp4,GoiásLibras · base nacional
CANSADO,https://goiaslibras.educacao.go.gov.br/api/media/ines/palavras/videos/cansadoSm_Prog001.mp4,GoiásLibras · base nacional
CANSAR,https://goiaslibras.educacao.go.gov.br/api/media/ines/palavras/videos/cansarSm_Prog001.mp4,GoiásLibras · base nacional
CANSAÇO,https://goiaslibras.educacao.go.gov.br/api/media/ines/palavras/videos/cansacoSm_Prog001.mp4,GoiásLibras · base nacional
CANTAR,https://dicionario.ines.gov.br/public/media/palavras/videos/cantar1Sm_Prog001.mp4,GoiásLibras · base nacional
CANTO1,https://goiaslibras.educacao.go.gov.br/api/media/ines/palavras/videos/canto1Sm_Prog001.mp4,GoiásLibras · base nacional
CANTO2,https://goiaslibras.educacao.go.gov.br/api/media/ines/palavras/videos/canto2Sm_Prog001.mp4,GoiásLibras · base nacional
CANTOR,https://goiaslibras.educacao.go.gov.br/api/media/ines/palavras/videos/cantorSm_Prog001.mp4,GoiásLibras · base nacional
CANUDO,https://goiaslibras.educacao.go.gov.br/api/media/ines/palavras/videos/canudoSm_Prog001.mp4,GoiásLibras · base nacional
CANÁRIO,https://goiaslibras.educacao.go.gov.br/api/media/ines/palavras/videos/canarioSm_Prog001.mp4,GoiásLibras · base nacional
CANÇÃO,https://goiaslibras.educacao.go.gov.br/api/media/ines/palavras/videos/cancaoSm_Prog001.mp4,GoiásLibras · base nacional
CAPA DE CHUVA,https://goiaslibras.educacao.go.gov.br/api/media/ines/palavras/videos/capa-de-chuvaSm_Prog001.mp4,GoiásLibras · base nacional
CAPA1,https://goiaslibras.educacao.go.gov.br/api/media/ines/palavras/videos/capa1Sm_Prog001.mp4,GoiásLibras · base nacional
CAPA2,https://dicionario.ines.gov.br/public/media/palavras/videos/capaSm_Prog001.mp4,GoiásLibras · base nacional
CAPACETE,https://goiaslibras.educacao.go.gov.br/api/media/ines/palavras/videos/capaceteSm_Prog001.mp4,GoiásLibras · base nacional
CAPACIDADE,https://goiaslibras.educacao.go.gov.br/api/media/ines/palavras/videos/capacidadeSm_Prog001.mp4,GoiásLibras · base nacional
CAPAZ,https://goiaslibras.educacao.go.gov.br/api/media/ines/palavras/videos/capazSm_Prog001.mp4,GoiásLibras · base nacional
CAPELA,https://goiaslibras.educacao.go.gov.br/api/media/ines/palavras/videos/capelaSm_Prog001.mp4,GoiásLibras · base nacional
CAPENGAR,https://goiaslibras.educacao.go.gov.br/api/media/ines/palavras/videos/capengarSm_Prog001.mp4,GoiásLibras · base nacional
CAPIM1,https://goiaslibras.educacao.go.gov.br/api/media/ines/palavras/videos/capim1Sm_Prog001.mp4,GoiásLibras · base nacional
CAPIM2,https://goiaslibras.educacao.go.gov.br/api/media/ines/palavras/videos/capim2Sm_Prog001.mp4,GoiásLibras · base nacional
CAPITAL,https://goiaslibras.educacao.go.gov.br/api/media/ines/palavras/videos/capitalSm_Prog001.mp4,GoiásLibras · base nacional
CAPITAL2,https://goiaslibras.educacao.go.gov.br/api/media/ines/palavras/videos/capital2Sm_Prog001.mp4,GoiásLibras · base nacional
CAPITÃO,https://goiaslibras.educacao.go.gov.br/api/media/ines/palavras/videos/capitao2Sm_Prog001.mp4,GoiásLibras · base nacional
CAPOEIRA,https://goiaslibras.educacao.go.gov.br/api/media/ines/palavras/videos/capoeiraSm_Prog001.mp4,GoiásLibras · base nacional
CAPOTAR,https://goiaslibras.educacao.go.gov.br/api/media/ines/palavras/videos/capotarSm_Prog001.mp4,GoiásLibras · base nacional
CAPRICHAR,https://goiaslibras.educacao.go.gov.br/api/media/ines/palavras/videos/capricharSm_Prog001.mp4,GoiásLibras · base nacional
CAPTAR,https://goiaslibras.educacao.go.gov.br/api/media/ines/palavras/videos/captarSm_Prog001.mp4,GoiásLibras · base nacional
CAPÍTULO,https://dicionario.ines.gov.br/public/media/palavras/videos/capitulo2Sm_Prog001.mp4,GoiásLibras · base nacional
CARA,https://goiaslibras.educacao.go.gov.br/api/media/ines/palavras/videos/caraSm_Prog001.mp4,GoiásLibras · base nacional
CARA FEIA1,https://goiaslibras.educacao.go.gov.br/api/media/ines/palavras/videos/cara-feiaSm_Prog001.mp4,GoiásLibras · base nacional
CARA FEIA2,https://goiaslibras.educacao.go.gov.br/api/media/ines/palavras/videos/cara-feia2Sm_Prog001.mp4,GoiásLibras · base nacional
CARANGUEJO,https://dicionario.ines.gov.br/public/media/palavras/videos/caranguejoSm_Prog001.mp4,GoiásLibras · base nacional
CARATÊ,https://goiaslibras.educacao.go.gov.br/api/media/ines/palavras/videos/carateSm_Prog001.mp4,GoiásLibras · base nacional
CARBURADOR,https://goiaslibras.educacao.go.gov.br/api/media/ines/palavras/videos/carburadorSm_Prog001.mp4,GoiásLibras · base nacional
CARECA,https://goiaslibras.educacao.go.gov.br/api/media/ines/palavras/videos/carecaSm_Prog001.mp4,GoiásLibras · base nacional
CARIMBAR1,https://goiaslibras.educacao.go.gov.br/api/media/ines/palavras/videos/carimbar1Sm_Prog001.mp4,GoiásLibras · base nacional
CARIMBAR2,https://goiaslibras.educacao.go.gov.br/api/media/ines/palavras/videos/carimbar2Sm_Prog001.mp4,GoiásLibras · base nacional
CARINHO,https://goiaslibras.educacao.go.gov.br/api/media/ines/palavras/videos/carinhoSm_Prog001.mp4,GoiásLibras · base nacional
CARNAVAL,https://goiaslibras.educacao.go.gov.br/api/media/ines/palavras/videos/carnavalSm_Prog001.mp4,GoiásLibras · base nacional
CARNE,https://goiaslibras.educacao.go.gov.br/api/media/ines/palavras/videos/carneSm_Prog001.mp4,GoiásLibras · base nacional
CARNE ASSADA,https://goiaslibras.educacao.go.gov.br/api/media/ines/palavras/videos/carne-assadaSm_Prog001.mp4,GoiásLibras · base nacional
CARNE MOÍDA,https://goiaslibras.educacao.go.gov.br/api/media/ines/palavras/videos/carne-moidaSm_Prog001.mp4,GoiásLibras · base nacional
CARNEIRO,https://goiaslibras.educacao.go.gov.br/api/media/ines/palavras/videos/carneiroSm_Prog001.mp4,GoiásLibras · base nacional
CARNÊ,https://dicionario.ines.gov.br/public/media/palavras/videos/carnêSm_Prog001.mp4,GoiásLibras · base nacional
CARO1,https://goiaslibras.educacao.go.gov.br/api/media/ines/palavras/videos/caro2Sm_Prog001.mp4,GoiásLibras · base nacional
CARO2,https://dicionario.ines.gov.br/public/media/palavras/videos/caro3Sm_Prog001.mp4,GoiásLibras · base nacional
CARONA,https://goiaslibras.educacao.go.gov.br/api/media/ines/palavras/videos/caronaSm_Prog001.mp4,GoiásLibras · base nacional
CARPINTARIA,https://goiaslibras.educacao.go.gov.br/api/media/ines/palavras/videos/carpintariaSm_Prog001.mp4,GoiásLibras · base nacional
CARPINTEIRO,https://goiaslibras.educacao.go.gov.br/api/media/ines/palavras/videos/carpinteiroSm_Prog001.mp4,GoiásLibras · base nacional
CARREGAR,https://goiaslibras.educacao.go.gov.br/api/media/ines/palavras/videos/carregarSm_Prog001.mp4,GoiásLibras · base nacional
CARRINHO1,https://goiaslibras.educacao.go.gov.br/api/media/ines/palavras/videos/carrinho1Sm_Prog001.mp4,GoiásLibras · base nacional
CARRINHO2,https://goiaslibras.educacao.go.gov.br/api/media/ines/palavras/videos/carrinho2Sm_Prog001.mp4,GoiásLibras · base nacional
CARRO,https://goiaslibras.educacao.go.gov.br/api/media/ines/palavras/videos/carroSm_Prog001.mp4,GoiásLibras · base nacional
CARROÇA,https://goiaslibras.educacao.go.gov.br/api/media/ines/palavras/videos/carrocaSm_Prog001.mp4,GoiásLibras · base nacional
CARTA1,https://goiaslibras.educacao.go.gov.br/api/media/ines/palavras/videos/carta1Sm_Prog001.mp4,GoiásLibras · base nacional
CARTA2,https://goiaslibras.educacao.go.gov.br/api/media/ines/palavras/videos/carta2Sm_Prog001.mp4,GoiásLibras · base nacional
CARTAZ,https://goiaslibras.educacao.go.gov.br/api/media/ines/palavras/videos/cartazSm_Prog001.mp4,GoiásLibras · base nacional
CARTEIRA DE BOLSO1,https://dicionario.ines.gov.br/public/media/palavras/videos/carteira-de-bolso1Sm_Prog001.mp4,GoiásLibras · base nacional
CARTEIRA DE BOLSO2,https://goiaslibras.educacao.go.gov.br/api/media/ines/palavras/videos/carteira-de-bolso2Sm_Prog001.mp4,GoiásLibras · base nacional
CARTEIRA DE HABILITAÇÃO,https://goiaslibras.educacao.go.gov.br/api/media/ines/palavras/videos/carteira-de-habilitacaoSm_Prog001.mp4,GoiásLibras · base nacional
CARTEIRA DE IDENTIDADE,https://goiaslibras.educacao.go.gov.br/api/media/ines/palavras/videos/carteira-de-identidadeSm_Prog001.mp4,GoiásLibras · base nacional
CARTEIRA DE TRABALHO,https://dicionario.ines.gov.br/public/media/palavras/videos/carteira-trabalhistaSm_Prog001.mp4,GoiásLibras · base nacional
CARTOLA,https://goiaslibras.educacao.go.gov.br/api/media/ines/palavras/videos/cartolaSm_Prog001.mp4,GoiásLibras · base nacional
CARTÃO DE PONTO,https://goiaslibras.educacao.go.gov.br/api/media/ines/palavras/videos/cartao-de-pontoSm_Prog001.mp4,GoiásLibras · base nacional
CARTÃO1,https://goiaslibras.educacao.go.gov.br/api/media/ines/palavras/videos/cartaoSm_Prog001.mp4,GoiásLibras · base nacional
CARTÃO2,https://goiaslibras.educacao.go.gov.br/api/media/ines/palavras/videos/cartao-de-creditoSm_Prog001.mp4,GoiásLibras · base nacional
CARTÓRIO,https://goiaslibras.educacao.go.gov.br/api/media/ines/palavras/videos/cartorioSm_Prog001.mp4,GoiásLibras · base nacional
CASA,https://goiaslibras.educacao.go.gov.br/api/media/ines/palavras/videos/casaSm_Prog001.mp4,GoiásLibras · base nacional
CASACO,https://goiaslibras.educacao.go.gov.br/api/media/ines/palavras/videos/casacoSm_Prog001.mp4,GoiásLibras · base nacional
CASADO,https://goiaslibras.educacao.go.gov.br/api/media/ines/palavras/videos/casadoSm_Prog001.mp4,GoiásLibras · base nacional
CASAL1,https://goiaslibras.educacao.go.gov.br/api/media/ines/palavras/videos/casal1Sm_Prog001.mp4,GoiásLibras · base nacional
CASAL2,https://goiaslibras.educacao.go.gov.br/api/media/ines/palavras/videos/casal2Sm_Prog001.mp4,GoiásLibras · base nacional
CASAMENTO,https://goiaslibras.educacao.go.gov.br/api/media/ines/palavras/videos/casamentoSm_Prog001.mp4,GoiásLibras · base nacional
CASAR,https://goiaslibras.educacao.go.gov.br/api/media/ines/palavras/videos/casarSm_Prog001.mp4,GoiásLibras · base nacional
CASTIGAR,https://goiaslibras.educacao.go.gov.br/api/media/ines/palavras/videos/castigarSm_Prog001.mp4,GoiásLibras · base nacional
CASTIGO,https://goiaslibras.educacao.go.gov.br/api/media/ines/palavras/videos/castigoSm_Prog001.mp4,GoiásLibras · base nacional
CASTRAR,https://goiaslibras.educacao.go.gov.br/api/media/ines/palavras/videos/castrarSm_Prog001.mp4,GoiásLibras · base nacional
CATAPORA,https://goiaslibras.educacao.go.gov.br/api/media/ines/palavras/videos/cataporaSm_Prog001.mp4,GoiásLibras · base nacional
CATARRO,https://goiaslibras.educacao.go.gov.br/api/media/ines/palavras/videos/catarroSm_Prog001.mp4,GoiásLibras · base nacional
CATEGORIA,https://goiaslibras.educacao.go.gov.br/api/media/ines/palavras/videos/categoriaSm_Prog001.mp4,GoiásLibras · base nacional
CATOLICISMO,https://goiaslibras.educacao.go.gov.br/api/media/ines/palavras/videos/catolicismoSm_Prog001.mp4,GoiásLibras · base nacional
CATORZE,https://goiaslibras.educacao.go.gov.br/api/media/ines/palavras/videos/catorzeSm_Prog001.mp4,GoiásLibras · base nacional
CATRACA1,https://goiaslibras.educacao.go.gov.br/api/media/ines/palavras/videos/catracaSm_Prog001.mp4,GoiásLibras · base nacional
CATRACA2,https://goiaslibras.educacao.go.gov.br/api/media/ines/palavras/videos/catraca2Sm_Prog001.mp4,GoiásLibras · base nacional
CATÁLOGO,https://goiaslibras.educacao.go.gov.br/api/media/ines/palavras/videos/catalogoSm_Prog001.mp4,GoiásLibras · base nacional
CATÓLICO,https://goiaslibras.educacao.go.gov.br/api/media/ines/palavras/videos/catolicoSm_Prog001.mp4,GoiásLibras · base nacional
CAUDA1,https://dicionario.ines.gov.br/public/media/palavras/videos/caudaSm_Prog001.mp4,GoiásLibras · base nacional
CAUDA2,https://goiaslibras.educacao.go.gov.br/api/media/ines/palavras/videos/cauda1Sm_Prog001.mp4,GoiásLibras · base nacional
CAULE,https://goiaslibras.educacao.go.gov.br/api/media/ines/palavras/videos/cauleSm_Prog001.mp4,GoiásLibras · base nacional
CAVALGAR,https://goiaslibras.educacao.go.gov.br/api/media/ines/palavras/videos/cavalgarSm_Prog001.mp4,GoiásLibras · base nacional
CAVALO,https://goiaslibras.educacao.go.gov.br/api/media/ines/palavras/videos/cavaloSm_Prog001.mp4,GoiásLibras · base nacional
CAVALO-MARINHO,https://goiaslibras.educacao.go.gov.br/api/media/ines/palavras/videos/cavalo marinhoSm_Prog001.mp4,GoiásLibras · base nacional
CAVANHAQUE,https://goiaslibras.educacao.go.gov.br/api/media/ines/palavras/videos/cavanhaqueSm_Prog001.mp4,GoiásLibras · base nacional
CAVEIRA,https://goiaslibras.educacao.go.gov.br/api/media/ines/palavras/videos/caveiraSm_Prog001.mp4,GoiásLibras · base nacional
CAVIDADE NASAL,https://dicionario.ines.gov.br/public/media/palavras/videos/cavidade-nasalSm_Prog001.mp4,GoiásLibras · base nacional
CAÇADOR,https://goiaslibras.educacao.go.gov.br/api/media/ines/palavras/videos/cacadorSm_Prog001.mp4,GoiásLibras · base nacional
CAÇAR,https://goiaslibras.educacao.go.gov.br/api/media/ines/palavras/videos/cacarSm_Prog001.mp4,GoiásLibras · base nacional
CAÇOAR,https://goiaslibras.educacao.go.gov.br/api/media/ines/palavras/videos/cacoarSm_Prog001.mp4,GoiásLibras · base nacional
CAÇULA,https://goiaslibras.educacao.go.gov.br/api/media/ines/palavras/videos/caculaSm_Prog001.mp4,GoiásLibras · base nacional
CD-ROM,https://goiaslibras.educacao.go.gov.br/api/media/ines/palavras/videos/cd-romSm_Prog001.mp4,GoiásLibras · base nacional
CEBOLA,https://goiaslibras.educacao.go.gov.br/api/media/ines/palavras/videos/cebolaSm_Prog001.mp4,GoiásLibras · base nacional
CEDO1,https://dicionario.ines.gov.br/public/media/palavras/videos/cedoSm_Prog001.mp4,GoiásLibras · base nacional
CEDO2,https://goiaslibras.educacao.go.gov.br/api/media/ines/palavras/videos/cedo2Sm_Prog001.mp4,GoiásLibras · base nacional
CEGO,https://goiaslibras.educacao.go.gov.br/api/media/ines/palavras/videos/cegoSm_Prog001.mp4,GoiásLibras · base nacional
CEIA,https://goiaslibras.educacao.go.gov.br/api/media/ines/palavras/videos/ceiaSm_Prog001.mp4,GoiásLibras · base nacional
CEIFAR,https://goiaslibras.educacao.go.gov.br/api/media/ines/palavras/videos/ceifarSm_Prog001.mp4,GoiásLibras · base nacional
CELA,https://goiaslibras.educacao.go.gov.br/api/media/ines/palavras/videos/celaSm_Prog001.mp4,GoiásLibras · base nacional
CELEBRAR,https://goiaslibras.educacao.go.gov.br/api/media/ines/palavras/videos/celebrarSm_Prog001.mp4,GoiásLibras · base nacional
CELIBATO,https://goiaslibras.educacao.go.gov.br/api/media/ines/palavras/videos/celibatoSm_Prog001.mp4,GoiásLibras · base nacional
CELULAR1,https://goiaslibras.educacao.go.gov.br/api/media/ines/palavras/videos/celular1Sm_Prog001.mp4,GoiásLibras · base nacional
CELULAR2,https://goiaslibras.educacao.go.gov.br/api/media/ines/palavras/videos/celular2Sm_Prog001.mp4,GoiásLibras · base nacional
CEM,https://goiaslibras.educacao.go.gov.br/api/media/ines/palavras/videos/cemSm_Prog001.mp4,GoiásLibras · base nacional
CEMITÉRIO,https://goiaslibras.educacao.go.gov.br/api/media/ines/palavras/videos/cemiterioSm_Prog001.mp4,GoiásLibras · base nacional
CENOURA,https://goiaslibras.educacao.go.gov.br/api/media/ines/palavras/videos/cenoura1Sm_Prog001.mp4,GoiásLibras · base nacional
CENSURAR,https://goiaslibras.educacao.go.gov.br/api/media/ines/palavras/videos/censurarSm_Prog001.mp4,GoiásLibras · base nacional
CENTRO1,https://goiaslibras.educacao.go.gov.br/api/media/ines/palavras/videos/centro1Sm_Prog001.mp4,GoiásLibras · base nacional
CENTRO2,https://goiaslibras.educacao.go.gov.br/api/media/ines/palavras/videos/centro2Sm_Prog001.mp4,GoiásLibras · base nacional
CENTRO3,https://goiaslibras.educacao.go.gov.br/api/media/ines/palavras/videos/centro3Sm_Prog001.mp4,GoiásLibras · base nacional
CENTÍMETRO,https://goiaslibras.educacao.go.gov.br/api/media/ines/palavras/videos/centimetroSm_Prog001.mp4,GoiásLibras · base nacional
CERCA,https://goiaslibras.educacao.go.gov.br/api/media/ines/palavras/videos/cercaSm_Prog001.mp4,GoiásLibras · base nacional
CERCAR,https://goiaslibras.educacao.go.gov.br/api/media/ines/palavras/videos/cercarSm_Prog001.mp4,GoiásLibras · base nacional
CEREJA,https://goiaslibras.educacao.go.gov.br/api/media/ines/palavras/videos/cerejaSm_Prog001.mp4,GoiásLibras · base nacional
CERRAÇÃO,https://goiaslibras.educacao.go.gov.br/api/media/ines/palavras/videos/cerracaoSm_Prog001.mp4,GoiásLibras · base nacional
CERTIFICAR,https://goiaslibras.educacao.go.gov.br/api/media/ines/palavras/videos/certificarSm_Prog001.mp4,GoiásLibras · base nacional
CERTO1,https://dicionario.ines.gov.br/public/media/palavras/videos/certoSm_Prog001.mp4,GoiásLibras · base nacional
CERTO2,https://goiaslibras.educacao.go.gov.br/api/media/ines/palavras/videos/certo2Sm_Prog001.mp4,GoiásLibras · base nacional
CERVEJA,https://goiaslibras.educacao.go.gov.br/api/media/ines/palavras/videos/cervejaSm_Prog001.mp4,GoiásLibras · base nacional
CERÉBRO,https://goiaslibras.educacao.go.gov.br/api/media/ines/palavras/videos/cerebroSm_Prog001.mp4,GoiásLibras · base nacional
CESARIANA,https://goiaslibras.educacao.go.gov.br/api/media/ines/palavras/videos/cesarianaSm_Prog001.mp4,GoiásLibras · base nacional
CESTA,https://goiaslibras.educacao.go.gov.br/api/media/ines/palavras/videos/cestaSm_Prog001.mp4,GoiásLibras · base nacional
CESTA DE LIXO,https://dicionario.ines.gov.br/public/media/palavras/videos/cesto-de-lixoSm_Prog001.mp4,GoiásLibras · base nacional
CHAFARIZ,https://goiaslibras.educacao.go.gov.br/api/media/ines/palavras/videos/chafarizSm_Prog001.mp4,GoiásLibras · base nacional
CHAMAR1,https://goiaslibras.educacao.go.gov.br/api/media/ines/palavras/videos/chamar1Sm_Prog001.mp4,GoiásLibras · base nacional
CHAMAR2,https://goiaslibras.educacao.go.gov.br/api/media/ines/palavras/videos/chamar2Sm_Prog001.mp4,GoiásLibras · base nacional
CHAMAR3,https://goiaslibras.educacao.go.gov.br/api/media/ines/palavras/videos/chamar3Sm_Prog001.mp4,GoiásLibras · base nacional
CHAMINÉ,https://goiaslibras.educacao.go.gov.br/api/media/ines/palavras/videos/chamineSm_Prog001.mp4,GoiásLibras · base nacional
CHAMPANHE,https://dicionario.ines.gov.br/public/media/palavras/videos/champagneSm_Prog001.mp4,GoiásLibras · base nacional
CHANCE,https://goiaslibras.educacao.go.gov.br/api/media/ines/palavras/videos/chanceSm_Prog001.mp4,GoiásLibras · base nacional
CHANTILY,https://goiaslibras.educacao.go.gov.br/api/media/ines/palavras/videos/chantilySm_Prog001.mp4,GoiásLibras · base nacional
CHAPÉU1,https://goiaslibras.educacao.go.gov.br/api/media/ines/palavras/videos/chapeuSm_Prog001.mp4,GoiásLibras · base nacional
CHAPÉU2,https://goiaslibras.educacao.go.gov.br/api/media/ines/palavras/videos/chapeu2Sm_Prog001.mp4,GoiásLibras · base nacional
CHARUTO,https://goiaslibras.educacao.go.gov.br/api/media/ines/palavras/videos/charutoSm_Prog001.mp4,GoiásLibras · base nacional
CHATEADO,https://goiaslibras.educacao.go.gov.br/api/media/ines/palavras/videos/chateadoSm_Prog001.mp4,GoiásLibras · base nacional
CHATEAR,https://goiaslibras.educacao.go.gov.br/api/media/ines/palavras/videos/chatearSm_Prog001.mp4,GoiásLibras · base nacional
CHATO1,https://goiaslibras.educacao.go.gov.br/api/media/ines/palavras/videos/chato1Sm_Prog001.mp4,GoiásLibras · base nacional
CHATO2,https://goiaslibras.educacao.go.gov.br/api/media/ines/palavras/videos/chato2Sm_Prog001.mp4,GoiásLibras · base nacional
CHATO3,https://goiaslibras.educacao.go.gov.br/api/media/ines/palavras/videos/chato3Sm_Prog001.mp4,GoiásLibras · base nacional
CHATO4,https://goiaslibras.educacao.go.gov.br/api/media/ines/palavras/videos/chato4Sm_Prog001.mp4,GoiásLibras · base nacional
CHAVE,https://goiaslibras.educacao.go.gov.br/api/media/ines/palavras/videos/chaveSm_Prog001.mp4,GoiásLibras · base nacional
CHAVE DE FENDA,https://goiaslibras.educacao.go.gov.br/api/media/ines/palavras/videos/chave_de_fendaSm_Prog001.mp4,GoiásLibras · base nacional
CHAVE PHILIPS,https://dicionario.ines.gov.br/public/media/palavras/videos/chave-philipsSm_Prog001.mp4,GoiásLibras · base nacional
CHEFE,https://goiaslibras.educacao.go.gov.br/api/media/ines/palavras/videos/chefeSm_Prog001.mp4,GoiásLibras · base nacional
CHEFIAR,https://goiaslibras.educacao.go.gov.br/api/media/ines/palavras/videos/chefiarSm_Prog001.mp4,GoiásLibras · base nacional
CHEGA ! (BASTA),https://goiaslibras.educacao.go.gov.br/api/media/ines/palavras/videos/chegaSm_Prog001.mp4,GoiásLibras · base nacional
CHEGAR1,https://goiaslibras.educacao.go.gov.br/api/media/ines/palavras/videos/chegar1Sm_Prog001.mp4,GoiásLibras · base nacional
CHEGAR2,https://goiaslibras.educacao.go.gov.br/api/media/ines/palavras/videos/chegar2Sm_Prog001.mp4,GoiásLibras · base nacional
CHEGAR3,https://goiaslibras.educacao.go.gov.br/api/media/ines/palavras/videos/chegar3Sm_Prog001.mp4,GoiásLibras · base nacional
CHEIO,https://goiaslibras.educacao.go.gov.br/api/media/ines/palavras/videos/cheiaSm_Prog001.mp4,GoiásLibras · base nacional
CHEIO1,https://goiaslibras.educacao.go.gov.br/api/media/ines/palavras/videos/cheio1Sm_Prog001.mp4,GoiásLibras · base nacional
CHEIO2,https://goiaslibras.educacao.go.gov.br/api/media/ines/palavras/videos/cheio2Sm_Prog001.mp4,GoiásLibras · base nacional
CHEIO3,https://goiaslibras.educacao.go.gov.br/api/media/ines/palavras/videos/cheio3Sm_Prog001.mp4,GoiásLibras · base nacional
CHEIO4,https://goiaslibras.educacao.go.gov.br/api/media/ines/palavras/videos/cheio4Sm_Prog001.mp4,GoiásLibras · base nacional
CHEIO5,https://goiaslibras.educacao.go.gov.br/api/media/ines/palavras/videos/cheio5Sm_Prog001.mp4,GoiásLibras · base nacional
CHEIO6,https://goiaslibras.educacao.go.gov.br/api/media/ines/palavras/videos/cheio6Sm_Prog001.mp4,GoiásLibras · base nacional
CHEIRAR,https://goiaslibras.educacao.go.gov.br/api/media/ines/palavras/videos/cheirarSm_Prog001.mp4,GoiásLibras · base nacional
CHEIRO1,https://goiaslibras.educacao.go.gov.br/api/media/ines/palavras/videos/cheirarSm_Prog001.mp4,GoiásLibras · base nacional
CHEIRO2,https://goiaslibras.educacao.go.gov.br/api/media/ines/palavras/videos/cheiro2Sm_Prog001.mp4,GoiásLibras · base nacional
CHEIRO3,https://goiaslibras.educacao.go.gov.br/api/media/ines/palavras/videos/cheiro3Sm_Prog001.mp4,GoiásLibras · base nacional
CHEIROSO,https://goiaslibras.educacao.go.gov.br/api/media/ines/palavras/videos/cheirosoSm_Prog001.mp4,GoiásLibras · base nacional
CHEQUE,https://goiaslibras.educacao.go.gov.br/api/media/ines/palavras/videos/chequeSm_Prog001.mp4,GoiásLibras · base nacional
CHICLETE1,https://goiaslibras.educacao.go.gov.br/api/media/ines/palavras/videos/chiclete1Sm_Prog001.mp4,GoiásLibras · base nacional
CHICLETE2,https://goiaslibras.educacao.go.gov.br/api/media/ines/palavras/videos/chiclete2Sm_Prog001.mp4,GoiásLibras · base nacional
CHICOTE,https://goiaslibras.educacao.go.gov.br/api/media/ines/palavras/videos/chicoteSm_Prog001.mp4,GoiásLibras · base nacional
CHICOTEAR,https://goiaslibras.educacao.go.gov.br/api/media/ines/palavras/videos/chicotearSm_Prog001.mp4,GoiásLibras · base nacional
CHIFRE,https://goiaslibras.educacao.go.gov.br/api/media/ines/palavras/videos/chifreSm_Prog001.mp4,GoiásLibras · base nacional
CHILE,https://goiaslibras.educacao.go.gov.br/api/media/ines/palavras/videos/chileSm_Prog001.mp4,GoiásLibras · base nacional
CHILENO,https://goiaslibras.educacao.go.gov.br/api/media/ines/palavras/videos/chilenoSm_Prog001.mp4,GoiásLibras · base nacional
CHINA,https://goiaslibras.educacao.go.gov.br/api/media/ines/palavras/videos/chinaSm_Prog001.mp4,GoiásLibras · base nacional
CHINELO,https://goiaslibras.educacao.go.gov.br/api/media/ines/palavras/videos/chilenoSm_Prog001.mp4,GoiásLibras · base nacional
CHINELO,https://goiaslibras.educacao.go.gov.br/api/media/ines/palavras/videos/chineloSm_Prog001.mp4,GoiásLibras · base nacional
CHINÊS,https://goiaslibras.educacao.go.gov.br/api/media/ines/palavras/videos/chinesSm_Prog001.mp4,GoiásLibras · base nacional
CHOCALHO,https://goiaslibras.educacao.go.gov.br/api/media/ines/palavras/videos/chocalhoSm_Prog001.mp4,GoiásLibras · base nacional
CHOCAR1,https://goiaslibras.educacao.go.gov.br/api/media/ines/palavras/videos/chocar1Sm_Prog001.mp4,GoiásLibras · base nacional
CHOCAR2,https://goiaslibras.educacao.go.gov.br/api/media/ines/palavras/videos/chocar2Sm_Prog001.mp4,GoiásLibras · base nacional
CHOCAR3,https://goiaslibras.educacao.go.gov.br/api/media/ines/palavras/videos/chocar3Sm_Prog001.mp4,GoiásLibras · base nacional
CHOCOLATE,https://goiaslibras.educacao.go.gov.br/api/media/ines/palavras/videos/chocolateSm_Prog001.mp4,GoiásLibras · base nacional
CHOFER,https://goiaslibras.educacao.go.gov.br/api/media/ines/palavras/videos/choferSm_Prog001.mp4,GoiásLibras · base nacional
CHOPP,https://goiaslibras.educacao.go.gov.br/api/media/ines/palavras/videos/choppSm_Prog001.mp4,GoiásLibras · base nacional
CHOQUE1,https://goiaslibras.educacao.go.gov.br/api/media/ines/palavras/videos/choque1Sm_Prog001.mp4,GoiásLibras · base nacional
CHOQUE2,https://goiaslibras.educacao.go.gov.br/api/media/ines/palavras/videos/choque2Sm_Prog001.mp4,GoiásLibras · base nacional
CHORAR,https://goiaslibras.educacao.go.gov.br/api/media/ines/palavras/videos/chorarSm_Prog001.mp4,GoiásLibras · base nacional
CHORO,https://goiaslibras.educacao.go.gov.br/api/media/ines/palavras/videos/choroSm_Prog001.mp4,GoiásLibras · base nacional
CHOVER,https://goiaslibras.educacao.go.gov.br/api/media/ines/palavras/videos/choverSm_Prog001.mp4,GoiásLibras · base nacional
CHUCHU,https://goiaslibras.educacao.go.gov.br/api/media/ines/palavras/videos/chuchuSm_Prog001.mp4,GoiásLibras · base nacional
CHUPAR LARANJA,https://goiaslibras.educacao.go.gov.br/api/media/ines/palavras/videos/chupar3Sm_Prog001.mp4,GoiásLibras · base nacional
CHUPAR PIRULITO,https://goiaslibras.educacao.go.gov.br/api/media/ines/palavras/videos/chupar1Sm_Prog001.mp4,GoiásLibras · base nacional
CHUPETA,https://goiaslibras.educacao.go.gov.br/api/media/ines/palavras/videos/chupetaSm_Prog001.mp4,GoiásLibras · base nacional
CHURRASCARIA,https://goiaslibras.educacao.go.gov.br/api/media/ines/palavras/videos/churrascariaSm_Prog001.mp4,GoiásLibras · base nacional
CHURRASCO,https://goiaslibras.educacao.go.gov.br/api/media/ines/palavras/videos/churrascoSm_Prog001.mp4,GoiásLibras · base nacional
CHURRASQUEIRA,https://goiaslibras.educacao.go.gov.br/api/media/ines/palavras/videos/churrasqueiraSm_Prog001.mp4,GoiásLibras · base nacional
CHURRASQUINHO,https://goiaslibras.educacao.go.gov.br/api/media/ines/palavras/videos/churrasquinhoSm_Prog001.mp4,GoiásLibras · base nacional
CHUTAR1,https://goiaslibras.educacao.go.gov.br/api/media/ines/palavras/videos/chutar1Sm_Prog001.mp4,GoiásLibras · base nacional
CHUTAR2,https://goiaslibras.educacao.go.gov.br/api/media/ines/palavras/videos/chutar2Sm_Prog001.mp4,GoiásLibras · base nacional
CHUVA,https://goiaslibras.educacao.go.gov.br/api/media/ines/palavras/videos/chuvaSm_Prog001.mp4,GoiásLibras · base nacional
CHUVEIRO,https://goiaslibras.educacao.go.gov.br/api/media/ines/palavras/videos/chuveiroSm_Prog001.mp4,GoiásLibras · base nacional
CHÁ1,https://goiaslibras.educacao.go.gov.br/api/media/ines/palavras/videos/cha1Sm_Prog001.mp4,GoiásLibras · base nacional
CHÁ2,https://dicionario.ines.gov.br/public/media/palavras/videos/chaSm_Prog001.mp4,GoiásLibras · base nacional
CHÃO,https://goiaslibras.educacao.go.gov.br/api/media/ines/palavras/videos/chaoSm_Prog001.mp4,GoiásLibras · base nacional
CICLISMO,https://goiaslibras.educacao.go.gov.br/api/media/ines/palavras/videos/ciclismoSm_Prog001.mp4,GoiásLibras · base nacional
CIDADE,https://goiaslibras.educacao.go.gov.br/api/media/ines/palavras/videos/cidadeSm_Prog001.mp4,GoiásLibras · base nacional
CIGARRA,https://goiaslibras.educacao.go.gov.br/api/media/ines/palavras/videos/cigarraSm_Prog001.mp4,GoiásLibras · base nacional
CIGARRO,https://goiaslibras.educacao.go.gov.br/api/media/ines/palavras/videos/cigarroSm_Prog001.mp4,GoiásLibras · base nacional
CILINDRO,https://goiaslibras.educacao.go.gov.br/api/media/ines/palavras/videos/cilindroSm_Prog001.mp4,GoiásLibras · base nacional
CIMENTO,https://goiaslibras.educacao.go.gov.br/api/media/ines/palavras/videos/cimentoSm_Prog001.mp4,GoiásLibras · base nacional
CINCO,https://goiaslibras.educacao.go.gov.br/api/media/ines/palavras/videos/cincoSm_Prog001.mp4,GoiásLibras · base nacional
CINCO MIL,https://dicionario.ines.gov.br/public/media/palavras/videos/cinco milSm_Prog001.mp4,GoiásLibras · base nacional
CINEMA,https://goiaslibras.educacao.go.gov.br/api/media/ines/palavras/videos/cinemaSm_Prog001.mp4,GoiásLibras · base nacional
CINQUENTA,https://goiaslibras.educacao.go.gov.br/api/media/ines/palavras/videos/cinquentaSm_Prog001.mp4,GoiásLibras · base nacional
CINTO1,https://goiaslibras.educacao.go.gov.br/api/media/ines/palavras/videos/cinto1Sm_Prog001.mp4,GoiásLibras · base nacional
CINTO2,https://goiaslibras.educacao.go.gov.br/api/media/ines/palavras/videos/cinto2Sm_Prog001.mp4,GoiásLibras · base nacional
CINTURA,https://goiaslibras.educacao.go.gov.br/api/media/ines/palavras/videos/cinturaSm_Prog001.mp4,GoiásLibras · base nacional
CINZA1,https://goiaslibras.educacao.go.gov.br/api/media/ines/palavras/videos/cinza1Sm_Prog001.mp4,GoiásLibras · base nacional
CINZA2,https://goiaslibras.educacao.go.gov.br/api/media/ines/palavras/videos/cinza2Sm_Prog001.mp4,GoiásLibras · base nacional
CINZEIRO,https://goiaslibras.educacao.go.gov.br/api/media/ines/palavras/videos/cinzeiroSm_Prog001.mp4,GoiásLibras · base nacional
CIRCO,https://goiaslibras.educacao.go.gov.br/api/media/ines/palavras/videos/circoSm_Prog001.mp4,GoiásLibras · base nacional
CIRCULAR,https://goiaslibras.educacao.go.gov.br/api/media/ines/palavras/videos/circularSm_Prog001.mp4,GoiásLibras · base nacional
CIRCUNCIDAR,https://goiaslibras.educacao.go.gov.br/api/media/ines/palavras/videos/circuncidarSm_Prog001.mp4,GoiásLibras · base nacional
CIRCUNCISÃO,https://goiaslibras.educacao.go.gov.br/api/media/ines/palavras/videos/circuncisaoSm_Prog001.mp4,GoiásLibras · base nacional
CIRURGIA,https://goiaslibras.educacao.go.gov.br/api/media/ines/palavras/videos/cirurgiaSm_Prog001.mp4,GoiásLibras · base nacional
CIRURGIA PLÁSTICA,https://goiaslibras.educacao.go.gov.br/api/media/ines/palavras/videos/cirurgia-plasticaSm_Prog001.mp4,GoiásLibras · base nacional
CISCAR,https://goiaslibras.educacao.go.gov.br/api/media/ines/palavras/videos/ciscarSm_Prog001.mp4,GoiásLibras · base nacional
CIÊNCIA,https://dicionario.ines.gov.br/public/media/palavras/videos/cienciasSm_Prog001.mp4,GoiásLibras · base nacional
CIÚME,https://goiaslibras.educacao.go.gov.br/api/media/ines/palavras/videos/ciumeSm_Prog001.mp4,GoiásLibras · base nacional
CLARO1,https://goiaslibras.educacao.go.gov.br/api/media/ines/palavras/videos/claro1Sm_Prog001.mp4,GoiásLibras · base nacional
CLARO2,https://goiaslibras.educacao.go.gov.br/api/media/ines/palavras/videos/claro2Sm_Prog001.mp4,GoiásLibras · base nacional
CLARO3,https://goiaslibras.educacao.go.gov.br/api/media/ines/palavras/videos/claro3Sm_Prog001.mp4,GoiásLibras · base nacional
CLASSE,https://goiaslibras.educacao.go.gov.br/api/media/ines/palavras/videos/classeSm_Prog001.mp4,GoiásLibras · base nacional
CLASSIFICAR,https://goiaslibras.educacao.go.gov.br/api/media/ines/palavras/videos/classificarSm_Prog001.mp4,GoiásLibras · base nacional
CLIPS,https://goiaslibras.educacao.go.gov.br/api/media/ines/palavras/videos/clipsSm_Prog001.mp4,GoiásLibras · base nacional
CLORO,https://goiaslibras.educacao.go.gov.br/api/media/ines/palavras/videos/cloroSm_Prog001.mp4,GoiásLibras · base nacional
CLUBE,https://goiaslibras.educacao.go.gov.br/api/media/ines/palavras/videos/clubeSm_Prog001.mp4,GoiásLibras · base nacional
COAGIR,https://goiaslibras.educacao.go.gov.br/api/media/ines/palavras/videos/coagirSm_Prog001.mp4,GoiásLibras · base nacional
COAR,https://goiaslibras.educacao.go.gov.br/api/media/ines/palavras/videos/coarSm_Prog001.mp4,GoiásLibras · base nacional
COBERTA,https://goiaslibras.educacao.go.gov.br/api/media/ines/palavras/videos/cobertaSm_Prog001.mp4,GoiásLibras · base nacional
COBERTOR,https://goiaslibras.educacao.go.gov.br/api/media/ines/palavras/videos/cobertorSm_Prog001.mp4,GoiásLibras · base nacional
COBIÇAR,https://goiaslibras.educacao.go.gov.br/api/media/ines/palavras/videos/cobicarSm_Prog001.mp4,GoiásLibras · base nacional
COBRA,https://goiaslibras.educacao.go.gov.br/api/media/ines/palavras/videos/cobraSm_Prog001.mp4,GoiásLibras · base nacional
COBRADOR,https://goiaslibras.educacao.go.gov.br/api/media/ines/palavras/videos/cobradorSm_Prog001.mp4,GoiásLibras · base nacional
COBRAR1,https://goiaslibras.educacao.go.gov.br/api/media/ines/palavras/videos/cobrar1Sm_Prog001.mp4,GoiásLibras · base nacional
COBRAR2,https://goiaslibras.educacao.go.gov.br/api/media/ines/palavras/videos/cobrar2Sm_Prog001.mp4,GoiásLibras · base nacional
COBRIR1,https://goiaslibras.educacao.go.gov.br/api/media/ines/palavras/videos/cobrirSm_Prog001.mp4,GoiásLibras · base nacional
COBRIR2,https://goiaslibras.educacao.go.gov.br/api/media/ines/palavras/videos/cobrir2Sm_Prog001.mp4,GoiásLibras · base nacional
COBRIR3,https://goiaslibras.educacao.go.gov.br/api/media/ines/palavras/videos/cobrir3Sm_Prog001.mp4,GoiásLibras · base nacional
COCAR,https://goiaslibras.educacao.go.gov.br/api/media/ines/palavras/videos/cocarSm_Prog001.mp4,GoiásLibras · base nacional
COCAÍNA1,https://goiaslibras.educacao.go.gov.br/api/media/ines/palavras/videos/cocaina1Sm_Prog001.mp4,GoiásLibras · base nacional
COCAÍNA2,https://goiaslibras.educacao.go.gov.br/api/media/ines/palavras/videos/cocaina2Sm_Prog001.mp4,GoiásLibras · base nacional
COCEIRA,https://goiaslibras.educacao.go.gov.br/api/media/ines/palavras/videos/coceiraSm_Prog001.mp4,GoiásLibras · base nacional
COCHICHAR,https://goiaslibras.educacao.go.gov.br/api/media/ines/palavras/videos/cochicharSm_Prog001.mp4,GoiásLibras · base nacional
COCHILAR,https://goiaslibras.educacao.go.gov.br/api/media/ines/palavras/videos/cochilarSm_Prog001.mp4,GoiásLibras · base nacional
COELHO,https://goiaslibras.educacao.go.gov.br/api/media/ines/palavras/videos/coelhoSm_Prog001.mp4,GoiásLibras · base nacional
COFRE,https://goiaslibras.educacao.go.gov.br/api/media/ines/palavras/videos/cofreSm_Prog001.mp4,GoiásLibras · base nacional
COGUMELO,https://goiaslibras.educacao.go.gov.br/api/media/ines/palavras/videos/cogumeloSm_Prog001.mp4,GoiásLibras · base nacional
COICE,https://goiaslibras.educacao.go.gov.br/api/media/ines/palavras/videos/coiceSm_Prog001.mp4,GoiásLibras · base nacional
COINCIDIR,https://goiaslibras.educacao.go.gov.br/api/media/ines/palavras/videos/coincidirSm_Prog001.mp4,GoiásLibras · base nacional
COINCIDÊNCIA1,https://goiaslibras.educacao.go.gov.br/api/media/ines/palavras/videos/coincidencia1Sm_Prog001.mp4,GoiásLibras · base nacional
COINCIDÊNCIA2,https://goiaslibras.educacao.go.gov.br/api/media/ines/palavras/videos/coincidencia2Sm_Prog001.mp4,GoiásLibras · base nacional
COISA,https://goiaslibras.educacao.go.gov.br/api/media/ines/palavras/videos/coisaSm_Prog001.mp4,GoiásLibras · base nacional
COITADO,https://goiaslibras.educacao.go.gov.br/api/media/ines/palavras/videos/coitadoSm_Prog001.mp4,GoiásLibras · base nacional
COITO,https://dicionario.ines.gov.br/public/media/palavras/videos/coitoSm_Prog001.mp4,GoiásLibras · base nacional
COLA,https://youtu.be/PRAXUBE2zbc,GoiásLibras · base nacional
COLA1,https://goiaslibras.educacao.go.gov.br/api/media/ines/palavras/videos/cola1Sm_Prog001.mp4,GoiásLibras · base nacional
COLABORAR,https://goiaslibras.educacao.go.gov.br/api/media/ines/palavras/videos/colaborarSm_Prog001.mp4,GoiásLibras · base nacional
COLAR2,https://goiaslibras.educacao.go.gov.br/api/media/ines/palavras/videos/colar2Sm_Prog001.mp4,GoiásLibras · base nacional
COLARINHO,https://goiaslibras.educacao.go.gov.br/api/media/ines/palavras/videos/colarinhoSm_Prog001.mp4,GoiásLibras · base nacional
COLCHÃO1,https://goiaslibras.educacao.go.gov.br/api/media/ines/palavras/videos/colchao1Sm_Prog001.mp4,GoiásLibras · base nacional
COLCHÃO2,https://goiaslibras.educacao.go.gov.br/api/media/ines/palavras/videos/colchao2Sm_Prog001.mp4,GoiásLibras · base nacional
COLEGA,https://goiaslibras.educacao.go.gov.br/api/media/ines/palavras/videos/colegaSm_Prog001.mp4,GoiásLibras · base nacional
COLHER1,https://goiaslibras.educacao.go.gov.br/api/media/ines/palavras/videos/colher1Sm_Prog001.mp4,GoiásLibras · base nacional
COLHER2,https://goiaslibras.educacao.go.gov.br/api/media/ines/palavras/videos/colher2Sm_Prog001.mp4,GoiásLibras · base nacional
COLHER3,https://goiaslibras.educacao.go.gov.br/api/media/ines/palavras/videos/colher3Sm_Prog001.mp4,GoiásLibras · base nacional
COLIDIR,https://goiaslibras.educacao.go.gov.br/api/media/ines/palavras/videos/colidirSm_Prog001.mp4,GoiásLibras · base nacional
COLINA,https://goiaslibras.educacao.go.gov.br/api/media/ines/palavras/videos/colinaSm_Prog001.mp4,GoiásLibras · base nacional
COLOCAR1,https://goiaslibras.educacao.go.gov.br/api/media/ines/palavras/videos/colocarSm_Prog001.mp4,GoiásLibras · base nacional
COLOCAR2,https://goiaslibras.educacao.go.gov.br/api/media/ines/palavras/videos/colocar-cintoSm_Prog001.mp4,GoiásLibras · base nacional
COLOMBIANO,https://goiaslibras.educacao.go.gov.br/api/media/ines/palavras/videos/colombianoSm_Prog001.mp4,GoiásLibras · base nacional
COLORIDO,https://goiaslibras.educacao.go.gov.br/api/media/ines/palavras/videos/coloridoSm_Prog001.mp4,GoiásLibras · base nacional
COLORIR,https://goiaslibras.educacao.go.gov.br/api/media/ines/palavras/videos/colorirSm_Prog001.mp4,GoiásLibras · base nacional
COLUNA,https://goiaslibras.educacao.go.gov.br/api/media/ines/palavras/videos/colunaSm_Prog001.mp4,GoiásLibras · base nacional
COLÉGIO,https://youtu.be/1UI05r_WYl0?si=ZIJEL_qKPnWZe8QG,GoiásLibras · base nacional
COLÍRIO,https://goiaslibras.educacao.go.gov.br/api/media/ines/palavras/videos/colirioSm_Prog001.mp4,GoiásLibras · base nacional
COLÔMBIA,https://goiaslibras.educacao.go.gov.br/api/media/ines/palavras/videos/colombiaSm_Prog001.mp4,GoiásLibras · base nacional
COM LICENÇA,https://goiaslibras.educacao.go.gov.br/api/media/ines/palavras/videos/com-licencaSm_Prog001.mp4,GoiásLibras · base nacional
COMA,https://goiaslibras.educacao.go.gov.br/api/media/ines/palavras/videos/comaSm_Prog001.mp4,GoiásLibras · base nacional
COMANDAR,https://goiaslibras.educacao.go.gov.br/api/media/ines/palavras/videos/comandarSm_Prog001.mp4,GoiásLibras · base nacional
COMBATER,https://goiaslibras.educacao.go.gov.br/api/media/ines/palavras/videos/combaterSm_Prog001.mp4,GoiásLibras · base nacional
COMBINAR1,https://goiaslibras.educacao.go.gov.br/api/media/ines/palavras/videos/combinar1Sm_Prog001.mp4,GoiásLibras · base nacional
COMBINAR2,https://goiaslibras.educacao.go.gov.br/api/media/ines/palavras/videos/combinar2Sm_Prog001.mp4,GoiásLibras · base nacional
COMBUSTÍVEL,https://goiaslibras.educacao.go.gov.br/api/media/ines/palavras/videos/combustivelSm_Prog001.mp4,GoiásLibras · base nacional
COMEMORAR,https://goiaslibras.educacao.go.gov.br/api/media/ines/palavras/videos/comemorarSm_Prog001.mp4,GoiásLibras · base nacional
COMEMORAÇÃO,https://goiaslibras.educacao.go.gov.br/api/media/ines/palavras/videos/comemoracaoSm_Prog001.mp4,GoiásLibras · base nacional
COMENTAR,https://goiaslibras.educacao.go.gov.br/api/media/ines/palavras/videos/comentarSm_Prog001.mp4,GoiásLibras · base nacional
COMENTARISTA,https://goiaslibras.educacao.go.gov.br/api/media/ines/palavras/videos/comentaristaSm_Prog001.mp4,GoiásLibras · base nacional
COMER,https://goiaslibras.educacao.go.gov.br/api/media/ines/palavras/videos/comerSm_Prog001.mp4,GoiásLibras · base nacional
COMERCIAL,https://goiaslibras.educacao.go.gov.br/api/media/ines/palavras/videos/comercialSm_Prog001.mp4,GoiásLibras · base nacional
COMETA1,https://goiaslibras.educacao.go.gov.br/api/media/ines/palavras/videos/cometa1Sm_Prog001.mp4,GoiásLibras · base nacional
COMETA2,https://goiaslibras.educacao.go.gov.br/api/media/ines/palavras/videos/cometa2Sm_Prog001.mp4,GoiásLibras · base nacional
COMEÇAR1,https://goiaslibras.educacao.go.gov.br/api/media/ines/palavras/videos/comecar1Sm_Prog001.mp4,GoiásLibras · base nacional
COMEÇAR2,https://goiaslibras.educacao.go.gov.br/api/media/ines/palavras/videos/comecar2Sm_Prog001.mp4,GoiásLibras · base nacional
COMIDA,https://goiaslibras.educacao.go.gov.br/api/media/ines/palavras/videos/comidaSm_Prog001.mp4,GoiásLibras · base nacional
COMIGO,https://goiaslibras.educacao.go.gov.br/api/media/ines/palavras/videos/comigoSm_Prog001.mp4,GoiásLibras · base nacional
COMISSÃO,https://goiaslibras.educacao.go.gov.br/api/media/ines/palavras/videos/comissaoSm_Prog001.mp4,GoiásLibras · base nacional
COMO1,https://goiaslibras.educacao.go.gov.br/api/media/ines/palavras/videos/como1Sm_Prog001.mp4,GoiásLibras · base nacional
COMO2,https://goiaslibras.educacao.go.gov.br/api/media/ines/palavras/videos/como2Sm_Prog001.mp4,GoiásLibras · base nacional
COMODISMO,https://goiaslibras.educacao.go.gov.br/api/media/ines/palavras/videos/comodismoSm_Prog001.mp4,GoiásLibras · base nacional
COMOVER,https://goiaslibras.educacao.go.gov.br/api/media/ines/palavras/videos/comoverSm_Prog001.mp4,GoiásLibras · base nacional
COMPADECER,https://goiaslibras.educacao.go.gov.br/api/media/ines/palavras/videos/compadecerSm_Prog001.mp4,GoiásLibras · base nacional
COMPAIXÃO,https://goiaslibras.educacao.go.gov.br/api/media/ines/palavras/videos/compaixaoSm_Prog001.mp4,GoiásLibras · base nacional
COMPANHEIRO,https://goiaslibras.educacao.go.gov.br/api/media/ines/palavras/videos/companheiroSm_Prog001.mp4,GoiásLibras · base nacional
COMPANHIA1,https://goiaslibras.educacao.go.gov.br/api/media/ines/palavras/videos/companhia1Sm_Prog001.mp4,GoiásLibras · base nacional
COMPANHIA2,https://goiaslibras.educacao.go.gov.br/api/media/ines/palavras/videos/companhia2Sm_Prog001.mp4,GoiásLibras · base nacional
COMPARAR,https://goiaslibras.educacao.go.gov.br/api/media/ines/palavras/videos/compararSm_Prog001.mp4,GoiásLibras · base nacional
COMPARECER,https://goiaslibras.educacao.go.gov.br/api/media/ines/palavras/videos/comparecerSm_Prog001.mp4,GoiásLibras · base nacional
COMPASSO,https://youtu.be/nFwmk4Jr4gw,GoiásLibras · base nacional
COMPENSAR,https://goiaslibras.educacao.go.gov.br/api/media/ines/palavras/videos/compensarSm_Prog001.mp4,GoiásLibras · base nacional
COMPENSAÇÃO,https://goiaslibras.educacao.go.gov.br/api/media/ines/palavras/videos/compensacaoSm_Prog001.mp4,GoiásLibras · base nacional
COMPETIR,https://goiaslibras.educacao.go.gov.br/api/media/ines/palavras/videos/competirSm_Prog001.mp4,GoiásLibras · base nacional
COMPETIÇÃO,https://goiaslibras.educacao.go.gov.br/api/media/ines/palavras/videos/competicaoSm_Prog001.mp4,GoiásLibras · base nacional
COMPLETAR,https://goiaslibras.educacao.go.gov.br/api/media/ines/palavras/videos/completarSm_Prog001.mp4,GoiásLibras · base nacional
COMPLETO,https://goiaslibras.educacao.go.gov.br/api/media/ines/palavras/videos/completoSm_Prog001.mp4,GoiásLibras · base nacional
COMPLICADO,https://goiaslibras.educacao.go.gov.br/api/media/ines/palavras/videos/complicadoSm_Prog001.mp4,GoiásLibras · base nacional
COMPORTAR,https://goiaslibras.educacao.go.gov.br/api/media/ines/palavras/videos/comportarSm_Prog001.mp4,GoiásLibras · base nacional
COMPRAR1,https://dicionario.ines.gov.br/public/media/palavras/videos/comprarSm_Prog001.mp4,GoiásLibras · base nacional
COMPREENDER,https://goiaslibras.educacao.go.gov.br/api/media/ines/palavras/videos/compreenderSm_Prog001.mp4,GoiásLibras · base nacional
COMPRIDO1,https://goiaslibras.educacao.go.gov.br/api/media/ines/palavras/videos/compridoSm_Prog001.mp4,GoiásLibras · base nacional
COMPRIDO2,https://goiaslibras.educacao.go.gov.br/api/media/ines/palavras/videos/comprido3Sm_Prog001.mp4,GoiásLibras · base nacional
COMPRIMIDO1,https://goiaslibras.educacao.go.gov.br/api/media/ines/palavras/videos/comprimido1Sm_Prog001.mp4,GoiásLibras · base nacional
COMPRIMIDO2,https://goiaslibras.educacao.go.gov.br/api/media/ines/palavras/videos/comprimido2Sm_Prog001.mp4,GoiásLibras · base nacional
COMPROMISSO,https://goiaslibras.educacao.go.gov.br/api/media/ines/palavras/videos/compromissoSm_Prog001.mp4,GoiásLibras · base nacional
COMPUTADOR,https://goiaslibras.educacao.go.gov.br/api/media/ines/palavras/videos/computadorSm_Prog001.mp4,GoiásLibras · base nacional
COMUM1,https://goiaslibras.educacao.go.gov.br/api/media/ines/palavras/videos/comum1Sm_Prog001.mp4,GoiásLibras · base nacional
COMUM2,https://goiaslibras.educacao.go.gov.br/api/media/ines/palavras/videos/comum2Sm_Prog001.mp4,GoiásLibras · base nacional
COMUNGAR,https://goiaslibras.educacao.go.gov.br/api/media/ines/palavras/videos/comungarSm_Prog001.mp4,GoiásLibras · base nacional
COMUNHÃO,https://goiaslibras.educacao.go.gov.br/api/media/ines/palavras/videos/comungarSm_Prog001.mp4,GoiásLibras · base nacional
COMUNICAR,https://goiaslibras.educacao.go.gov.br/api/media/ines/palavras/videos/comunicarSm_Prog001.mp4,GoiásLibras · base nacional
COMUNICAÇÃO,https://goiaslibras.educacao.go.gov.br/api/media/ines/palavras/videos/comunicacaoSm_Prog001.mp4,GoiásLibras · base nacional
COMUNIDADE,https://goiaslibras.educacao.go.gov.br/api/media/ines/palavras/videos/comunidadeSm_Prog001.mp4,GoiásLibras · base nacional
COMUNISTA,https://goiaslibras.educacao.go.gov.br/api/media/ines/palavras/videos/comunistaSm_Prog001.mp4,GoiásLibras · base nacional
COMÉDIA,https://goiaslibras.educacao.go.gov.br/api/media/ines/palavras/videos/comediaSm_Prog001.mp4,GoiásLibras · base nacional
COMÉRCIO,https://goiaslibras.educacao.go.gov.br/api/media/ines/palavras/videos/comercioSm_Prog001.mp4,GoiásLibras · base nacional
CONCENTRAR,https://goiaslibras.educacao.go.gov.br/api/media/ines/palavras/videos/concentrarSm_Prog001.mp4,GoiásLibras · base nacional
CONCHA,https://goiaslibras.educacao.go.gov.br/api/media/ines/palavras/videos/conchaSm_Prog001.mp4,GoiásLibras · base nacional
CONCLUIR,https://goiaslibras.educacao.go.gov.br/api/media/ines/palavras/videos/concluirSm_Prog001.mp4,GoiásLibras · base nacional
CONCORDAR,https://goiaslibras.educacao.go.gov.br/api/media/ines/palavras/videos/concordarSm_Prog001.mp4,GoiásLibras · base nacional
CONCORRER,https://goiaslibras.educacao.go.gov.br/api/media/ines/palavras/videos/concorrerSm_Prog001.mp4,GoiásLibras · base nacional
CONCORRÊNCIA,https://goiaslibras.educacao.go.gov.br/api/media/ines/palavras/videos/concorrenciaSm_Prog001.mp4,GoiásLibras · base nacional
CONCURSO1,https://goiaslibras.educacao.go.gov.br/api/media/ines/palavras/videos/concurso1Sm_Prog001.mp4,GoiásLibras · base nacional
CONCURSO2,https://goiaslibras.educacao.go.gov.br/api/media/ines/palavras/videos/concurso2Sm_Prog001.mp4,GoiásLibras · base nacional
CONDICIONADOR,https://goiaslibras.educacao.go.gov.br/api/media/ines/palavras/videos/condicionadorSm_Prog001.mp4,GoiásLibras · base nacional
CONDOMÍNIO,https://goiaslibras.educacao.go.gov.br/api/media/ines/palavras/videos/condominioSm_Prog001.mp4,GoiásLibras · base nacional
CONDUTA,https://goiaslibras.educacao.go.gov.br/api/media/ines/palavras/videos/condutaSm_Prog001.mp4,GoiásLibras · base nacional
CONFECCIONAR,https://dicionario.ines.gov.br/public/media/palavras/videos/confeccionarSm_Prog001.mp4,GoiásLibras · base nacional
CONFEITAR,https://dicionario.ines.gov.br/public/media/palavras/videos/confeitarSm_Prog001.mp4,GoiásLibras · base nacional
CONFERENCIAR,https://goiaslibras.educacao.go.gov.br/api/media/ines/palavras/videos/conferenciarSm_Prog001.mp4,GoiásLibras · base nacional
CONFERIR,https://goiaslibras.educacao.go.gov.br/api/media/ines/palavras/videos/conferirSm_Prog001.mp4,GoiásLibras · base nacional
CONFESSAR,https://goiaslibras.educacao.go.gov.br/api/media/ines/palavras/videos/confessarSm_Prog001.mp4,GoiásLibras · base nacional
CONFETE,https://goiaslibras.educacao.go.gov.br/api/media/ines/palavras/videos/confeteSm_Prog001.mp4,GoiásLibras · base nacional
CONFIANÇA,https://goiaslibras.educacao.go.gov.br/api/media/ines/palavras/videos/confiancaSm_Prog001.mp4,GoiásLibras · base nacional
CONFIAR,https://goiaslibras.educacao.go.gov.br/api/media/ines/palavras/videos/confiarSm_Prog001.mp4,GoiásLibras · base nacional
CONFIDENCIAL,https://goiaslibras.educacao.go.gov.br/api/media/ines/palavras/videos/confidencialSm_Prog001.mp4,GoiásLibras · base nacional
CONFIDENCIAL2,https://goiaslibras.educacao.go.gov.br/api/media/ines/palavras/videos/confidencial2Sm_Prog001.mp4,GoiásLibras · base nacional
CONFIRMAR,https://goiaslibras.educacao.go.gov.br/api/media/ines/palavras/videos/confirmarSm_Prog001.mp4,GoiásLibras · base nacional
CONFISCAR,https://goiaslibras.educacao.go.gov.br/api/media/ines/palavras/videos/confiscarSm_Prog001.mp4,GoiásLibras · base nacional
CONFISSÃO,https://goiaslibras.educacao.go.gov.br/api/media/ines/palavras/videos/confissaoSm_Prog001.mp4,GoiásLibras · base nacional
CONFLITO2,https://goiaslibras.educacao.go.gov.br/api/media/ines/palavras/videos/conflito2Sm_Prog001.mp4,GoiásLibras · base nacional
CONFORMAR,https://goiaslibras.educacao.go.gov.br/api/media/ines/palavras/videos/conformarSm_Prog001.mp4,GoiásLibras · base nacional
CONFORTAR,https://goiaslibras.educacao.go.gov.br/api/media/ines/palavras/videos/confortarSm_Prog001.mp4,GoiásLibras · base nacional
CONFORTO,https://goiaslibras.educacao.go.gov.br/api/media/ines/palavras/videos/confortoSm_Prog001.mp4,GoiásLibras · base nacional
CONFRONTAR,https://goiaslibras.educacao.go.gov.br/api/media/ines/palavras/videos/confrontarSm_Prog001.mp4,GoiásLibras · base nacional
CONFUNDIR,https://goiaslibras.educacao.go.gov.br/api/media/ines/palavras/videos/confundirSm_Prog001.mp4,GoiásLibras · base nacional
CONFUSÃO1,https://goiaslibras.educacao.go.gov.br/api/media/ines/palavras/videos/confusao1Sm_Prog001.mp4,GoiásLibras · base nacional
CONFUSÃO2,https://goiaslibras.educacao.go.gov.br/api/media/ines/palavras/videos/confusao2Sm_Prog001.mp4,GoiásLibras · base nacional
CONGELAR,https://goiaslibras.educacao.go.gov.br/api/media/ines/palavras/videos/congelarSm_Prog001.mp4,GoiásLibras · base nacional
CONGESTIONAMENTO,https://goiaslibras.educacao.go.gov.br/api/media/ines/palavras/videos/congestionamentoSm_Prog001.mp4,GoiásLibras · base nacional
CONGREGAÇÃO,https://goiaslibras.educacao.go.gov.br/api/media/ines/palavras/videos/congregacaoSm_Prog001.mp4,GoiásLibras · base nacional
CONGRESSO,https://goiaslibras.educacao.go.gov.br/api/media/ines/palavras/videos/congressoSm_Prog001.mp4,GoiásLibras · base nacional
CONHECER,https://goiaslibras.educacao.go.gov.br/api/media/ines/palavras/videos/conhecerSm_Prog001.mp4,GoiásLibras · base nacional
CONHECIMENTO,https://goiaslibras.educacao.go.gov.br/api/media/ines/palavras/videos/conhecimentoSm_Prog001.mp4,GoiásLibras · base nacional
CONOSCO,https://goiaslibras.educacao.go.gov.br/api/media/ines/palavras/videos/conoscoSm_Prog001.mp4,GoiásLibras · base nacional
CONQUISTAR,https://goiaslibras.educacao.go.gov.br/api/media/ines/palavras/videos/conquistarSm_Prog001.mp4,GoiásLibras · base nacional
CONSCIÊNCIA,https://goiaslibras.educacao.go.gov.br/api/media/ines/palavras/videos/conscienciaSm_Prog001.mp4,GoiásLibras · base nacional
CONSEGUIR,https://goiaslibras.educacao.go.gov.br/api/media/ines/palavras/videos/conseguirSm_Prog001.mp4,GoiásLibras · base nacional
CONSELHEIRO,https://dicionario.ines.gov.br/public/media/palavras/videos/conselheiro1Sm_Prog001.mp4,GoiásLibras · base nacional
CONSELHEIRO2,https://goiaslibras.educacao.go.gov.br/api/media/ines/palavras/videos/conselheiro2Sm_Prog001.mp4,GoiásLibras · base nacional
CONSELHO,https://goiaslibras.educacao.go.gov.br/api/media/ines/palavras/videos/conselhoSm_Prog001.mp4,GoiásLibras · base nacional
CONSERTAR,https://goiaslibras.educacao.go.gov.br/api/media/ines/palavras/videos/consertarSm_Prog001.mp4,GoiásLibras · base nacional
CONSERVAR,https://goiaslibras.educacao.go.gov.br/api/media/ines/palavras/videos/conservarSm_Prog001.mp4,GoiásLibras · base nacional
CONSOLAR,https://goiaslibras.educacao.go.gov.br/api/media/ines/palavras/videos/consolarSm_Prog001.mp4,GoiásLibras · base nacional
CONSTITUIÇÃO,https://goiaslibras.educacao.go.gov.br/api/media/ines/palavras/videos/constituicaoSm_Prog001.mp4,GoiásLibras · base nacional
CONSTRUIR,https://goiaslibras.educacao.go.gov.br/api/media/ines/palavras/videos/construirSm_Prog001.mp4,GoiásLibras · base nacional
CONSTRUÇÃO,https://goiaslibras.educacao.go.gov.br/api/media/ines/palavras/videos/construcaoSm_Prog001.mp4,GoiásLibras · base nacional
CONSULTAR,https://goiaslibras.educacao.go.gov.br/api/media/ines/palavras/videos/consultarSm_Prog001.mp4,GoiásLibras · base nacional
CONTA,https://goiaslibras.educacao.go.gov.br/api/media/ines/palavras/videos/contaSm_Prog001.mp4,GoiásLibras · base nacional
CONTA CORRENTE,https://dicionario.ines.gov.br/public/media/palavras/videos/conta correnteSm_Prog001.mp4,GoiásLibras · base nacional
CONTA-GOTAS,https://goiaslibras.educacao.go.gov.br/api/media/ines/palavras/videos/conta-gotasSm_Prog001.mp4,GoiásLibras · base nacional
CONTABILIDADE,https://goiaslibras.educacao.go.gov.br/api/media/ines/palavras/videos/contabilidadeSm_Prog001.mp4,GoiásLibras · base nacional
CONTADOR2,https://goiaslibras.educacao.go.gov.br/api/media/ines/palavras/videos/contador2Sm_Prog001.mp4,GoiásLibras · base nacional
CONTADOR3,https://goiaslibras.educacao.go.gov.br/api/media/ines/palavras/videos/contador3Sm_Prog001.mp4,GoiásLibras · base nacional
CONTAMINADO,https://goiaslibras.educacao.go.gov.br/api/media/ines/palavras/videos/contaminadoSm_Prog001.mp4,GoiásLibras · base nacional
CONTAMINAR,https://goiaslibras.educacao.go.gov.br/api/media/ines/palavras/videos/contaminarSm_Prog001.mp4,GoiásLibras · base nacional
CONTAR1,https://goiaslibras.educacao.go.gov.br/api/media/ines/palavras/videos/contar1Sm_Prog001.mp4,GoiásLibras · base nacional
CONTAR2,https://goiaslibras.educacao.go.gov.br/api/media/ines/palavras/videos/contar2Sm_Prog001.mp4,GoiásLibras · base nacional
CONTAR3,https://goiaslibras.educacao.go.gov.br/api/media/ines/palavras/videos/contar3Sm_Prog001.mp4,GoiásLibras · base nacional
CONTATAR,https://goiaslibras.educacao.go.gov.br/api/media/ines/palavras/videos/contatarSm_Prog001.mp4,GoiásLibras · base nacional
CONTATO,https://goiaslibras.educacao.go.gov.br/api/media/ines/palavras/videos/contatoSm_Prog001.mp4,GoiásLibras · base nacional
CONTENTE,https://goiaslibras.educacao.go.gov.br/api/media/ines/palavras/videos/contenteSm_Prog001.mp4,GoiásLibras · base nacional
CONTEXTO1,https://dicionario.ines.gov.br/public/media/palavras/videos/contextoSm_Prog001.mp4,GoiásLibras · base nacional
CONTIGO,https://goiaslibras.educacao.go.gov.br/api/media/ines/palavras/videos/contigoSm_Prog001.mp4,GoiásLibras · base nacional
CONTINUAR,https://goiaslibras.educacao.go.gov.br/api/media/ines/palavras/videos/continuarSm_Prog001.mp4,GoiásLibras · base nacional
CONTINÊNCIA1,https://goiaslibras.educacao.go.gov.br/api/media/ines/palavras/videos/continencia1Sm_Prog001.mp4,GoiásLibras · base nacional
CONTINÊNCIA2,https://goiaslibras.educacao.go.gov.br/api/media/ines/palavras/videos/continencia2Sm_Prog001.mp4,GoiásLibras · base nacional
CONTO,https://goiaslibras.educacao.go.gov.br/api/media/ines/palavras/videos/contoSm_Prog001.mp4,GoiásLibras · base nacional
CONTRA,https://goiaslibras.educacao.go.gov.br/api/media/ines/palavras/videos/contraSm_Prog001.mp4,GoiásLibras · base nacional
CONTRA-CHEQUE,https://goiaslibras.educacao.go.gov.br/api/media/ines/palavras/videos/contra-chequeSm_Prog001.mp4,GoiásLibras · base nacional
CONTRABANDO,https://goiaslibras.educacao.go.gov.br/api/media/ines/palavras/videos/contrabandoSm_Prog001.mp4,GoiásLibras · base nacional
CONTRATAR1,https://goiaslibras.educacao.go.gov.br/api/media/ines/palavras/videos/contratar1Sm_Prog001.mp4,GoiásLibras · base nacional
CONTRATAR2,https://goiaslibras.educacao.go.gov.br/api/media/ines/palavras/videos/contratar2Sm_Prog001.mp4,GoiásLibras · base nacional
CONTRATO,https://goiaslibras.educacao.go.gov.br/api/media/ines/palavras/videos/contratoSm_Prog001.mp4,GoiásLibras · base nacional
CONTRIBUIR,https://goiaslibras.educacao.go.gov.br/api/media/ines/palavras/videos/contribuirSm_Prog001.mp4,GoiásLibras · base nacional
CONTRIBUIÇÃO,https://goiaslibras.educacao.go.gov.br/api/media/ines/palavras/videos/contribuicaoSm_Prog001.mp4,GoiásLibras · base nacional
CONTROLE REMOTO,https://dicionario.ines.gov.br/public/media/palavras/videos/controle-remotoSm_Prog001.mp4,GoiásLibras · base nacional
CONTRÁRIO,https://dicionario.ines.gov.br/public/media/palavras/videos/contrarioSm_Prog001.mp4,GoiásLibras · base nacional
CONVENCER1,https://goiaslibras.educacao.go.gov.br/api/media/ines/palavras/videos/convencer1Sm_Prog001.mp4,GoiásLibras · base nacional
CONVENCIDO,https://dicionario.ines.gov.br/public/media/palavras/videos/convencido1Sm_Prog001.mp4,GoiásLibras · base nacional
CONVENTO,https://goiaslibras.educacao.go.gov.br/api/media/ines/palavras/videos/conventoSm_Prog001.mp4,GoiásLibras · base nacional
CONVERSAR,https://goiaslibras.educacao.go.gov.br/api/media/ines/palavras/videos/conversarSm_Prog001.mp4,GoiásLibras · base nacional
CONVERSAÇÃO,https://goiaslibras.educacao.go.gov.br/api/media/ines/palavras/videos/conversacaoSm_Prog001.mp4,GoiásLibras · base nacional
CONVERSÃO,https://goiaslibras.educacao.go.gov.br/api/media/ines/palavras/videos/conversaoSm_Prog001.mp4,GoiásLibras · base nacional
CONVERTER,https://goiaslibras.educacao.go.gov.br/api/media/ines/palavras/videos/converterSm_Prog001.mp4,GoiásLibras · base nacional
CONVIDAR,https://goiaslibras.educacao.go.gov.br/api/media/ines/palavras/videos/convidarSm_Prog001.mp4,GoiásLibras · base nacional
CONVITE,https://goiaslibras.educacao.go.gov.br/api/media/ines/palavras/videos/conviteSm_Prog001.mp4,GoiásLibras · base nacional
CONVÊNIO,https://goiaslibras.educacao.go.gov.br/api/media/ines/palavras/videos/convenioSm_Prog001.mp4,GoiásLibras · base nacional
COORDENADOR,https://goiaslibras.educacao.go.gov.br/api/media/ines/palavras/videos/coordenadorSm_Prog001.mp4,GoiásLibras · base nacional
COPIAR,https://goiaslibras.educacao.go.gov.br/api/media/ines/palavras/videos/copiarSm_Prog001.mp4,GoiásLibras · base nacional
COPO,https://goiaslibras.educacao.go.gov.br/api/media/ines/palavras/videos/copoSm_Prog001.mp4,GoiásLibras · base nacional
COQUETEL,https://goiaslibras.educacao.go.gov.br/api/media/ines/palavras/videos/coquetelSm_Prog001.mp4,GoiásLibras · base nacional
COR,https://goiaslibras.educacao.go.gov.br/api/media/ines/palavras/videos/corSm_Prog001.mp4,GoiásLibras · base nacional
CORAGEM,https://goiaslibras.educacao.go.gov.br/api/media/ines/palavras/videos/coragemSm_Prog001.mp4,GoiásLibras · base nacional
CORAJOSO,https://goiaslibras.educacao.go.gov.br/api/media/ines/palavras/videos/corajosoSm_Prog001.mp4,GoiásLibras · base nacional
CORAL,https://goiaslibras.educacao.go.gov.br/api/media/ines/palavras/videos/coralSm_Prog001.mp4,GoiásLibras · base nacional
CORAÇÃO,https://goiaslibras.educacao.go.gov.br/api/media/ines/palavras/videos/coracaoSm_Prog001.mp4,GoiásLibras · base nacional
CORCOVADO,https://goiaslibras.educacao.go.gov.br/api/media/ines/palavras/videos/corcovadoSm_Prog001.mp4,GoiásLibras · base nacional
CORCUNDA,https://goiaslibras.educacao.go.gov.br/api/media/ines/palavras/videos/corcundaSm_Prog001.mp4,GoiásLibras · base nacional
CORDA1,https://goiaslibras.educacao.go.gov.br/api/media/ines/palavras/videos/corda1Sm_Prog001.mp4,GoiásLibras · base nacional
CORDEIRO,https://goiaslibras.educacao.go.gov.br/api/media/ines/palavras/videos/cordeiroSm_Prog001.mp4,GoiásLibras · base nacional
COREANO,https://goiaslibras.educacao.go.gov.br/api/media/ines/palavras/videos/coreanoSm_Prog001.mp4,GoiásLibras · base nacional
CORNETA,https://goiaslibras.educacao.go.gov.br/api/media/ines/palavras/videos/cornetaSm_Prog001.mp4,GoiásLibras · base nacional
COROA,https://goiaslibras.educacao.go.gov.br/api/media/ines/palavras/videos/coroaSm_Prog001.mp4,GoiásLibras · base nacional
CORONEL,https://goiaslibras.educacao.go.gov.br/api/media/ines/palavras/videos/coronelSm_Prog001.mp4,GoiásLibras · base nacional
CORPO,https://goiaslibras.educacao.go.gov.br/api/media/ines/palavras/videos/corpoSm_Prog001.mp4,GoiásLibras · base nacional
CORPO HUMANO,https://goiaslibras.educacao.go.gov.br/api/media/video/2026-09-15/04eab5a8-eb1c-4f11-a4dd-e41adb7a16d5-corpo-humano-com-legenda.mp4,GoiásLibras · base nacional
CORREDOR,https://goiaslibras.educacao.go.gov.br/api/media/ines/palavras/videos/corredorSm_Prog001.mp4,GoiásLibras · base nacional
CORREIO,https://goiaslibras.educacao.go.gov.br/api/media/ines/palavras/videos/correioSm_Prog001.mp4,GoiásLibras · base nacional
CORRENTE,https://goiaslibras.educacao.go.gov.br/api/media/ines/palavras/videos/correnteSm_Prog001.mp4,GoiásLibras · base nacional
CORRENTEZA,https://goiaslibras.educacao.go.gov.br/api/media/ines/palavras/videos/correntezaSm_Prog001.mp4,GoiásLibras · base nacional
CORRER1,https://goiaslibras.educacao.go.gov.br/api/media/ines/palavras/videos/correr1Sm_Prog001.mp4,GoiásLibras · base nacional
CORRER2,https://goiaslibras.educacao.go.gov.br/api/media/ines/palavras/videos/correr2Sm_Prog001.mp4,GoiásLibras · base nacional
CORRER3,https://goiaslibras.educacao.go.gov.br/api/media/ines/palavras/videos/correr3Sm_Prog001.mp4,GoiásLibras · base nacional
CORRERIA,https://goiaslibras.educacao.go.gov.br/api/media/ines/palavras/videos/correriaSm_Prog001.mp4,GoiásLibras · base nacional
CORRESPONDER1,https://goiaslibras.educacao.go.gov.br/api/media/ines/palavras/videos/corresponder1Sm_Prog001.mp4,GoiásLibras · base nacional
CORRESPONDER2,https://goiaslibras.educacao.go.gov.br/api/media/ines/palavras/videos/corresponder2Sm_Prog001.mp4,GoiásLibras · base nacional
CORRETIVO,https://youtu.be/Z-wtR622OTU,GoiásLibras · base nacional
CORRETOR,https://goiaslibras.educacao.go.gov.br/api/media/ines/palavras/videos/corretorSm_Prog001.mp4,GoiásLibras · base nacional
CORRIDA,https://goiaslibras.educacao.go.gov.br/api/media/ines/palavras/videos/corridaSm_Prog001.mp4,GoiásLibras · base nacional
CORRIGIR,https://goiaslibras.educacao.go.gov.br/api/media/ines/palavras/videos/corrigirSm_Prog001.mp4,GoiásLibras · base nacional
CORROMPER,https://goiaslibras.educacao.go.gov.br/api/media/ines/palavras/videos/corromperSm_Prog001.mp4,GoiásLibras · base nacional
CORTAR1,https://goiaslibras.educacao.go.gov.br/api/media/ines/palavras/videos/cortar2Sm_Prog001.mp4,GoiásLibras · base nacional
CORTAR2,https://goiaslibras.educacao.go.gov.br/api/media/ines/palavras/videos/cortar3Sm_Prog001.mp4,GoiásLibras · base nacional
CORTAR3,https://dicionario.ines.gov.br/public/media/palavras/videos/cortar4Sm_Prog001.mp4,GoiásLibras · base nacional
CORTINA,https://goiaslibras.educacao.go.gov.br/api/media/ines/palavras/videos/cortinaSm_Prog001.mp4,GoiásLibras · base nacional
CORTÊS,https://goiaslibras.educacao.go.gov.br/api/media/ines/palavras/videos/cortesSm_Prog001.mp4,GoiásLibras · base nacional
CORUJA1,https://goiaslibras.educacao.go.gov.br/api/media/ines/palavras/videos/coruja1Sm_Prog001.mp4,GoiásLibras · base nacional
CORUJA2,https://goiaslibras.educacao.go.gov.br/api/media/ines/palavras/videos/coruja2Sm_Prog001.mp4,GoiásLibras · base nacional
CORÉIA,https://goiaslibras.educacao.go.gov.br/api/media/ines/palavras/videos/coreiaSm_Prog001.mp4,GoiásLibras · base nacional
COSMÉTICOS,https://goiaslibras.educacao.go.gov.br/api/media/ines/palavras/videos/cosmeticosSm_Prog001.mp4,GoiásLibras · base nacional
COSTA1,https://goiaslibras.educacao.go.gov.br/api/media/ines/palavras/videos/costa1Sm_Prog001.mp4,GoiásLibras · base nacional
COSTA2,https://goiaslibras.educacao.go.gov.br/api/media/ines/palavras/videos/costa2Sm_Prog001.mp4,GoiásLibras · base nacional
COSTELA,https://goiaslibras.educacao.go.gov.br/api/media/ines/palavras/videos/costelaSm_Prog001.mp4,GoiásLibras · base nacional
COSTELETA,https://goiaslibras.educacao.go.gov.br/api/media/ines/palavras/videos/costeletaSm_Prog001.mp4,GoiásLibras · base nacional
COSTUME,https://goiaslibras.educacao.go.gov.br/api/media/ines/palavras/videos/costumeSm_Prog001.mp4,GoiásLibras · base nacional
COSTURAR1,https://goiaslibras.educacao.go.gov.br/api/media/ines/palavras/videos/costurar1Sm_Prog001.mp4,GoiásLibras · base nacional
COSTURAR2,https://goiaslibras.educacao.go.gov.br/api/media/ines/palavras/videos/costurar2Sm_Prog001.mp4,GoiásLibras · base nacional
COSTUREIRA,https://goiaslibras.educacao.go.gov.br/api/media/ines/palavras/videos/costureiraSm_Prog001.mp4,GoiásLibras · base nacional
COTONETE,https://goiaslibras.educacao.go.gov.br/api/media/ines/palavras/videos/cotoneteSm_Prog001.mp4,GoiásLibras · base nacional
COTOVELADA,https://goiaslibras.educacao.go.gov.br/api/media/ines/palavras/videos/cotoveladaSm_Prog001.mp4,GoiásLibras · base nacional
COTOVELO1,https://goiaslibras.educacao.go.gov.br/api/media/ines/palavras/videos/cotoveloSm_Prog001.mp4,GoiásLibras · base nacional
COTOVELO2,https://goiaslibras.educacao.go.gov.br/api/media/ines/palavras/videos/cotovelo2Sm_Prog001.mp4,GoiásLibras · base nacional
COURO,https://goiaslibras.educacao.go.gov.br/api/media/ines/palavras/videos/couroSm_Prog001.mp4,GoiásLibras · base nacional
COVARDE,https://goiaslibras.educacao.go.gov.br/api/media/ines/palavras/videos/covardeSm_Prog001.mp4,GoiásLibras · base nacional
COXA,https://goiaslibras.educacao.go.gov.br/api/media/ines/palavras/videos/coxaSm_Prog001.mp4,GoiásLibras · base nacional
COXEAR,https://goiaslibras.educacao.go.gov.br/api/media/ines/palavras/videos/coxearSm_Prog001.mp4,GoiásLibras · base nacional
COXINHA DE GALINHA,https://goiaslibras.educacao.go.gov.br/api/media/ines/palavras/videos/coxinha_de_galinhaSm_Prog001.mp4,GoiásLibras · base nacional
COZIDO,https://goiaslibras.educacao.go.gov.br/api/media/ines/palavras/videos/cozidoSm_Prog001.mp4,GoiásLibras · base nacional
COZINHA,https://goiaslibras.educacao.go.gov.br/api/media/ines/palavras/videos/cozinhaSm_Prog001.mp4,GoiásLibras · base nacional
COZINHAR,https://goiaslibras.educacao.go.gov.br/api/media/ines/palavras/videos/cozinharSm_Prog001.mp4,GoiásLibras · base nacional
COZINHEIRA,https://goiaslibras.educacao.go.gov.br/api/media/ines/palavras/videos/cozinheiraSm_Prog001.mp4,GoiásLibras · base nacional
COÇAR,https://dicionario.ines.gov.br/public/media/palavras/videos/coçarSm_Prog001.mp4,GoiásLibras · base nacional
CRACHÁ,https://goiaslibras.educacao.go.gov.br/api/media/ines/palavras/videos/crachaSm_Prog001.mp4,GoiásLibras · base nacional
CRAVAR,https://goiaslibras.educacao.go.gov.br/api/media/ines/palavras/videos/cravarSm_Prog001.mp4,GoiásLibras · base nacional
CRECHE,https://goiaslibras.educacao.go.gov.br/api/media/ines/palavras/videos/crecheSm_Prog001.mp4,GoiásLibras · base nacional
CREME,https://goiaslibras.educacao.go.gov.br/api/media/ines/palavras/videos/cremeSm_Prog001.mp4,GoiásLibras · base nacional
CREME DENTAL,https://dicionario.ines.gov.br/public/media/palavras/videos/creme-dentalSm_Prog001.mp4,GoiásLibras · base nacional
CRENTE,https://goiaslibras.educacao.go.gov.br/api/media/ines/palavras/videos/crenteSm_Prog001.mp4,GoiásLibras · base nacional
CRENÇA,https://goiaslibras.educacao.go.gov.br/api/media/ines/palavras/videos/crencaSm_Prog001.mp4,GoiásLibras · base nacional
CREPÚSCULO,https://goiaslibras.educacao.go.gov.br/api/media/ines/palavras/videos/crepusculoSm_Prog001.mp4,GoiásLibras · base nacional
CRER,https://goiaslibras.educacao.go.gov.br/api/media/ines/palavras/videos/crerSm_Prog001.mp4,GoiásLibras · base nacional
CRESCER1,https://goiaslibras.educacao.go.gov.br/api/media/ines/palavras/videos/crescer1Sm_Prog001.mp4,GoiásLibras · base nacional
CRESCER2,https://goiaslibras.educacao.go.gov.br/api/media/ines/palavras/videos/crescer2Sm_Prog001.mp4,GoiásLibras · base nacional
CRESPO,https://goiaslibras.educacao.go.gov.br/api/media/ines/palavras/videos/crespoSm_Prog001.mp4,GoiásLibras · base nacional
CRIAR1,https://goiaslibras.educacao.go.gov.br/api/media/ines/palavras/videos/criar1Sm_Prog001.mp4,GoiásLibras · base nacional
CRIAR2,https://goiaslibras.educacao.go.gov.br/api/media/ines/palavras/videos/criar2Sm_Prog001.mp4,GoiásLibras · base nacional
CRIAR3,https://goiaslibras.educacao.go.gov.br/api/media/ines/palavras/videos/criar3Sm_Prog001.mp4,GoiásLibras · base nacional
CRIAR4,https://goiaslibras.educacao.go.gov.br/api/media/ines/palavras/videos/criar4Sm_Prog001.mp4,GoiásLibras · base nacional
CRIME,https://goiaslibras.educacao.go.gov.br/api/media/ines/palavras/videos/crimeSm_Prog001.mp4,GoiásLibras · base nacional
CRITICAR,https://goiaslibras.educacao.go.gov.br/api/media/ines/palavras/videos/criticarSm_Prog001.mp4,GoiásLibras · base nacional
CROÁCIA,https://dicionario.ines.gov.br/public/media/palavras/videos/croaciaSm_Prog001.mp4,GoiásLibras · base nacional
CRUCIFICAR,https://dicionario.ines.gov.br/public/media/palavras/videos/crucificarSm_Prog001.mp4,GoiásLibras · base nacional
CRUCIFICAÇÃO,https://goiaslibras.educacao.go.gov.br/api/media/ines/palavras/videos/crucificacaoSm_Prog001.mp4,GoiásLibras · base nacional
CRUZ,https://dicionario.ines.gov.br/public/media/palavras/videos/cruz1Sm_Prog001.mp4,GoiásLibras · base nacional
CRUZAR1,https://dicionario.ines.gov.br/public/media/palavras/videos/cruzarSm_Prog001.mp4,GoiásLibras · base nacional
CRUZAR2,https://goiaslibras.educacao.go.gov.br/api/media/ines/palavras/videos/cruzar2Sm_Prog001.mp4,GoiásLibras · base nacional
CRÂNIO,https://dicionario.ines.gov.br/public/media/palavras/videos/crânioSm_Prog001.mp4,GoiásLibras · base nacional
CUBA,https://goiaslibras.educacao.go.gov.br/api/media/ines/palavras/videos/cubaSm_Prog001.mp4,GoiásLibras · base nacional
CUBA2,https://goiaslibras.educacao.go.gov.br/api/media/ines/palavras/videos/cuba2Sm_Prog001.mp4,GoiásLibras · base nacional
CUBANO,https://goiaslibras.educacao.go.gov.br/api/media/ines/palavras/videos/cubanoSm_Prog001.mp4,GoiásLibras · base nacional
CUBO,https://goiaslibras.educacao.go.gov.br/api/media/ines/palavras/videos/cuboSm_Prog001.mp4,GoiásLibras · base nacional
CUECA,https://goiaslibras.educacao.go.gov.br/api/media/ines/palavras/videos/cuecaSm_Prog001.mp4,GoiásLibras · base nacional
CUIDADO,https://goiaslibras.educacao.go.gov.br/api/media/ines/palavras/videos/cuidadoSm_Prog001.mp4,GoiásLibras · base nacional
CUIDADOSO,https://dicionario.ines.gov.br/public/media/palavras/videos/cuidadosoSm_Prog001.mp4,GoiásLibras · base nacional
CUIDAR1,https://goiaslibras.educacao.go.gov.br/api/media/ines/palavras/videos/cuidar1Sm_Prog001.mp4,GoiásLibras · base nacional
CUIDAR2,https://goiaslibras.educacao.go.gov.br/api/media/ines/palavras/videos/cuidar2Sm_Prog001.mp4,GoiásLibras · base nacional
CULPA,https://goiaslibras.educacao.go.gov.br/api/media/ines/palavras/videos/culpaSm_Prog001.mp4,GoiásLibras · base nacional
CULPADO,https://goiaslibras.educacao.go.gov.br/api/media/ines/palavras/videos/culpadoSm_Prog001.mp4,GoiásLibras · base nacional
CULTO1,https://goiaslibras.educacao.go.gov.br/api/media/ines/palavras/videos/culto1Sm_Prog001.mp4,GoiásLibras · base nacional
CULTO2,https://goiaslibras.educacao.go.gov.br/api/media/ines/palavras/videos/culto2Sm_Prog001.mp4,GoiásLibras · base nacional
CULTURA1,https://goiaslibras.educacao.go.gov.br/api/media/ines/palavras/videos/culturaSm_Prog001.mp4,GoiásLibras · base nacional
CULTURA2,https://goiaslibras.educacao.go.gov.br/api/media/ines/palavras/videos/cultura2Sm_Prog001.mp4,GoiásLibras · base nacional
CUMPRIMENTAR,https://goiaslibras.educacao.go.gov.br/api/media/ines/palavras/videos/cumprimentarSm_Prog001.mp4,GoiásLibras · base nacional
CUNHADO,https://goiaslibras.educacao.go.gov.br/api/media/ines/palavras/videos/cunhadoSm_Prog001.mp4,GoiásLibras · base nacional
CUPIDO,https://goiaslibras.educacao.go.gov.br/api/media/ines/palavras/videos/cupidoSm_Prog001.mp4,GoiásLibras · base nacional
CUPIM,https://dicionario.ines.gov.br/public/media/palavras/videos/cupim2Sm_Prog001.mp4,GoiásLibras · base nacional
CUPUAÇU,https://goiaslibras.educacao.go.gov.br/api/media/ines/palavras/videos/cupuacuSm_Prog001.mp4,GoiásLibras · base nacional
CURA,https://goiaslibras.educacao.go.gov.br/api/media/ines/palavras/videos/curaSm_Prog001.mp4,GoiásLibras · base nacional
CURAR,https://goiaslibras.educacao.go.gov.br/api/media/ines/palavras/videos/curarSm_Prog001.mp4,GoiásLibras · base nacional
CURIOSIDADE,https://goiaslibras.educacao.go.gov.br/api/media/ines/palavras/videos/curiosidadeSm_Prog001.mp4,GoiásLibras · base nacional
CURIOSO,https://goiaslibras.educacao.go.gov.br/api/media/ines/palavras/videos/curiosoSm_Prog001.mp4,GoiásLibras · base nacional
CURITIBA,https://goiaslibras.educacao.go.gov.br/api/media/ines/palavras/videos/curitibaSm_Prog001.mp4,GoiásLibras · base nacional
CURRÍCULO VITAE,https://goiaslibras.educacao.go.gov.br/api/media/ines/palavras/videos/curriculo-vitaeSm_Prog001.mp4,GoiásLibras · base nacional
CURSO,https://youtu.be/r9yKRamuWX0,GoiásLibras · base nacional
CURTO,https://goiaslibras.educacao.go.gov.br/api/media/ines/palavras/videos/curtoSm_Prog001.mp4,GoiásLibras · base nacional
CURTO-CIRCUITO,https://goiaslibras.educacao.go.gov.br/api/media/ines/palavras/videos/curto-circuitoSm_Prog001.mp4,GoiásLibras · base nacional
CURVA,https://goiaslibras.educacao.go.gov.br/api/media/ines/palavras/videos/curvaSm_Prog001.mp4,GoiásLibras · base nacional
CURVAR1,https://dicionario.ines.gov.br/public/media/palavras/videos/curvarSm_Prog001.mp4,GoiásLibras · base nacional
CURVAR2,https://dicionario.ines.gov.br/public/media/palavras/videos/curvar-se2Sm_Prog001.mp4,GoiásLibras · base nacional
CUSPIR,https://goiaslibras.educacao.go.gov.br/api/media/ines/palavras/videos/cuspirSm_Prog001.mp4,GoiásLibras · base nacional
CUSTAR,https://goiaslibras.educacao.go.gov.br/api/media/ines/palavras/videos/custarSm_Prog001.mp4,GoiásLibras · base nacional
CUTUCAR,https://dicionario.ines.gov.br/public/media/palavras/videos/cutucarSm_Prog001.mp4,GoiásLibras · base nacional
CÁLCULO1,https://goiaslibras.educacao.go.gov.br/api/media/ines/palavras/videos/calculoSm_Prog001.mp4,GoiásLibras · base nacional
CÁLCULO2,https://goiaslibras.educacao.go.gov.br/api/media/ines/palavras/videos/calculoSm_Prog001.mp4,GoiásLibras · base nacional
CÁRIE,https://goiaslibras.educacao.go.gov.br/api/media/ines/palavras/videos/carieSm_Prog001.mp4,GoiásLibras · base nacional
CÂMERA DE VIGILÂNCIA,https://goiaslibras.educacao.go.gov.br/api/media/ines/palavras/videos/camera_de_vigilanciaSm_Prog001.mp4,GoiásLibras · base nacional
CÂMERA FOTOGRÁFICA,https://dicionario.ines.gov.br/public/media/palavras/videos/camera_fotograficaSm_Prog001.mp4,GoiásLibras · base nacional
CÂNCER,https://goiaslibras.educacao.go.gov.br/api/media/ines/palavras/videos/cancerSm_Prog001.mp4,GoiásLibras · base nacional
CÃIBRA,https://goiaslibras.educacao.go.gov.br/api/media/ines/palavras/videos/caibraSm_Prog001.mp4,GoiásLibras · base nacional
CÉLEBRE,https://goiaslibras.educacao.go.gov.br/api/media/ines/palavras/videos/celebreSm_Prog001.mp4,GoiásLibras · base nacional
CÉU1,https://goiaslibras.educacao.go.gov.br/api/media/ines/palavras/videos/ceu1Sm_Prog001.mp4,GoiásLibras · base nacional
CÉU2,https://goiaslibras.educacao.go.gov.br/api/media/ines/palavras/videos/ceu2Sm_Prog001.mp4,GoiásLibras · base nacional
CÍLIOS,https://goiaslibras.educacao.go.gov.br/api/media/ines/palavras/videos/ciliosSm_Prog001.mp4,GoiásLibras · base nacional
CÍRCULO,https://goiaslibras.educacao.go.gov.br/api/media/ines/palavras/videos/circuloSm_Prog001.mp4,GoiásLibras · base nacional
CÓCEGAS,https://goiaslibras.educacao.go.gov.br/api/media/ines/palavras/videos/cocegasSm_Prog001.mp4,GoiásLibras · base nacional
CÔCO,https://goiaslibras.educacao.go.gov.br/api/media/ines/palavras/videos/cocoSm_Prog001.mp4,GoiásLibras · base nacional
CÔMICO,https://goiaslibras.educacao.go.gov.br/api/media/ines/palavras/videos/comicoSm_Prog001.mp4,GoiásLibras · base nacional
CÔMODA,https://goiaslibras.educacao.go.gov.br/api/media/ines/palavras/videos/comodaSm_Prog001.mp4,GoiásLibras · base nacional
CÔNJUGE,https://goiaslibras.educacao.go.gov.br/api/media/ines/palavras/videos/conjugeSm_Prog001.mp4,GoiásLibras · base nacional
D,https://goiaslibras.educacao.go.gov.br/api/media/ines/palavras/videos/dSm_Prog001.mp4,GoiásLibras · base nacional
DADO,https://goiaslibras.educacao.go.gov.br/api/media/ines/palavras/videos/dadoSm_Prog001.mp4,GoiásLibras · base nacional
DAMA,https://goiaslibras.educacao.go.gov.br/api/media/ines/palavras/videos/damaSm_Prog001.mp4,GoiásLibras · base nacional
DAMAS,https://goiaslibras.educacao.go.gov.br/api/media/ines/palavras/videos/damasSm_Prog001.mp4,GoiásLibras · base nacional
DANADO,https://goiaslibras.educacao.go.gov.br/api/media/ines/palavras/videos/danadoSm_Prog001.mp4,GoiásLibras · base nacional
DANIFICAR,https://goiaslibras.educacao.go.gov.br/api/media/ines/palavras/videos/danificarSm_Prog001.mp4,GoiásLibras · base nacional
DANO,https://goiaslibras.educacao.go.gov.br/api/media/ines/palavras/videos/danoSm_Prog001.mp4,GoiásLibras · base nacional
DANÇA,https://goiaslibras.educacao.go.gov.br/api/media/ines/palavras/videos/dancaSm_Prog001.mp4,GoiásLibras · base nacional
DANÇAR1,https://goiaslibras.educacao.go.gov.br/api/media/ines/palavras/videos/dancar1Sm_Prog001.mp4,GoiásLibras · base nacional
DANÇAR2,https://goiaslibras.educacao.go.gov.br/api/media/ines/palavras/videos/dancar2Sm_Prog001.mp4,GoiásLibras · base nacional
DANÇARINA,https://goiaslibras.educacao.go.gov.br/api/media/ines/palavras/videos/dancarinaSm_Prog001.mp4,GoiásLibras · base nacional
DAR,https://goiaslibras.educacao.go.gov.br/api/media/ines/palavras/videos/darSm_Prog001.mp4,GoiásLibras · base nacional
DAR-NÃO,https://dicionario.ines.gov.br/public/media/palavras/videos/dar_naoSm_Prog001.mp4,GoiásLibras · base nacional
DAR2,https://goiaslibras.educacao.go.gov.br/api/media/ines/palavras/videos/dar2Sm_Prog001.mp4,GoiásLibras · base nacional
DARDO,https://goiaslibras.educacao.go.gov.br/api/media/ines/palavras/videos/dardoSm_Prog001.mp4,GoiásLibras · base nacional
DATA,https://goiaslibras.educacao.go.gov.br/api/media/ines/palavras/videos/dataSm_Prog001.mp4,GoiásLibras · base nacional
DATAR,https://goiaslibras.educacao.go.gov.br/api/media/ines/palavras/videos/datarSm_Prog001.mp4,GoiásLibras · base nacional
DATILOGRAFAR,https://goiaslibras.educacao.go.gov.br/api/media/ines/palavras/videos/datilografarSm_Prog001.mp4,GoiásLibras · base nacional
DATILOGRAFIA,https://goiaslibras.educacao.go.gov.br/api/media/ines/palavras/videos/datilografiaSm_Prog001.mp4,GoiásLibras · base nacional
DATILOLOGIA,https://dicionario.ines.gov.br/public/media/palavras/videos/datilologiaSm_Prog001.mp4,GoiásLibras · base nacional
DE REPENTE,https://goiaslibras.educacao.go.gov.br/api/media/ines/palavras/videos/de-repenteSm_Prog001.mp4,GoiásLibras · base nacional
DEBAIXO,https://goiaslibras.educacao.go.gov.br/api/media/ines/palavras/videos/debaixoSm_Prog001.mp4,GoiásLibras · base nacional
DEBATE,https://goiaslibras.educacao.go.gov.br/api/media/ines/palavras/videos/debateSm_Prog001.mp4,GoiásLibras · base nacional
DEBATER,https://dicionario.ines.gov.br/public/media/palavras/videos/debaterSm_Prog001.mp4,GoiásLibras · base nacional
DEBILITADA,https://dicionario.ines.gov.br/public/media/palavras/videos/debilitarSm_Prog001.mp4,GoiásLibras · base nacional
DEBITAR,https://goiaslibras.educacao.go.gov.br/api/media/ines/palavras/videos/debitarSm_Prog001.mp4,GoiásLibras · base nacional
DEBOCHAR,https://goiaslibras.educacao.go.gov.br/api/media/ines/palavras/videos/debocharSm_Prog001.mp4,GoiásLibras · base nacional
DEBRUÇAR,https://goiaslibras.educacao.go.gov.br/api/media/ines/palavras/videos/debrucarSm_Prog001.mp4,GoiásLibras · base nacional
DECAIR,https://goiaslibras.educacao.go.gov.br/api/media/ines/palavras/videos/decairSm_Prog001.mp4,GoiásLibras · base nacional
DECAPITAR,https://goiaslibras.educacao.go.gov.br/api/media/ines/palavras/videos/decapitarSm_Prog001.mp4,GoiásLibras · base nacional
DECENTE,https://goiaslibras.educacao.go.gov.br/api/media/ines/palavras/videos/decenteSm_Prog001.mp4,GoiásLibras · base nacional
DECEPAR,https://goiaslibras.educacao.go.gov.br/api/media/ines/palavras/videos/deceparSm_Prog001.mp4,GoiásLibras · base nacional
DECEPCIONADO1,https://goiaslibras.educacao.go.gov.br/api/media/ines/palavras/videos/decepcionadoSm_Prog001.mp4,GoiásLibras · base nacional
DECEPCIONADO2,https://goiaslibras.educacao.go.gov.br/api/media/ines/palavras/videos/decepcionado2Sm_Prog001.mp4,GoiásLibras · base nacional
DECEPCIONAR,https://goiaslibras.educacao.go.gov.br/api/media/ines/palavras/videos/decepcionarSm_Prog001.mp4,GoiásLibras · base nacional
DECIDIR,https://goiaslibras.educacao.go.gov.br/api/media/ines/palavras/videos/decidirSm_Prog001.mp4,GoiásLibras · base nacional
DECIFRAR,https://goiaslibras.educacao.go.gov.br/api/media/ines/palavras/videos/decifrarSm_Prog001.mp4,GoiásLibras · base nacional
DECISÃO,https://goiaslibras.educacao.go.gov.br/api/media/ines/palavras/videos/decisaoSm_Prog001.mp4,GoiásLibras · base nacional
DECLARAR,https://goiaslibras.educacao.go.gov.br/api/media/ines/palavras/videos/declararSm_Prog001.mp4,GoiásLibras · base nacional
DECLARAÇAO2,https://goiaslibras.educacao.go.gov.br/api/media/ines/palavras/videos/declaracao2Sm_Prog001.mp4,GoiásLibras · base nacional
DECLARAÇÃO1,https://goiaslibras.educacao.go.gov.br/api/media/ines/palavras/videos/declaracao1Sm_Prog001.mp4,GoiásLibras · base nacional
DECLINAÇÃO,https://goiaslibras.educacao.go.gov.br/api/media/ines/palavras/videos/declinacaoSm_Prog001.mp4,GoiásLibras · base nacional
DECOLAR,https://goiaslibras.educacao.go.gov.br/api/media/ines/palavras/videos/decolarSm_Prog001.mp4,GoiásLibras · base nacional
DECOMPOR,https://goiaslibras.educacao.go.gov.br/api/media/ines/palavras/videos/decomporSm_Prog001.mp4,GoiásLibras · base nacional
DECORAR1,https://goiaslibras.educacao.go.gov.br/api/media/ines/palavras/videos/decorar1Sm_Prog001.mp4,GoiásLibras · base nacional
DECORAR2,https://goiaslibras.educacao.go.gov.br/api/media/ines/palavras/videos/decorar2Sm_Prog001.mp4,GoiásLibras · base nacional
DECRETAR,https://goiaslibras.educacao.go.gov.br/api/media/ines/palavras/videos/decretarSm_Prog001.mp4,GoiásLibras · base nacional
DECRETO,https://goiaslibras.educacao.go.gov.br/api/media/ines/palavras/videos/decretoSm_Prog001.mp4,GoiásLibras · base nacional
DECURSO,https://goiaslibras.educacao.go.gov.br/api/media/ines/palavras/videos/decursoSm_Prog001.mp4,GoiásLibras · base nacional
DECÁLOGO,https://goiaslibras.educacao.go.gov.br/api/media/ines/palavras/videos/decalogoSm_Prog001.mp4,GoiásLibras · base nacional
DEDAL,https://goiaslibras.educacao.go.gov.br/api/media/ines/palavras/videos/dedalSm_Prog001.mp4,GoiásLibras · base nacional
DEDETIZAÇÃO,https://goiaslibras.educacao.go.gov.br/api/media/ines/palavras/videos/dedetizacaoSm_Prog001.mp4,GoiásLibras · base nacional
DEDICAR,https://goiaslibras.educacao.go.gov.br/api/media/ines/palavras/videos/dedicarSm_Prog001.mp4,GoiásLibras · base nacional
DEDILHAR,https://goiaslibras.educacao.go.gov.br/api/media/ines/palavras/videos/dedilharSm_Prog001.mp4,GoiásLibras · base nacional
DEDO,https://goiaslibras.educacao.go.gov.br/api/media/ines/palavras/videos/dedoSm_Prog001.mp4,GoiásLibras · base nacional
DEDURAR,https://goiaslibras.educacao.go.gov.br/api/media/ines/palavras/videos/dedurarSm_Prog001.mp4,GoiásLibras · base nacional
DEDUZIR,https://goiaslibras.educacao.go.gov.br/api/media/ines/palavras/videos/deduzirSm_Prog001.mp4,GoiásLibras · base nacional
DEFECAR,https://goiaslibras.educacao.go.gov.br/api/media/ines/palavras/videos/defecarSm_Prog001.mp4,GoiásLibras · base nacional
DEFEITO,https://goiaslibras.educacao.go.gov.br/api/media/ines/palavras/videos/defeitoSm_Prog001.mp4,GoiásLibras · base nacional
DEFENDER1,https://goiaslibras.educacao.go.gov.br/api/media/ines/palavras/videos/defender1Sm_Prog001.mp4,GoiásLibras · base nacional
DEFENDER2,https://goiaslibras.educacao.go.gov.br/api/media/ines/palavras/videos/defender2Sm_Prog001.mp4,GoiásLibras · base nacional
DEFESA,https://goiaslibras.educacao.go.gov.br/api/media/ines/palavras/videos/defesaSm_Prog001.mp4,GoiásLibras · base nacional
DEFICIENTE AUDITIVO,https://goiaslibras.educacao.go.gov.br/api/media/ines/palavras/videos/deficiente-auditivoSm_Prog001.mp4,GoiásLibras · base nacional
DEFICIENTE FISICO,https://dicionario.ines.gov.br/public/media/palavras/videos/deficiente_fisicoSm_Prog001.mp4,GoiásLibras · base nacional
DEFICIENTE MENTAL,https://goiaslibras.educacao.go.gov.br/api/media/ines/palavras/videos/deficiente-mentalSm_Prog001.mp4,GoiásLibras · base nacional
DEFICIENTE VISUAL,https://goiaslibras.educacao.go.gov.br/api/media/ines/palavras/videos/deficiente-visualSm_Prog001.mp4,GoiásLibras · base nacional
DEFICIENTE1,https://goiaslibras.educacao.go.gov.br/api/media/ines/palavras/videos/direito1Sm_Prog001.mp4,GoiásLibras · base nacional
DEFICIENTE2,https://dicionario.ines.gov.br/public/media/palavras/videos/deficiente3Sm_Prog001.mp4,GoiásLibras · base nacional
DEFINHAR,https://goiaslibras.educacao.go.gov.br/api/media/ines/palavras/videos/definharSm_Prog001.mp4,GoiásLibras · base nacional
DEFINIR,https://goiaslibras.educacao.go.gov.br/api/media/ines/palavras/videos/definirSm_Prog001.mp4,GoiásLibras · base nacional
DEFORMAR,https://goiaslibras.educacao.go.gov.br/api/media/ines/palavras/videos/deformarSm_Prog001.mp4,GoiásLibras · base nacional
DEFRONTE,https://dicionario.ines.gov.br/public/media/palavras/videos/defronte-deSm_Prog001.mp4,GoiásLibras · base nacional
DEFUNTO,https://goiaslibras.educacao.go.gov.br/api/media/ines/palavras/videos/defuntoSm_Prog001.mp4,GoiásLibras · base nacional
DEGLUTIR,https://goiaslibras.educacao.go.gov.br/api/media/ines/palavras/videos/deglutirSm_Prog001.mp4,GoiásLibras · base nacional
DEGOLAR,https://goiaslibras.educacao.go.gov.br/api/media/ines/palavras/videos/degolarSm_Prog001.mp4,GoiásLibras · base nacional
DEGRAU,https://goiaslibras.educacao.go.gov.br/api/media/ines/palavras/videos/degrauSm_Prog001.mp4,GoiásLibras · base nacional
DEGUSTAR,https://goiaslibras.educacao.go.gov.br/api/media/ines/palavras/videos/degustarSm_Prog001.mp4,GoiásLibras · base nacional
DEITAR1,https://goiaslibras.educacao.go.gov.br/api/media/ines/palavras/videos/deitar1Sm_Prog001.mp4,GoiásLibras · base nacional
DEITAR2,https://goiaslibras.educacao.go.gov.br/api/media/ines/palavras/videos/deitar2Sm_Prog001.mp4,GoiásLibras · base nacional
DEIXAR1,https://goiaslibras.educacao.go.gov.br/api/media/ines/palavras/videos/deixar2Sm_Prog001.mp4,GoiásLibras · base nacional
DEIXAR2,https://goiaslibras.educacao.go.gov.br/api/media/ines/palavras/videos/deixar3Sm_Prog001.mp4,GoiásLibras · base nacional
DEIXAR3,https://goiaslibras.educacao.go.gov.br/api/media/ines/palavras/videos/deixar4Sm_Prog001.mp4,GoiásLibras · base nacional
DELATAR,https://goiaslibras.educacao.go.gov.br/api/media/ines/palavras/videos/delatarSm_Prog001.mp4,GoiásLibras · base nacional
DELE,https://goiaslibras.educacao.go.gov.br/api/media/ines/palavras/videos/deleSm_Prog001.mp4,GoiásLibras · base nacional
DELEGACIA DE POLÍCIA,https://goiaslibras.educacao.go.gov.br/api/media/ines/palavras/videos/delegacia-de-policiaSm_Prog001.mp4,GoiásLibras · base nacional
DELEGADO,https://goiaslibras.educacao.go.gov.br/api/media/ines/palavras/videos/delegadoSm_Prog001.mp4,GoiásLibras · base nacional
DELETAR,https://goiaslibras.educacao.go.gov.br/api/media/ines/palavras/videos/deletarSm_Prog001.mp4,GoiásLibras · base nacional
DELICADO,https://dicionario.ines.gov.br/public/media/palavras/videos/delicado1Sm_Prog001.mp4,GoiásLibras · base nacional
DELINEADOR,https://goiaslibras.educacao.go.gov.br/api/media/ines/palavras/videos/delineadorSm_Prog001.mp4,GoiásLibras · base nacional
DELÍCIA,https://goiaslibras.educacao.go.gov.br/api/media/ines/palavras/videos/deliciaSm_Prog001.mp4,GoiásLibras · base nacional
DELÍRIO,https://goiaslibras.educacao.go.gov.br/api/media/ines/palavras/videos/delirioSm_Prog001.mp4,GoiásLibras · base nacional
DEMITIR,https://goiaslibras.educacao.go.gov.br/api/media/ines/palavras/videos/demitirSm_Prog001.mp4,GoiásLibras · base nacional
DEMOCRACIA,https://goiaslibras.educacao.go.gov.br/api/media/ines/palavras/videos/democraciaSm_Prog001.mp4,GoiásLibras · base nacional
DEMOLIR,https://goiaslibras.educacao.go.gov.br/api/media/ines/palavras/videos/demolirSm_Prog001.mp4,GoiásLibras · base nacional
DEMONSTRAR,https://goiaslibras.educacao.go.gov.br/api/media/ines/palavras/videos/demonstrarSm_Prog001.mp4,GoiásLibras · base nacional
DEMORAR,https://goiaslibras.educacao.go.gov.br/api/media/ines/palavras/videos/demorarSm_Prog001.mp4,GoiásLibras · base nacional
DEMÔNIO,https://goiaslibras.educacao.go.gov.br/api/media/ines/palavras/videos/demonioSm_Prog001.mp4,GoiásLibras · base nacional
DENGOSO,https://goiaslibras.educacao.go.gov.br/api/media/ines/palavras/videos/dengosoSm_Prog001.mp4,GoiásLibras · base nacional
DENGUE,https://goiaslibras.educacao.go.gov.br/api/media/ines/palavras/videos/dengueSm_Prog001.mp4,GoiásLibras · base nacional
DENODAR,https://goiaslibras.educacao.go.gov.br/api/media/ines/palavras/videos/denodarSm_Prog001.mp4,GoiásLibras · base nacional
DENOMINAR,https://goiaslibras.educacao.go.gov.br/api/media/ines/palavras/videos/denominarSm_Prog001.mp4,GoiásLibras · base nacional
DENTADA,https://goiaslibras.educacao.go.gov.br/api/media/ines/palavras/videos/dentadaSm_Prog001.mp4,GoiásLibras · base nacional
DENTADURA,https://goiaslibras.educacao.go.gov.br/api/media/ines/palavras/videos/dentaduraSm_Prog001.mp4,GoiásLibras · base nacional
DENTE,https://goiaslibras.educacao.go.gov.br/api/media/ines/palavras/videos/denteSm_Prog001.mp4,GoiásLibras · base nacional
DENTISTA,https://goiaslibras.educacao.go.gov.br/api/media/ines/palavras/videos/dentistaSm_Prog001.mp4,GoiásLibras · base nacional
DENTIÇAO,https://goiaslibras.educacao.go.gov.br/api/media/ines/palavras/videos/denticaoSm_Prog001.mp4,GoiásLibras · base nacional
DENTRO1,https://goiaslibras.educacao.go.gov.br/api/media/ines/palavras/videos/dentroSm_Prog001.mp4,GoiásLibras · base nacional
DENTRO2,https://goiaslibras.educacao.go.gov.br/api/media/ines/palavras/videos/dentro2Sm_Prog001.mp4,GoiásLibras · base nacional
DENTRO3,https://goiaslibras.educacao.go.gov.br/api/media/ines/palavras/videos/dentro3Sm_Prog001.mp4,GoiásLibras · base nacional
DENTUÇO,https://goiaslibras.educacao.go.gov.br/api/media/ines/palavras/videos/dentucoSm_Prog001.mp4,GoiásLibras · base nacional
DENUNCIAR,https://goiaslibras.educacao.go.gov.br/api/media/ines/palavras/videos/denunciarSm_Prog001.mp4,GoiásLibras · base nacional
DEPENAR,https://goiaslibras.educacao.go.gov.br/api/media/ines/palavras/videos/depenarSm_Prog001.mp4,GoiásLibras · base nacional
DEPENDENTE,https://goiaslibras.educacao.go.gov.br/api/media/ines/palavras/videos/dependenteSm_Prog001.mp4,GoiásLibras · base nacional
DEPENDER,https://goiaslibras.educacao.go.gov.br/api/media/ines/palavras/videos/dependerSm_Prog001.mp4,GoiásLibras · base nacional
DEPILAR,https://goiaslibras.educacao.go.gov.br/api/media/ines/palavras/videos/depilarSm_Prog001.mp4,GoiásLibras · base nacional
DEPILAÇAO,https://goiaslibras.educacao.go.gov.br/api/media/ines/palavras/videos/depilacaoSm_Prog001.mp4,GoiásLibras · base nacional
DEPOIMENTO,https://goiaslibras.educacao.go.gov.br/api/media/ines/palavras/videos/depoimentoSm_Prog001.mp4,GoiásLibras · base nacional
DEPOIS,https://goiaslibras.educacao.go.gov.br/api/media/ines/palavras/videos/depoisSm_Prog001.mp4,GoiásLibras · base nacional
DEPOSITAR,https://goiaslibras.educacao.go.gov.br/api/media/ines/palavras/videos/depositarSm_Prog001.mp4,GoiásLibras · base nacional
DEPRESSA,https://goiaslibras.educacao.go.gov.br/api/media/ines/palavras/videos/depressaSm_Prog001.mp4,GoiásLibras · base nacional
DEPRESSÃO,https://goiaslibras.educacao.go.gov.br/api/media/ines/palavras/videos/depressaoSm_Prog001.mp4,GoiásLibras · base nacional
DEPRIMIDO,https://goiaslibras.educacao.go.gov.br/api/media/ines/palavras/videos/deprimidoSm_Prog001.mp4,GoiásLibras · base nacional
DEPUTADO,https://goiaslibras.educacao.go.gov.br/api/media/ines/palavras/videos/deputadoSm_Prog001.mp4,GoiásLibras · base nacional
DERRAMAR,https://goiaslibras.educacao.go.gov.br/api/media/ines/palavras/videos/derramarSm_Prog001.mp4,GoiásLibras · base nacional
DERRAME,https://goiaslibras.educacao.go.gov.br/api/media/ines/palavras/videos/derrameSm_Prog001.mp4,GoiásLibras · base nacional
DERRAPAR,https://goiaslibras.educacao.go.gov.br/api/media/ines/palavras/videos/derraparSm_Prog001.mp4,GoiásLibras · base nacional
DERRETER,https://goiaslibras.educacao.go.gov.br/api/media/ines/palavras/videos/derreterSm_Prog001.mp4,GoiásLibras · base nacional
DERROTAR1,https://goiaslibras.educacao.go.gov.br/api/media/ines/palavras/videos/derrotar1Sm_Prog001.mp4,GoiásLibras · base nacional
DERROTAR2,https://goiaslibras.educacao.go.gov.br/api/media/ines/palavras/videos/derrotar2Sm_Prog001.mp4,GoiásLibras · base nacional
DERRUBAR,https://goiaslibras.educacao.go.gov.br/api/media/ines/palavras/videos/derrubarSm_Prog001.mp4,GoiásLibras · base nacional
DESABAFAR,https://goiaslibras.educacao.go.gov.br/api/media/ines/palavras/videos/desabafarSm_Prog001.mp4,GoiásLibras · base nacional
DESABAR,https://goiaslibras.educacao.go.gov.br/api/media/ines/palavras/videos/desabarSm_Prog001.mp4,GoiásLibras · base nacional
DESABOTOAR,https://goiaslibras.educacao.go.gov.br/api/media/ines/palavras/videos/desabotoarSm_Prog001.mp4,GoiásLibras · base nacional
DESABROCHAR,https://goiaslibras.educacao.go.gov.br/api/media/ines/palavras/videos/desabrocharSm_Prog001.mp4,GoiásLibras · base nacional
DESAFIAR,https://goiaslibras.educacao.go.gov.br/api/media/ines/palavras/videos/desafiarSm_Prog001.mp4,GoiásLibras · base nacional
DESAFIO,https://goiaslibras.educacao.go.gov.br/api/media/ines/palavras/videos/desafioSm_Prog001.mp4,GoiásLibras · base nacional
DESANIMADO,https://goiaslibras.educacao.go.gov.br/api/media/ines/palavras/videos/desanimadoSm_Prog001.mp4,GoiásLibras · base nacional
DESAPARECER,https://goiaslibras.educacao.go.gov.br/api/media/ines/palavras/videos/desaparecerSm_Prog001.mp4,GoiásLibras · base nacional
DESCALÇO,https://goiaslibras.educacao.go.gov.br/api/media/ines/palavras/videos/descalcoSm_Prog001.mp4,GoiásLibras · base nacional
DESCAMAR,https://goiaslibras.educacao.go.gov.br/api/media/ines/palavras/videos/descamarSm_Prog001.mp4,GoiásLibras · base nacional
DESCANSAR,https://goiaslibras.educacao.go.gov.br/api/media/ines/palavras/videos/descansarSm_Prog001.mp4,GoiásLibras · base nacional
DESCARGA,https://goiaslibras.educacao.go.gov.br/api/media/ines/palavras/videos/descargaSm_Prog001.mp4,GoiásLibras · base nacional
DESCASCAR,https://goiaslibras.educacao.go.gov.br/api/media/ines/palavras/videos/descascarSm_Prog001.mp4,GoiásLibras · base nacional
DESCENDENTE,https://goiaslibras.educacao.go.gov.br/api/media/ines/palavras/videos/descendenteSm_Prog001.mp4,GoiásLibras · base nacional
DESCER,https://goiaslibras.educacao.go.gov.br/api/media/ines/palavras/videos/descerSm_Prog001.mp4,GoiásLibras · base nacional
DESCOBRIR,https://goiaslibras.educacao.go.gov.br/api/media/ines/palavras/videos/descobrirSm_Prog001.mp4,GoiásLibras · base nacional
DESCONFIAR,https://goiaslibras.educacao.go.gov.br/api/media/ines/palavras/videos/desconfiarSm_Prog001.mp4,GoiásLibras · base nacional
DESCONGELAR,https://goiaslibras.educacao.go.gov.br/api/media/ines/palavras/videos/descongelarSm_Prog001.mp4,GoiásLibras · base nacional
DESCONHECIDO,https://goiaslibras.educacao.go.gov.br/api/media/ines/palavras/videos/desconhecidoSm_Prog001.mp4,GoiásLibras · base nacional
DESCONTAR,https://goiaslibras.educacao.go.gov.br/api/media/ines/palavras/videos/descontarSm_Prog001.mp4,GoiásLibras · base nacional
DESCULPAR,https://goiaslibras.educacao.go.gov.br/api/media/ines/palavras/videos/desculparSm_Prog001.mp4,GoiásLibras · base nacional
DESDENHAR,https://goiaslibras.educacao.go.gov.br/api/media/ines/palavras/videos/desdenharSm_Prog001.mp4,GoiásLibras · base nacional
DESEJAR1,https://goiaslibras.educacao.go.gov.br/api/media/ines/palavras/videos/desejar1Sm_Prog001.mp4,GoiásLibras · base nacional
DESEJAR2,https://goiaslibras.educacao.go.gov.br/api/media/ines/palavras/videos/desejar2Sm_Prog001.mp4,GoiásLibras · base nacional
DESEMPENHO,https://goiaslibras.educacao.go.gov.br/api/media/ines/palavras/videos/desempenhoSm_Prog001.mp4,GoiásLibras · base nacional
DESEMPREGADO,https://goiaslibras.educacao.go.gov.br/api/media/ines/palavras/videos/desempregadoSm_Prog001.mp4,GoiásLibras · base nacional
DESEMPREGO,https://goiaslibras.educacao.go.gov.br/api/media/ines/palavras/videos/desempregoSm_Prog001.mp4,GoiásLibras · base nacional
DESENCAMINHAR,https://dicionario.ines.gov.br/public/media/palavras/videos/desencaminharSm_Prog001.mp4,GoiásLibras · base nacional
DESENCONTRAR,https://goiaslibras.educacao.go.gov.br/api/media/ines/palavras/videos/desencontrarSm_Prog001.mp4,GoiásLibras · base nacional
DESENHAR,https://goiaslibras.educacao.go.gov.br/api/media/ines/palavras/videos/desenharSm_Prog001.mp4,GoiásLibras · base nacional
DESENHISTA,https://goiaslibras.educacao.go.gov.br/api/media/ines/palavras/videos/desenhistaSm_Prog001.mp4,GoiásLibras · base nacional
DESENHO,https://goiaslibras.educacao.go.gov.br/api/media/ines/palavras/videos/desenhoSm_Prog001.mp4,GoiásLibras · base nacional
DESENTUPIDOR,https://goiaslibras.educacao.go.gov.br/api/media/ines/palavras/videos/desentupidorSm_Prog001.mp4,GoiásLibras · base nacional
DESENTUPIR,https://goiaslibras.educacao.go.gov.br/api/media/ines/palavras/videos/desentupirSm_Prog001.mp4,GoiásLibras · base nacional
DESENVOLVER,https://goiaslibras.educacao.go.gov.br/api/media/ines/palavras/videos/desenvolverSm_Prog001.mp4,GoiásLibras · base nacional
DESERTO,https://goiaslibras.educacao.go.gov.br/api/media/ines/palavras/videos/desertoSm_Prog001.mp4,GoiásLibras · base nacional
DESESPERADO,https://goiaslibras.educacao.go.gov.br/api/media/ines/palavras/videos/desesperadoSm_Prog001.mp4,GoiásLibras · base nacional
DESESPERAR,https://goiaslibras.educacao.go.gov.br/api/media/ines/palavras/videos/desesperarSm_Prog001.mp4,GoiásLibras · base nacional
DESFALECER,https://goiaslibras.educacao.go.gov.br/api/media/ines/palavras/videos/desfalecerSm_Prog001.mp4,GoiásLibras · base nacional
DESFIAR,https://goiaslibras.educacao.go.gov.br/api/media/ines/palavras/videos/desfiarSm_Prog001.mp4,GoiásLibras · base nacional
DESFILAR,https://goiaslibras.educacao.go.gov.br/api/media/ines/palavras/videos/desfilarSm_Prog001.mp4,GoiásLibras · base nacional
DESFILE,https://dicionario.ines.gov.br/public/media/palavras/videos/desfileSm_Prog001.mp4,GoiásLibras · base nacional
DESGASTAR,https://goiaslibras.educacao.go.gov.br/api/media/ines/palavras/videos/desgastarSm_Prog001.mp4,GoiásLibras · base nacional
DESGOSTO,https://goiaslibras.educacao.go.gov.br/api/media/ines/palavras/videos/desgostoSm_Prog001.mp4,GoiásLibras · base nacional
DESIGNAR,https://goiaslibras.educacao.go.gov.br/api/media/ines/palavras/videos/designarSm_Prog001.mp4,GoiásLibras · base nacional
DESINIBIDO,https://goiaslibras.educacao.go.gov.br/api/media/ines/palavras/videos/desinibidoSm_Prog001.mp4,GoiásLibras · base nacional
DESISTIR,https://goiaslibras.educacao.go.gov.br/api/media/ines/palavras/videos/desistirSm_Prog001.mp4,GoiásLibras · base nacional
DESLIGAR,https://goiaslibras.educacao.go.gov.br/api/media/ines/palavras/videos/desligarSm_Prog001.mp4,GoiásLibras · base nacional
DESLIZAR,https://goiaslibras.educacao.go.gov.br/api/media/ines/palavras/videos/deslizarSm_Prog001.mp4,GoiásLibras · base nacional
DESMAIAR,https://goiaslibras.educacao.go.gov.br/api/media/ines/palavras/videos/desmaiarSm_Prog001.mp4,GoiásLibras · base nacional
DESMONTAR,https://goiaslibras.educacao.go.gov.br/api/media/ines/palavras/videos/desmontarSm_Prog001.mp4,GoiásLibras · base nacional
DESOBEDECER,https://goiaslibras.educacao.go.gov.br/api/media/ines/palavras/videos/desobedecerSm_Prog001.mp4,GoiásLibras · base nacional
DESODORANTE,https://goiaslibras.educacao.go.gov.br/api/media/ines/palavras/videos/desodoranteSm_Prog001.mp4,GoiásLibras · base nacional
DESORDEM,https://goiaslibras.educacao.go.gov.br/api/media/ines/palavras/videos/desordemSm_Prog001.mp4,GoiásLibras · base nacional
DESPEDIR1,https://goiaslibras.educacao.go.gov.br/api/media/ines/palavras/videos/despedirSm_Prog001.mp4,GoiásLibras · base nacional
DESPEDIR2,https://goiaslibras.educacao.go.gov.br/api/media/ines/palavras/videos/despedir2Sm_Prog001.mp4,GoiásLibras · base nacional
DESPEJO,https://goiaslibras.educacao.go.gov.br/api/media/ines/palavras/videos/despejoSm_Prog001.mp4,GoiásLibras · base nacional
DESPERTADOR,https://goiaslibras.educacao.go.gov.br/api/media/ines/palavras/videos/despertadorSm_Prog001.mp4,GoiásLibras · base nacional
DESPERTAR,https://goiaslibras.educacao.go.gov.br/api/media/ines/palavras/videos/despertarSm_Prog001.mp4,GoiásLibras · base nacional
DESPIDO,https://goiaslibras.educacao.go.gov.br/api/media/ines/palavras/videos/despidoSm_Prog001.mp4,GoiásLibras · base nacional
DESPORTO,https://goiaslibras.educacao.go.gov.br/api/media/ines/palavras/videos/desportoSm_Prog001.mp4,GoiásLibras · base nacional
DESPREOCUPADO,https://goiaslibras.educacao.go.gov.br/api/media/ines/palavras/videos/despreocupadoSm_Prog001.mp4,GoiásLibras · base nacional
DESPREZAR,https://goiaslibras.educacao.go.gov.br/api/media/ines/palavras/videos/desprezarSm_Prog001.mp4,GoiásLibras · base nacional
DESQUITAR,https://goiaslibras.educacao.go.gov.br/api/media/ines/palavras/videos/desquitarSm_Prog001.mp4,GoiásLibras · base nacional
DESTINO,https://goiaslibras.educacao.go.gov.br/api/media/ines/palavras/videos/destinoSm_Prog001.mp4,GoiásLibras · base nacional
DESTRO,https://goiaslibras.educacao.go.gov.br/api/media/ines/palavras/videos/destroSm_Prog001.mp4,GoiásLibras · base nacional
DESTRUIR1,https://goiaslibras.educacao.go.gov.br/api/media/ines/palavras/videos/destruir1Sm_Prog001.mp4,GoiásLibras · base nacional
DESTRUIR2,https://goiaslibras.educacao.go.gov.br/api/media/ines/palavras/videos/destruir2Sm_Prog001.mp4,GoiásLibras · base nacional
DESVALORIZAR,https://goiaslibras.educacao.go.gov.br/api/media/ines/palavras/videos/desvalorizarSm_Prog001.mp4,GoiásLibras · base nacional
DESVIAR,https://goiaslibras.educacao.go.gov.br/api/media/ines/palavras/videos/desviarSm_Prog001.mp4,GoiásLibras · base nacional
DETALHE,https://goiaslibras.educacao.go.gov.br/api/media/ines/palavras/videos/detalheSm_Prog001.mp4,GoiásLibras · base nacional
DETER,https://goiaslibras.educacao.go.gov.br/api/media/ines/palavras/videos/deterSm_Prog001.mp4,GoiásLibras · base nacional
DETERGENTE,https://goiaslibras.educacao.go.gov.br/api/media/ines/palavras/videos/detergenteSm_Prog001.mp4,GoiásLibras · base nacional
DETESTAR1,https://goiaslibras.educacao.go.gov.br/api/media/ines/palavras/videos/detestar2Sm_Prog001.mp4,GoiásLibras · base nacional
DETESTAR2,https://goiaslibras.educacao.go.gov.br/api/media/ines/palavras/videos/detestar1Sm_Prog001.mp4,GoiásLibras · base nacional
DETETIVE,https://goiaslibras.educacao.go.gov.br/api/media/ines/palavras/videos/detetiveSm_Prog001.mp4,GoiásLibras · base nacional
DETONAR,https://goiaslibras.educacao.go.gov.br/api/media/ines/palavras/videos/detonarSm_Prog001.mp4,GoiásLibras · base nacional
DETRÁS,https://goiaslibras.educacao.go.gov.br/api/media/ines/palavras/videos/detrasSm_Prog001.mp4,GoiásLibras · base nacional
DEUS,https://goiaslibras.educacao.go.gov.br/api/media/ines/palavras/videos/deusSm_Prog001.mp4,GoiásLibras · base nacional
DEVAGAR,https://goiaslibras.educacao.go.gov.br/api/media/ines/palavras/videos/devagarSm_Prog001.mp4,GoiásLibras · base nacional
DEVER1,https://goiaslibras.educacao.go.gov.br/api/media/ines/palavras/videos/dever1Sm_Prog001.mp4,GoiásLibras · base nacional
DEVER2,https://goiaslibras.educacao.go.gov.br/api/media/ines/palavras/videos/dever2Sm_Prog001.mp4,GoiásLibras · base nacional
DEVER3,https://goiaslibras.educacao.go.gov.br/api/media/ines/palavras/videos/dever3Sm_Prog001.mp4,GoiásLibras · base nacional
DEVIDO A,https://dicionario.ines.gov.br/public/media/palavras/videos/devido aSm_Prog001.mp4,GoiásLibras · base nacional
DEVOLVER1,https://goiaslibras.educacao.go.gov.br/api/media/ines/palavras/videos/devolver1Sm_Prog001.mp4,GoiásLibras · base nacional
DEVOLVER2,https://goiaslibras.educacao.go.gov.br/api/media/ines/palavras/videos/devolver2Sm_Prog001.mp4,GoiásLibras · base nacional
DEVORAR,https://goiaslibras.educacao.go.gov.br/api/media/ines/palavras/videos/devorarSm_Prog001.mp4,GoiásLibras · base nacional
DEZ,https://goiaslibras.educacao.go.gov.br/api/media/ines/palavras/videos/dezSm_Prog001.mp4,GoiásLibras · base nacional
DEZEMBRO,https://goiaslibras.educacao.go.gov.br/api/media/ines/palavras/videos/dezembroSm_Prog001.mp4,GoiásLibras · base nacional
DEZESSEIS,https://goiaslibras.educacao.go.gov.br/api/media/ines/palavras/videos/dezesseisSm_Prog001.mp4,GoiásLibras · base nacional
DEZESSETE,https://goiaslibras.educacao.go.gov.br/api/media/ines/palavras/videos/dezesseteSm_Prog001.mp4,GoiásLibras · base nacional
DIA 1,https://goiaslibras.educacao.go.gov.br/api/media/ines/palavras/videos/dia1Sm_Prog001.mp4,GoiásLibras · base nacional
DIA 2,https://goiaslibras.educacao.go.gov.br/api/media/ines/palavras/videos/dia2Sm_Prog001.mp4,GoiásLibras · base nacional
DIA 3,https://goiaslibras.educacao.go.gov.br/api/media/ines/palavras/videos/dia3Sm_Prog001.mp4,GoiásLibras · base nacional
DIA 4,https://goiaslibras.educacao.go.gov.br/api/media/ines/palavras/videos/dia4Sm_Prog001.mp4,GoiásLibras · base nacional
DIA DA SEMANA,https://goiaslibras.educacao.go.gov.br/api/media/ines/palavras/videos/dia-da-semanaSm_Prog001.mp4,GoiásLibras · base nacional
DIA-1,https://dicionario.ines.gov.br/public/media/palavras/videos/dois3Sm_Prog001.mp4,GoiásLibras · base nacional
DIABETE,https://goiaslibras.educacao.go.gov.br/api/media/ines/palavras/videos/diabeteSm_Prog001.mp4,GoiásLibras · base nacional
DIABO,https://goiaslibras.educacao.go.gov.br/api/media/ines/palavras/videos/diaboSm_Prog001.mp4,GoiásLibras · base nacional
DIAGNOSTICAR,https://goiaslibras.educacao.go.gov.br/api/media/ines/palavras/videos/diagnosticarSm_Prog001.mp4,GoiásLibras · base nacional
DIALOGAR,https://goiaslibras.educacao.go.gov.br/api/media/ines/palavras/videos/dialogarSm_Prog001.mp4,GoiásLibras · base nacional
DIAMANTE,https://goiaslibras.educacao.go.gov.br/api/media/ines/palavras/videos/diamanteSm_Prog001.mp4,GoiásLibras · base nacional
DIANTE,https://dicionario.ines.gov.br/public/media/palavras/videos/diante deSm_Prog001.mp4,GoiásLibras · base nacional
DIARIAMENTE1,https://goiaslibras.educacao.go.gov.br/api/media/ines/palavras/videos/diariamente1Sm_Prog001.mp4,GoiásLibras · base nacional
DIARIAMENTE2,https://goiaslibras.educacao.go.gov.br/api/media/ines/palavras/videos/diariamente2Sm_Prog001.mp4,GoiásLibras · base nacional
DIARRÉIA,https://goiaslibras.educacao.go.gov.br/api/media/ines/palavras/videos/diarreiaSm_Prog001.mp4,GoiásLibras · base nacional
DICIONÁRIO,https://youtu.be/KW5RFI5PcSc,GoiásLibras · base nacional
DIDÁTICA,https://goiaslibras.educacao.go.gov.br/api/media/ines/palavras/videos/didaticaSm_Prog001.mp4,GoiásLibras · base nacional
DIETA,https://goiaslibras.educacao.go.gov.br/api/media/ines/palavras/videos/dietaSm_Prog001.mp4,GoiásLibras · base nacional
DIFAMAR,https://goiaslibras.educacao.go.gov.br/api/media/ines/palavras/videos/difamarSm_Prog001.mp4,GoiásLibras · base nacional
DIFERENTE1,https://dicionario.ines.gov.br/public/media/palavras/videos/diferenteSm_Prog001.mp4,GoiásLibras · base nacional
DIFERENÇA,https://goiaslibras.educacao.go.gov.br/api/media/ines/palavras/videos/diferencaSm_Prog001.mp4,GoiásLibras · base nacional
DIFICULDADE,https://goiaslibras.educacao.go.gov.br/api/media/ines/palavras/videos/dificuldadeSm_Prog001.mp4,GoiásLibras · base nacional
DIFÍCIL,https://goiaslibras.educacao.go.gov.br/api/media/ines/palavras/videos/dificilSm_Prog001.mp4,GoiásLibras · base nacional
DIGITADOR,https://goiaslibras.educacao.go.gov.br/api/media/ines/palavras/videos/digitadorSm_Prog001.mp4,GoiásLibras · base nacional
DIGITAR,https://goiaslibras.educacao.go.gov.br/api/media/ines/palavras/videos/digitarSm_Prog001.mp4,GoiásLibras · base nacional
DILÚVIO,https://dicionario.ines.gov.br/public/media/palavras/videos/dilivioSm_Prog001.mp4,GoiásLibras · base nacional
DIMINUIR1,https://goiaslibras.educacao.go.gov.br/api/media/ines/palavras/videos/diminuir1Sm_Prog001.mp4,GoiásLibras · base nacional
DIMINUIR2,https://goiaslibras.educacao.go.gov.br/api/media/ines/palavras/videos/diminuir2Sm_Prog001.mp4,GoiásLibras · base nacional
DIMINUIR3,https://goiaslibras.educacao.go.gov.br/api/media/ines/palavras/videos/diminuir3Sm_Prog001.mp4,GoiásLibras · base nacional
DINAMARCA,https://goiaslibras.educacao.go.gov.br/api/media/ines/palavras/videos/dinamarcaSm_Prog001.mp4,GoiásLibras · base nacional
DINAMARQUÊS,https://goiaslibras.educacao.go.gov.br/api/media/ines/palavras/videos/dinamarquesSm_Prog001.mp4,GoiásLibras · base nacional
DINHEIRO,https://goiaslibras.educacao.go.gov.br/api/media/ines/palavras/videos/dinheiroSm_Prog001.mp4,GoiásLibras · base nacional
DINOSSAURO,https://goiaslibras.educacao.go.gov.br/api/media/ines/palavras/videos/dinossauroSm_Prog001.mp4,GoiásLibras · base nacional
DIPLOMA,https://goiaslibras.educacao.go.gov.br/api/media/ines/palavras/videos/diplomaSm_Prog001.mp4,GoiásLibras · base nacional
DIREITO1,https://goiaslibras.educacao.go.gov.br/api/media/ines/palavras/videos/direito1Sm_Prog001.mp4,GoiásLibras · base nacional
DIREITO2,https://goiaslibras.educacao.go.gov.br/api/media/ines/palavras/videos/direito2Sm_Prog001.mp4,GoiásLibras · base nacional
DIREITO3,https://goiaslibras.educacao.go.gov.br/api/media/ines/palavras/videos/direito3Sm_Prog001.mp4,GoiásLibras · base nacional
DIREITO4,https://dicionario.ines.gov.br/public/media/palavras/videos/direitoSm_Prog001.mp4,GoiásLibras · base nacional
DIRETO,https://goiaslibras.educacao.go.gov.br/api/media/ines/palavras/videos/diretoSm_Prog001.mp4,GoiásLibras · base nacional
DIRETOR,https://youtu.be/OYOsxAjP5kE,GoiásLibras · base nacional
DIRETORIA1,https://dicionario.ines.gov.br/public/media/palavras/videos/diretoria1Sm_Prog001.mp4,GoiásLibras · base nacional
DIRETORIA2,https://dicionario.ines.gov.br/public/media/palavras/videos/diretoria2Sm_Prog001.mp4,GoiásLibras · base nacional
DIRIGIR,https://goiaslibras.educacao.go.gov.br/api/media/ines/palavras/videos/dirigirSm_Prog001.mp4,GoiásLibras · base nacional
DISCIPLINA1,https://goiaslibras.educacao.go.gov.br/api/media/ines/palavras/videos/disciplina1Sm_Prog001.mp4,GoiásLibras · base nacional
DISCIPLINA2,https://goiaslibras.educacao.go.gov.br/api/media/ines/palavras/videos/disciplina2Sm_Prog001.mp4,GoiásLibras · base nacional
DISCO,https://goiaslibras.educacao.go.gov.br/api/media/ines/palavras/videos/discoSm_Prog001.mp4,GoiásLibras · base nacional
DISCORDAR,https://goiaslibras.educacao.go.gov.br/api/media/ines/palavras/videos/discordarSm_Prog001.mp4,GoiásLibras · base nacional
DISCOTECA,https://goiaslibras.educacao.go.gov.br/api/media/ines/palavras/videos/discotecaSm_Prog001.mp4,GoiásLibras · base nacional
DISCRETO,https://goiaslibras.educacao.go.gov.br/api/media/ines/palavras/videos/discretoSm_Prog001.mp4,GoiásLibras · base nacional
DISCRIMINAÇÃO,https://goiaslibras.educacao.go.gov.br/api/media/ines/palavras/videos/discriminacaoSm_Prog001.mp4,GoiásLibras · base nacional
DISCURSO,https://goiaslibras.educacao.go.gov.br/api/media/ines/palavras/videos/discursoSm_Prog001.mp4,GoiásLibras · base nacional
DISCUTIR,https://goiaslibras.educacao.go.gov.br/api/media/ines/palavras/videos/discutirSm_Prog001.mp4,GoiásLibras · base nacional
DISFARÇAR,https://goiaslibras.educacao.go.gov.br/api/media/ines/palavras/videos/disfarcarSm_Prog001.mp4,GoiásLibras · base nacional
DISPARAR,https://goiaslibras.educacao.go.gov.br/api/media/ines/palavras/videos/dispararSm_Prog001.mp4,GoiásLibras · base nacional
DISPENSAR,https://goiaslibras.educacao.go.gov.br/api/media/ines/palavras/videos/dispensarSm_Prog001.mp4,GoiásLibras · base nacional
DISPERSAR,https://goiaslibras.educacao.go.gov.br/api/media/ines/palavras/videos/dispersarSm_Prog001.mp4,GoiásLibras · base nacional
DISPONÍVEL,https://goiaslibras.educacao.go.gov.br/api/media/ines/palavras/videos/disponivelSm_Prog001.mp4,GoiásLibras · base nacional
DISPOSITIVO INTRA-UTERINO DIU,https://dicionario.ines.gov.br/public/media/palavras/videos/disp-ultraSm_Prog001.mp4,GoiásLibras · base nacional
DISPUTAR,https://goiaslibras.educacao.go.gov.br/api/media/ines/palavras/videos/disputarSm_Prog001.mp4,GoiásLibras · base nacional
DISQUETE,https://goiaslibras.educacao.go.gov.br/api/media/ines/palavras/videos/disqueteSm_Prog001.mp4,GoiásLibras · base nacional
DISSOLVER,https://goiaslibras.educacao.go.gov.br/api/media/ines/palavras/videos/dissolverSm_Prog001.mp4,GoiásLibras · base nacional
DISTENDER,https://goiaslibras.educacao.go.gov.br/api/media/ines/palavras/videos/distenderSm_Prog001.mp4,GoiásLibras · base nacional
DISTENSÃO,https://goiaslibras.educacao.go.gov.br/api/media/ines/palavras/videos/distensaoSm_Prog001.mp4,GoiásLibras · base nacional
DISTRAIR,https://goiaslibras.educacao.go.gov.br/api/media/ines/palavras/videos/distrairSm_Prog001.mp4,GoiásLibras · base nacional
DISTRIBUIR,https://goiaslibras.educacao.go.gov.br/api/media/ines/palavras/videos/distribuirSm_Prog001.mp4,GoiásLibras · base nacional
DISTRITO FEDERAL,https://dicionario.ines.gov.br/public/media/palavras/videos/distrito-federalSm_Prog001.mp4,GoiásLibras · base nacional
DISTÂNCIA,https://goiaslibras.educacao.go.gov.br/api/media/ines/palavras/videos/distanciaSm_Prog001.mp4,GoiásLibras · base nacional
DITADURA,https://goiaslibras.educacao.go.gov.br/api/media/ines/palavras/videos/ditaduraSm_Prog001.mp4,GoiásLibras · base nacional
DIVERSO,https://goiaslibras.educacao.go.gov.br/api/media/ines/palavras/videos/diversoSm_Prog001.mp4,GoiásLibras · base nacional
DIVERTIDO,https://goiaslibras.educacao.go.gov.br/api/media/ines/palavras/videos/divertidoSm_Prog001.mp4,GoiásLibras · base nacional
DIVIDIR1,https://goiaslibras.educacao.go.gov.br/api/media/ines/palavras/videos/dividir1Sm_Prog001.mp4,GoiásLibras · base nacional
DIVIDIR2,https://goiaslibras.educacao.go.gov.br/api/media/ines/palavras/videos/dividir2Sm_Prog001.mp4,GoiásLibras · base nacional
DIVIDIR3,https://goiaslibras.educacao.go.gov.br/api/media/ines/palavras/videos/dividir3Sm_Prog001.mp4,GoiásLibras · base nacional
DIVISÃO,https://goiaslibras.educacao.go.gov.br/api/media/ines/palavras/videos/dividir3Sm_Prog001.mp4,GoiásLibras · base nacional
DIVULGAR,https://goiaslibras.educacao.go.gov.br/api/media/ines/palavras/videos/divulgarSm_Prog001.mp4,GoiásLibras · base nacional
DIVÓRCIO,https://goiaslibras.educacao.go.gov.br/api/media/ines/palavras/videos/divorcioSm_Prog001.mp4,GoiásLibras · base nacional
DIZER1,https://goiaslibras.educacao.go.gov.br/api/media/ines/palavras/videos/dizer1Sm_Prog001.mp4,GoiásLibras · base nacional
DIZER2,https://goiaslibras.educacao.go.gov.br/api/media/ines/palavras/videos/dizer2Sm_Prog001.mp4,GoiásLibras · base nacional
DIÁLOGO,https://goiaslibras.educacao.go.gov.br/api/media/ines/palavras/videos/dialogoSm_Prog001.mp4,GoiásLibras · base nacional
DIÁRIA,https://goiaslibras.educacao.go.gov.br/api/media/ines/palavras/videos/diariaSm_Prog001.mp4,GoiásLibras · base nacional
DIÁRIO (ESCOLAR),https://youtu.be/KW5RFI5PcSc,GoiásLibras · base nacional
DO QUE,https://dicionario.ines.gov.br/public/media/palavras/videos/do queSm_Prog001.mp4,GoiásLibras · base nacional
DOAR1,https://goiaslibras.educacao.go.gov.br/api/media/ines/palavras/videos/doar1Sm_Prog001.mp4,GoiásLibras · base nacional
DOAR2,https://goiaslibras.educacao.go.gov.br/api/media/ines/palavras/videos/doar2Sm_Prog001.mp4,GoiásLibras · base nacional
DOAÇÃO,https://goiaslibras.educacao.go.gov.br/api/media/ines/palavras/videos/doacaoSm_Prog001.mp4,GoiásLibras · base nacional
DOBRAR,https://goiaslibras.educacao.go.gov.br/api/media/ines/palavras/videos/dobrarSm_Prog001.mp4,GoiásLibras · base nacional
DOBRO,https://goiaslibras.educacao.go.gov.br/api/media/ines/palavras/videos/dobroSm_Prog001.mp4,GoiásLibras · base nacional
DOCE,https://goiaslibras.educacao.go.gov.br/api/media/ines/palavras/videos/doceSm_Prog001.mp4,GoiásLibras · base nacional
DOCUMENTO,https://goiaslibras.educacao.go.gov.br/api/media/ines/palavras/videos/documentoSm_Prog001.mp4,GoiásLibras · base nacional
DOENTE1,https://goiaslibras.educacao.go.gov.br/api/media/ines/palavras/videos/doente1Sm_Prog001.mp4,GoiásLibras · base nacional
DOENTE2,https://goiaslibras.educacao.go.gov.br/api/media/ines/palavras/videos/doente2Sm_Prog001.mp4,GoiásLibras · base nacional
DOENÇA,https://goiaslibras.educacao.go.gov.br/api/media/ines/palavras/videos/doencaSm_Prog001.mp4,GoiásLibras · base nacional
DOER,https://goiaslibras.educacao.go.gov.br/api/media/ines/palavras/videos/doerSm_Prog001.mp4,GoiásLibras · base nacional
DOIDO,https://goiaslibras.educacao.go.gov.br/api/media/ines/palavras/videos/doidoSm_Prog001.mp4,GoiásLibras · base nacional
DOIS1,https://goiaslibras.educacao.go.gov.br/api/media/ines/palavras/videos/dois1Sm_Prog001.mp4,GoiásLibras · base nacional
DOIS2,https://goiaslibras.educacao.go.gov.br/api/media/ines/palavras/videos/doar2Sm_Prog001.mp4,GoiásLibras · base nacional
DOIS2,https://goiaslibras.educacao.go.gov.br/api/media/ines/palavras/videos/dois2Sm_Prog001.mp4,GoiásLibras · base nacional
DOMICÍLIO,https://goiaslibras.educacao.go.gov.br/api/media/ines/palavras/videos/domicilioSm_Prog001.mp4,GoiásLibras · base nacional
DOMINAR,https://goiaslibras.educacao.go.gov.br/api/media/ines/palavras/videos/dominarSm_Prog001.mp4,GoiásLibras · base nacional
DOMINGO,https://goiaslibras.educacao.go.gov.br/api/media/ines/palavras/videos/domingoSm_Prog001.mp4,GoiásLibras · base nacional
DOMINÓ,https://goiaslibras.educacao.go.gov.br/api/media/ines/palavras/videos/dominoSm_Prog001.mp4,GoiásLibras · base nacional
DONO,https://goiaslibras.educacao.go.gov.br/api/media/ines/palavras/videos/donoSm_Prog001.mp4,GoiásLibras · base nacional
DOR,https://goiaslibras.educacao.go.gov.br/api/media/ines/palavras/videos/dorSm_Prog001.mp4,GoiásLibras · base nacional
DOR DE CABEÇA,https://dicionario.ines.gov.br/public/media/palavras/videos/dor-de-cabecaSm_Prog001.mp4,GoiásLibras · base nacional
DORMIR,https://dicionario.ines.gov.br/public/media/palavras/videos/dormir2Sm_Prog001.mp4,GoiásLibras · base nacional
DOURADO,https://goiaslibras.educacao.go.gov.br/api/media/ines/palavras/videos/douradoSm_Prog001.mp4,GoiásLibras · base nacional
DOUTOR,https://goiaslibras.educacao.go.gov.br/api/media/ines/palavras/videos/doutorSm_Prog001.mp4,GoiásLibras · base nacional
DOZE,https://goiaslibras.educacao.go.gov.br/api/media/ines/palavras/videos/dozeSm_Prog001.mp4,GoiásLibras · base nacional
DRAGÃO,https://goiaslibras.educacao.go.gov.br/api/media/ines/palavras/videos/dragaoSm_Prog001.mp4,GoiásLibras · base nacional
DRAMATIZAÇÃO,https://goiaslibras.educacao.go.gov.br/api/media/ines/palavras/videos/dramatizacaoSm_Prog001.mp4,GoiásLibras · base nacional
DRIBLAR,https://goiaslibras.educacao.go.gov.br/api/media/ines/palavras/videos/driblarSm_Prog001.mp4,GoiásLibras · base nacional
DRIBLE,https://goiaslibras.educacao.go.gov.br/api/media/ines/palavras/videos/dribleSm_Prog001.mp4,GoiásLibras · base nacional
DROGA1,https://goiaslibras.educacao.go.gov.br/api/media/ines/palavras/videos/droga1Sm_Prog001.mp4,GoiásLibras · base nacional
DROGA2,https://goiaslibras.educacao.go.gov.br/api/media/ines/palavras/videos/droga2Sm_Prog001.mp4,GoiásLibras · base nacional
DUCHA,https://goiaslibras.educacao.go.gov.br/api/media/ines/palavras/videos/duchaSm_Prog001.mp4,GoiásLibras · base nacional
DUELO,https://goiaslibras.educacao.go.gov.br/api/media/ines/palavras/videos/dueloSm_Prog001.mp4,GoiásLibras · base nacional
DUENDE,https://goiaslibras.educacao.go.gov.br/api/media/ines/palavras/videos/duendeSm_Prog001.mp4,GoiásLibras · base nacional
DUNA,https://goiaslibras.educacao.go.gov.br/api/media/ines/palavras/videos/dunaSm_Prog001.mp4,GoiásLibras · base nacional
DUPLA,https://goiaslibras.educacao.go.gov.br/api/media/ines/palavras/videos/duplaSm_Prog001.mp4,GoiásLibras · base nacional
DURAR,https://goiaslibras.educacao.go.gov.br/api/media/ines/palavras/videos/durarSm_Prog001.mp4,GoiásLibras · base nacional
DURAÇÃO,https://goiaslibras.educacao.go.gov.br/api/media/ines/palavras/videos/duracaoSm_Prog001.mp4,GoiásLibras · base nacional
DUREX,https://goiaslibras.educacao.go.gov.br/api/media/ines/palavras/videos/durexSm_Prog001.mp4,GoiásLibras · base nacional
DURO,https://goiaslibras.educacao.go.gov.br/api/media/ines/palavras/videos/duroSm_Prog001.mp4,GoiásLibras · base nacional
DUVIDAR,https://goiaslibras.educacao.go.gov.br/api/media/ines/palavras/videos/duvidarSm_Prog001.mp4,GoiásLibras · base nacional
DUZENTOS,https://goiaslibras.educacao.go.gov.br/api/media/ines/palavras/videos/duzentosSm_Prog001.mp4,GoiásLibras · base nacional
DVD,https://youtu.be/z6Y9896C8vM,GoiásLibras · base nacional
DÉBITO,https://goiaslibras.educacao.go.gov.br/api/media/ines/palavras/videos/debitoSm_Prog001.mp4,GoiásLibras · base nacional
DÍVIDA,https://goiaslibras.educacao.go.gov.br/api/media/ines/palavras/videos/dividaSm_Prog001.mp4,GoiásLibras · base nacional
DÍZIMO,https://goiaslibras.educacao.go.gov.br/api/media/ines/palavras/videos/dizimoSm_Prog001.mp4,GoiásLibras · base nacional
DÓLAR,https://goiaslibras.educacao.go.gov.br/api/media/ines/palavras/videos/dolarSm_Prog001.mp4,GoiásLibras · base nacional
DÚVIDA,https://youtu.be/IwubehwOBNc,GoiásLibras · base nacional
DÚZIA,https://goiaslibras.educacao.go.gov.br/api/media/ines/palavras/videos/duziaSm_Prog001.mp4,GoiásLibras · base nacional
E,https://goiaslibras.educacao.go.gov.br/api/media/ines/palavras/videos/eSm_Prog001.mp4,GoiásLibras · base nacional
EBULIÇÃO,https://goiaslibras.educacao.go.gov.br/api/media/ines/palavras/videos/ebulicaoSm_Prog001.mp4,GoiásLibras · base nacional
ECLIPSE,https://goiaslibras.educacao.go.gov.br/api/media/ines/palavras/videos/eclipseSm_Prog001.mp4,GoiásLibras · base nacional
ECONOMIA,https://goiaslibras.educacao.go.gov.br/api/media/ines/palavras/videos/economiaSm_Prog001.mp4,GoiásLibras · base nacional
ECONOMIZAR,https://goiaslibras.educacao.go.gov.br/api/media/ines/palavras/videos/economizarSm_Prog001.mp4,GoiásLibras · base nacional
EDIFICAR,https://goiaslibras.educacao.go.gov.br/api/media/ines/palavras/videos/edificarSm_Prog001.mp4,GoiásLibras · base nacional
EDIFÍCIO,https://dicionario.ines.gov.br/public/media/palavras/videos/edificiioSm_Prog001.mp4,GoiásLibras · base nacional
EDITAR,https://goiaslibras.educacao.go.gov.br/api/media/ines/palavras/videos/editarSm_Prog001.mp4,GoiásLibras · base nacional
EDUCADO,https://goiaslibras.educacao.go.gov.br/api/media/ines/palavras/videos/educadoSm_Prog001.mp4,GoiásLibras · base nacional
EDUCAR,https://goiaslibras.educacao.go.gov.br/api/media/ines/palavras/videos/educarSm_Prog001.mp4,GoiásLibras · base nacional
EDUCAÇÃO FÍSICA,https://dicionario.ines.gov.br/public/media/palavras/videos/educacao-fisicaSm_Prog001.mp4,GoiásLibras · base nacional
EDUCAÇÃO1,https://goiaslibras.educacao.go.gov.br/api/media/ines/palavras/videos/educacao1Sm_Prog001.mp4,GoiásLibras · base nacional
EDUCAÇÃO2,https://goiaslibras.educacao.go.gov.br/api/media/ines/palavras/videos/educacao2Sm_Prog001.mp4,GoiásLibras · base nacional
EFERVESCENTE,https://goiaslibras.educacao.go.gov.br/api/media/ines/palavras/videos/efervescenteSm_Prog001.mp4,GoiásLibras · base nacional
EFETIVO,https://goiaslibras.educacao.go.gov.br/api/media/ines/palavras/videos/efetivoSm_Prog001.mp4,GoiásLibras · base nacional
EGITO,https://goiaslibras.educacao.go.gov.br/api/media/ines/palavras/videos/egitoSm_Prog001.mp4,GoiásLibras · base nacional
EGOÍSTA,https://goiaslibras.educacao.go.gov.br/api/media/ines/palavras/videos/egoistaSm_Prog001.mp4,GoiásLibras · base nacional
EJACULAR,https://goiaslibras.educacao.go.gov.br/api/media/ines/palavras/videos/ejacularSm_Prog001.mp4,GoiásLibras · base nacional
EJACULAÇÃO,https://goiaslibras.educacao.go.gov.br/api/media/ines/palavras/videos/ejaculacaoSm_Prog001.mp4,GoiásLibras · base nacional
ELE,https://goiaslibras.educacao.go.gov.br/api/media/ines/palavras/videos/eleSm_Prog001.mp4,GoiásLibras · base nacional
ELE MESMO,https://goiaslibras.educacao.go.gov.br/api/media/ines/palavras/videos/ele_mesmoSm_Prog001.mp4,GoiásLibras · base nacional
ELEFANTE,https://goiaslibras.educacao.go.gov.br/api/media/ines/palavras/videos/elefanteSm_Prog001.mp4,GoiásLibras · base nacional
ELEGANTE,https://goiaslibras.educacao.go.gov.br/api/media/ines/palavras/videos/eleganteSm_Prog001.mp4,GoiásLibras · base nacional
ELEGER,https://goiaslibras.educacao.go.gov.br/api/media/ines/palavras/videos/elegerSm_Prog001.mp4,GoiásLibras · base nacional
ELEIÇÃO,https://goiaslibras.educacao.go.gov.br/api/media/ines/palavras/videos/eleicaoSm_Prog001.mp4,GoiásLibras · base nacional
ELETRICIDADE,https://goiaslibras.educacao.go.gov.br/api/media/ines/palavras/videos/eletricidadeSm_Prog001.mp4,GoiásLibras · base nacional
ELETRICISTA,https://goiaslibras.educacao.go.gov.br/api/media/ines/palavras/videos/eletricistaSm_Prog001.mp4,GoiásLibras · base nacional
ELETRODOMÉSTICOS,https://goiaslibras.educacao.go.gov.br/api/media/ines/palavras/videos/eletrodomesticosSm_Prog001.mp4,GoiásLibras · base nacional
ELEVADOR,https://goiaslibras.educacao.go.gov.br/api/media/ines/palavras/videos/elevadorSm_Prog001.mp4,GoiásLibras · base nacional
ELIMINAR,https://goiaslibras.educacao.go.gov.br/api/media/ines/palavras/videos/eliminarSm_Prog001.mp4,GoiásLibras · base nacional
ELÁSTICO,https://goiaslibras.educacao.go.gov.br/api/media/ines/palavras/videos/elasticoSm_Prog001.mp4,GoiásLibras · base nacional
ELÉTRICO,https://goiaslibras.educacao.go.gov.br/api/media/ines/palavras/videos/eletricoSm_Prog001.mp4,GoiásLibras · base nacional
EM CIMA,https://dicionario.ines.gov.br/public/media/palavras/videos/em-cimaSm_Prog001.mp4,GoiásLibras · base nacional
EM PÉ,https://dicionario.ines.gov.br/public/media/palavras/videos/em-peSm_Prog001.mp4,GoiásLibras · base nacional
EM VOLTA,https://dicionario.ines.gov.br/public/media/palavras/videos/em-voltaSm_Prog001.mp4,GoiásLibras · base nacional
EMA,https://goiaslibras.educacao.go.gov.br/api/media/ines/palavras/videos/emaSm_Prog001.mp4,GoiásLibras · base nacional
EMAGRECER,https://goiaslibras.educacao.go.gov.br/api/media/ines/palavras/videos/emagrecerSm_Prog001.mp4,GoiásLibras · base nacional
EMAGRECIMENTO,https://goiaslibras.educacao.go.gov.br/api/media/ines/palavras/videos/emagrecimentoSm_Prog001.mp4,GoiásLibras · base nacional
EMBAIXADA1,https://goiaslibras.educacao.go.gov.br/api/media/ines/palavras/videos/embaixada1Sm_Prog001.mp4,GoiásLibras · base nacional
EMBAIXADA2,https://goiaslibras.educacao.go.gov.br/api/media/ines/palavras/videos/embaixada2Sm_Prog001.mp4,GoiásLibras · base nacional
EMBAIXO1,https://goiaslibras.educacao.go.gov.br/api/media/ines/palavras/videos/embaixo1Sm_Prog001.mp4,GoiásLibras · base nacional
EMBAIXO2,https://goiaslibras.educacao.go.gov.br/api/media/ines/palavras/videos/embaixo2Sm_Prog001.mp4,GoiásLibras · base nacional
EMBALAR,https://goiaslibras.educacao.go.gov.br/api/media/ines/palavras/videos/embalarSm_Prog001.mp4,GoiásLibras · base nacional
EMBARCAÇÃO,https://goiaslibras.educacao.go.gov.br/api/media/ines/palavras/videos/embarcacaoSm_Prog001.mp4,GoiásLibras · base nacional
EMBAÇAR,https://goiaslibras.educacao.go.gov.br/api/media/ines/palavras/videos/embacarSm_Prog001.mp4,GoiásLibras · base nacional
EMBLEMA,https://goiaslibras.educacao.go.gov.br/api/media/ines/palavras/videos/emblemaSm_Prog001.mp4,GoiásLibras · base nacional
EMBORA,https://goiaslibras.educacao.go.gov.br/api/media/ines/palavras/videos/emboraSm_Prog001.mp4,GoiásLibras · base nacional
EMBRIAGADO,https://goiaslibras.educacao.go.gov.br/api/media/ines/palavras/videos/embriagadoSm_Prog001.mp4,GoiásLibras · base nacional
EMBRIAGAR,https://goiaslibras.educacao.go.gov.br/api/media/ines/palavras/videos/embriagarSm_Prog001.mp4,GoiásLibras · base nacional
EMBRULHAR,https://goiaslibras.educacao.go.gov.br/api/media/ines/palavras/videos/embrulharSm_Prog001.mp4,GoiásLibras · base nacional
EMERGIR,https://goiaslibras.educacao.go.gov.br/api/media/ines/palavras/videos/emergirSm_Prog001.mp4,GoiásLibras · base nacional
EMOCIONAR,https://goiaslibras.educacao.go.gov.br/api/media/ines/palavras/videos/emocionarSm_Prog001.mp4,GoiásLibras · base nacional
EMOLDURAR,https://goiaslibras.educacao.go.gov.br/api/media/ines/palavras/videos/emoldurarSm_Prog001.mp4,GoiásLibras · base nacional
EMOÇÃO,https://goiaslibras.educacao.go.gov.br/api/media/ines/palavras/videos/emocaoSm_Prog001.mp4,GoiásLibras · base nacional
EMPADA,https://goiaslibras.educacao.go.gov.br/api/media/ines/palavras/videos/empadaSm_Prog001.mp4,GoiásLibras · base nacional
EMPATAR,https://goiaslibras.educacao.go.gov.br/api/media/ines/palavras/videos/empatarSm_Prog001.mp4,GoiásLibras · base nacional
EMPENHAR,https://goiaslibras.educacao.go.gov.br/api/media/ines/palavras/videos/empenharSm_Prog001.mp4,GoiásLibras · base nacional
EMPREGADA DOMESTICA,https://dicionario.ines.gov.br/public/media/palavras/videos/empregadaSm_Prog001.mp4,GoiásLibras · base nacional
EMPREGADO,https://goiaslibras.educacao.go.gov.br/api/media/ines/palavras/videos/empregadoSm_Prog001.mp4,GoiásLibras · base nacional
EMPREGAR,https://goiaslibras.educacao.go.gov.br/api/media/ines/palavras/videos/empregarSm_Prog001.mp4,GoiásLibras · base nacional
EMPREGO,https://goiaslibras.educacao.go.gov.br/api/media/ines/palavras/videos/empregoSm_Prog001.mp4,GoiásLibras · base nacional
EMPRESTAR,https://goiaslibras.educacao.go.gov.br/api/media/ines/palavras/videos/emprestarSm_Prog001.mp4,GoiásLibras · base nacional
EMPRESÁRIO,https://goiaslibras.educacao.go.gov.br/api/media/ines/palavras/videos/empresarioSm_Prog001.mp4,GoiásLibras · base nacional
EMPRÉSTIMO,https://goiaslibras.educacao.go.gov.br/api/media/ines/palavras/videos/emprestimoSm_Prog001.mp4,GoiásLibras · base nacional
EMPURRAR,https://goiaslibras.educacao.go.gov.br/api/media/ines/palavras/videos/empurrarSm_Prog001.mp4,GoiásLibras · base nacional
ENCABULAR,https://goiaslibras.educacao.go.gov.br/api/media/ines/palavras/videos/encabularSm_Prog001.mp4,GoiásLibras · base nacional
ENCADERNAR,https://dicionario.ines.gov.br/public/media/palavras/videos/encardenarSm_Prog001.mp4,GoiásLibras · base nacional
ENCADERNAÇÃO,https://dicionario.ines.gov.br/public/media/palavras/videos/encardenacaoSm_Prog001.mp4,GoiásLibras · base nacional
ENCARAR,https://goiaslibras.educacao.go.gov.br/api/media/ines/palavras/videos/encararSm_Prog001.mp4,GoiásLibras · base nacional
ENCARCERAR,https://goiaslibras.educacao.go.gov.br/api/media/ines/palavras/videos/encarcerarSm_Prog001.mp4,GoiásLibras · base nacional
ENCARDIDO,https://goiaslibras.educacao.go.gov.br/api/media/ines/palavras/videos/encardidoSm_Prog001.mp4,GoiásLibras · base nacional
ENCERADEIRA,https://goiaslibras.educacao.go.gov.br/api/media/ines/palavras/videos/enceradeiraSm_Prog001.mp4,GoiásLibras · base nacional
ENCERRAR1,https://dicionario.ines.gov.br/public/media/palavras/videos/encerrarSm_Prog001.mp4,GoiásLibras · base nacional
ENCERRAR2,https://goiaslibras.educacao.go.gov.br/api/media/ines/palavras/videos/encerrar2Sm_Prog001.mp4,GoiásLibras · base nacional
ENCHENTE,https://goiaslibras.educacao.go.gov.br/api/media/ines/palavras/videos/enchenteSm_Prog001.mp4,GoiásLibras · base nacional
ENCHER1,https://goiaslibras.educacao.go.gov.br/api/media/ines/palavras/videos/encher1Sm_Prog001.mp4,GoiásLibras · base nacional
ENCHER2,https://goiaslibras.educacao.go.gov.br/api/media/ines/palavras/videos/encher2Sm_Prog001.mp4,GoiásLibras · base nacional
ENCHER3,https://goiaslibras.educacao.go.gov.br/api/media/ines/palavras/videos/encher3Sm_Prog001.mp4,GoiásLibras · base nacional
ENCHER4,https://goiaslibras.educacao.go.gov.br/api/media/ines/palavras/videos/encher4Sm_Prog001.mp4,GoiásLibras · base nacional
ENCOBERTO,https://goiaslibras.educacao.go.gov.br/api/media/ines/palavras/videos/encobertoSm_Prog001.mp4,GoiásLibras · base nacional
ENCOBRIR,https://goiaslibras.educacao.go.gov.br/api/media/ines/palavras/videos/encobrirSm_Prog001.mp4,GoiásLibras · base nacional
ENCOLHER,https://goiaslibras.educacao.go.gov.br/api/media/ines/palavras/videos/encolherSm_Prog001.mp4,GoiásLibras · base nacional
ENCONTRAR,https://goiaslibras.educacao.go.gov.br/api/media/ines/palavras/videos/encontrarSm_Prog001.mp4,GoiásLibras · base nacional
ENCORAJAMENTO,https://goiaslibras.educacao.go.gov.br/api/media/ines/palavras/videos/encorajamentoSm_Prog001.mp4,GoiásLibras · base nacional
ENCORAJAR,https://goiaslibras.educacao.go.gov.br/api/media/ines/palavras/videos/encorajarSm_Prog001.mp4,GoiásLibras · base nacional
ENCRENCA,https://goiaslibras.educacao.go.gov.br/api/media/ines/palavras/videos/encrencaSm_Prog001.mp4,GoiásLibras · base nacional
ENCRESPAR,https://goiaslibras.educacao.go.gov.br/api/media/ines/palavras/videos/encresparSm_Prog001.mp4,GoiásLibras · base nacional
ENDEREÇO,https://goiaslibras.educacao.go.gov.br/api/media/ines/palavras/videos/enderecoSm_Prog001.mp4,GoiásLibras · base nacional
ENFEITAR,https://goiaslibras.educacao.go.gov.br/api/media/ines/palavras/videos/enfeitarSm_Prog001.mp4,GoiásLibras · base nacional
ENFERMEIRO,https://goiaslibras.educacao.go.gov.br/api/media/ines/palavras/videos/enfermeiroSm_Prog001.mp4,GoiásLibras · base nacional
ENFERMIDADE,https://goiaslibras.educacao.go.gov.br/api/media/ines/palavras/videos/enfermidadeSm_Prog001.mp4,GoiásLibras · base nacional
ENFERRUJAR,https://goiaslibras.educacao.go.gov.br/api/media/ines/palavras/videos/enferrujarSm_Prog001.mp4,GoiásLibras · base nacional
ENFORCADO,https://goiaslibras.educacao.go.gov.br/api/media/ines/palavras/videos/enforcadoSm_Prog001.mp4,GoiásLibras · base nacional
ENFORCAR,https://goiaslibras.educacao.go.gov.br/api/media/ines/palavras/videos/enforcarSm_Prog001.mp4,GoiásLibras · base nacional
ENFRAQUECER,https://goiaslibras.educacao.go.gov.br/api/media/ines/palavras/videos/enfraquecerSm_Prog001.mp4,GoiásLibras · base nacional
ENFRENTAR,https://goiaslibras.educacao.go.gov.br/api/media/ines/palavras/videos/enfrentarSm_Prog001.mp4,GoiásLibras · base nacional
ENGANAR1,https://goiaslibras.educacao.go.gov.br/api/media/ines/palavras/videos/enganar1Sm_Prog001.mp4,GoiásLibras · base nacional
ENGANAR2,https://goiaslibras.educacao.go.gov.br/api/media/ines/palavras/videos/enganar2Sm_Prog001.mp4,GoiásLibras · base nacional
ENGARRAFAR,https://goiaslibras.educacao.go.gov.br/api/media/ines/palavras/videos/engarrafarSm_Prog001.mp4,GoiásLibras · base nacional
ENGASGAR,https://goiaslibras.educacao.go.gov.br/api/media/ines/palavras/videos/engasgarSm_Prog001.mp4,GoiásLibras · base nacional
ENGATINHAR,https://goiaslibras.educacao.go.gov.br/api/media/ines/palavras/videos/engatinharSm_Prog001.mp4,GoiásLibras · base nacional
ENGENHARIA,https://goiaslibras.educacao.go.gov.br/api/media/ines/palavras/videos/engenhariaSm_Prog001.mp4,GoiásLibras · base nacional
ENGENHEIRO,https://goiaslibras.educacao.go.gov.br/api/media/ines/palavras/videos/engenheiroSm_Prog001.mp4,GoiásLibras · base nacional
ENGOLIR,https://goiaslibras.educacao.go.gov.br/api/media/ines/palavras/videos/engolirSm_Prog001.mp4,GoiásLibras · base nacional
ENGORDAR,https://goiaslibras.educacao.go.gov.br/api/media/ines/palavras/videos/engordarSm_Prog001.mp4,GoiásLibras · base nacional
ENGRAVATAR-SE,https://dicionario.ines.gov.br/public/media/palavras/videos/engravatarSm_Prog001.mp4,GoiásLibras · base nacional
ENGRAXAR,https://goiaslibras.educacao.go.gov.br/api/media/ines/palavras/videos/engraxarSm_Prog001.mp4,GoiásLibras · base nacional
ENGRAÇADO,https://goiaslibras.educacao.go.gov.br/api/media/ines/palavras/videos/engracadoSm_Prog001.mp4,GoiásLibras · base nacional
ENJOADO,https://goiaslibras.educacao.go.gov.br/api/media/ines/palavras/videos/enjoadoSm_Prog001.mp4,GoiásLibras · base nacional
ENJÔO,https://goiaslibras.educacao.go.gov.br/api/media/ines/palavras/videos/enjooSm_Prog001.mp4,GoiásLibras · base nacional
ENLOUQUECER,https://goiaslibras.educacao.go.gov.br/api/media/ines/palavras/videos/enlouquecerSm_Prog001.mp4,GoiásLibras · base nacional
ENORME,https://goiaslibras.educacao.go.gov.br/api/media/ines/palavras/videos/enormeSm_Prog001.mp4,GoiásLibras · base nacional
ENROLAR1,https://goiaslibras.educacao.go.gov.br/api/media/ines/palavras/videos/enrolar1Sm_Prog001.mp4,GoiásLibras · base nacional
ENROLAR2,https://goiaslibras.educacao.go.gov.br/api/media/ines/palavras/videos/enrolar2Sm_Prog001.mp4,GoiásLibras · base nacional
ENROSCAR,https://goiaslibras.educacao.go.gov.br/api/media/ines/palavras/videos/enroscarSm_Prog001.mp4,GoiásLibras · base nacional
ENSAIAR,https://goiaslibras.educacao.go.gov.br/api/media/ines/palavras/videos/ensaiarSm_Prog001.mp4,GoiásLibras · base nacional
ENSANGUENTADO,https://goiaslibras.educacao.go.gov.br/api/media/ines/palavras/videos/ensanguentadoSm_Prog001.mp4,GoiásLibras · base nacional
ENSINAR,https://goiaslibras.educacao.go.gov.br/api/media/ines/palavras/videos/ensinarSm_Prog001.mp4,GoiásLibras · base nacional
ENSOLARADO,https://goiaslibras.educacao.go.gov.br/api/media/ines/palavras/videos/ensolaradoSm_Prog001.mp4,GoiásLibras · base nacional
ENSURDECER,https://goiaslibras.educacao.go.gov.br/api/media/ines/palavras/videos/ensurdecerSm_Prog001.mp4,GoiásLibras · base nacional
ENSURDECIDO,https://goiaslibras.educacao.go.gov.br/api/media/ines/palavras/videos/ensurdecidoSm_Prog001.mp4,GoiásLibras · base nacional
ENTENDER,https://youtu.be/TiMRnYJ0H60?si=HYJwiOPEohHoc6UG,GoiásLibras · base nacional
ENTERRAR,https://goiaslibras.educacao.go.gov.br/api/media/ines/palavras/videos/enterrarSm_Prog001.mp4,GoiásLibras · base nacional
ENTERRO,https://goiaslibras.educacao.go.gov.br/api/media/ines/palavras/videos/enterroSm_Prog001.mp4,GoiásLibras · base nacional
ENTORNAR,https://goiaslibras.educacao.go.gov.br/api/media/ines/palavras/videos/entornarSm_Prog001.mp4,GoiásLibras · base nacional
ENTRADA,https://goiaslibras.educacao.go.gov.br/api/media/ines/palavras/videos/entradaSm_Prog001.mp4,GoiásLibras · base nacional
ENTRAR1,https://goiaslibras.educacao.go.gov.br/api/media/ines/palavras/videos/entrar1Sm_Prog001.mp4,GoiásLibras · base nacional
ENTRAR2,https://goiaslibras.educacao.go.gov.br/api/media/ines/palavras/videos/entrar2Sm_Prog001.mp4,GoiásLibras · base nacional
ENTRAR3,https://goiaslibras.educacao.go.gov.br/api/media/ines/palavras/videos/entrar3Sm_Prog001.mp4,GoiásLibras · base nacional
ENTREGAR,https://goiaslibras.educacao.go.gov.br/api/media/ines/palavras/videos/entregarSm_Prog001.mp4,GoiásLibras · base nacional
ENTREVISTAR,https://goiaslibras.educacao.go.gov.br/api/media/ines/palavras/videos/entrevistarSm_Prog001.mp4,GoiásLibras · base nacional
ENTRISTECER,https://goiaslibras.educacao.go.gov.br/api/media/ines/palavras/videos/entristecerSm_Prog001.mp4,GoiásLibras · base nacional
ENVELHECER,https://goiaslibras.educacao.go.gov.br/api/media/ines/palavras/videos/envelhecerSm_Prog001.mp4,GoiásLibras · base nacional
ENVELOPE,https://goiaslibras.educacao.go.gov.br/api/media/ines/palavras/videos/envelopeSm_Prog001.mp4,GoiásLibras · base nacional
ENVENENAR,https://goiaslibras.educacao.go.gov.br/api/media/ines/palavras/videos/envenenarSm_Prog001.mp4,GoiásLibras · base nacional
ENVERGONHAR,https://goiaslibras.educacao.go.gov.br/api/media/ines/palavras/videos/envergonharSm_Prog001.mp4,GoiásLibras · base nacional
ENVIAR1,https://goiaslibras.educacao.go.gov.br/api/media/ines/palavras/videos/enviar1Sm_Prog001.mp4,GoiásLibras · base nacional
ENVIAR2,https://goiaslibras.educacao.go.gov.br/api/media/ines/palavras/videos/enviar2Sm_Prog001.mp4,GoiásLibras · base nacional
ENVIAR3,https://goiaslibras.educacao.go.gov.br/api/media/ines/palavras/videos/enviar3Sm_Prog001.mp4,GoiásLibras · base nacional
ENVIUVAR,https://goiaslibras.educacao.go.gov.br/api/media/ines/palavras/videos/enviuvarSm_Prog001.mp4,GoiásLibras · base nacional
ENVOLVER,https://goiaslibras.educacao.go.gov.br/api/media/ines/palavras/videos/envolverSm_Prog001.mp4,GoiásLibras · base nacional
ENXADA,https://goiaslibras.educacao.go.gov.br/api/media/ines/palavras/videos/enxadaSm_Prog001.mp4,GoiásLibras · base nacional
ENXAQUECA,https://goiaslibras.educacao.go.gov.br/api/media/ines/palavras/videos/enxaquecaSm_Prog001.mp4,GoiásLibras · base nacional
ENXERGAR,https://goiaslibras.educacao.go.gov.br/api/media/ines/palavras/videos/enxergarSm_Prog001.mp4,GoiásLibras · base nacional
ENXUGAR LOUÇA,https://goiaslibras.educacao.go.gov.br/api/media/ines/palavras/videos/enxugar2Sm_Prog001.mp4,GoiásLibras · base nacional
ENXUGAR LÁGRIMA,https://goiaslibras.educacao.go.gov.br/api/media/ines/palavras/videos/enxugar1Sm_Prog001.mp4,GoiásLibras · base nacional
EPIDEMIA,https://goiaslibras.educacao.go.gov.br/api/media/ines/palavras/videos/epidemiaSm_Prog001.mp4,GoiásLibras · base nacional
EPISCOPAL,https://goiaslibras.educacao.go.gov.br/api/media/ines/palavras/videos/episcopalSm_Prog001.mp4,GoiásLibras · base nacional
EQUATORIANO,https://goiaslibras.educacao.go.gov.br/api/media/ines/palavras/videos/equatorianoSm_Prog001.mp4,GoiásLibras · base nacional
EQUILIBRAR,https://goiaslibras.educacao.go.gov.br/api/media/ines/palavras/videos/equilibrarSm_Prog001.mp4,GoiásLibras · base nacional
EQUIPE,https://goiaslibras.educacao.go.gov.br/api/media/ines/palavras/videos/equipeSm_Prog001.mp4,GoiásLibras · base nacional
EQUITAÇÃO,https://goiaslibras.educacao.go.gov.br/api/media/ines/palavras/videos/equitacaoSm_Prog001.mp4,GoiásLibras · base nacional
EREÇÃO,https://goiaslibras.educacao.go.gov.br/api/media/ines/palavras/videos/erecaoSm_Prog001.mp4,GoiásLibras · base nacional
ERGUER1,https://goiaslibras.educacao.go.gov.br/api/media/ines/palavras/videos/erguer1Sm_Prog001.mp4,GoiásLibras · base nacional
ERGUER2,https://goiaslibras.educacao.go.gov.br/api/media/ines/palavras/videos/erguer2Sm_Prog001.mp4,GoiásLibras · base nacional
ERGUER3,https://goiaslibras.educacao.go.gov.br/api/media/ines/palavras/videos/erguer3Sm_Prog001.mp4,GoiásLibras · base nacional
ERRADO,https://goiaslibras.educacao.go.gov.br/api/media/ines/palavras/videos/erradoSm_Prog001.mp4,GoiásLibras · base nacional
ERRAR,https://goiaslibras.educacao.go.gov.br/api/media/ines/palavras/videos/errarSm_Prog001.mp4,GoiásLibras · base nacional
ERVILHA,https://goiaslibras.educacao.go.gov.br/api/media/ines/palavras/videos/ervilhaSm_Prog001.mp4,GoiásLibras · base nacional
ESBARRAR,https://goiaslibras.educacao.go.gov.br/api/media/ines/palavras/videos/esbarrarSm_Prog001.mp4,GoiásLibras · base nacional
ESBOFETEAR,https://goiaslibras.educacao.go.gov.br/api/media/ines/palavras/videos/esbofetearSm_Prog001.mp4,GoiásLibras · base nacional
ESCADA,https://goiaslibras.educacao.go.gov.br/api/media/ines/palavras/videos/escada1Sm_Prog001.mp4,GoiásLibras · base nacional
ESCADA DE CARACOL,https://goiaslibras.educacao.go.gov.br/api/media/ines/palavras/videos/escada_de_caracolSm_Prog001.mp4,GoiásLibras · base nacional
ESCADA ROLANTE,https://goiaslibras.educacao.go.gov.br/api/media/ines/palavras/videos/escada-rolanteSm_Prog001.mp4,GoiásLibras · base nacional
ESCALAR1,https://goiaslibras.educacao.go.gov.br/api/media/ines/palavras/videos/escalarSm_Prog001.mp4,GoiásLibras · base nacional
ESCALAR2,https://goiaslibras.educacao.go.gov.br/api/media/ines/palavras/videos/escalar2Sm_Prog001.mp4,GoiásLibras · base nacional
ESCAPAR1,https://goiaslibras.educacao.go.gov.br/api/media/ines/palavras/videos/escapar1Sm_Prog001.mp4,GoiásLibras · base nacional
ESCAPAR2,https://goiaslibras.educacao.go.gov.br/api/media/ines/palavras/videos/escapar2Sm_Prog001.mp4,GoiásLibras · base nacional
ESCLARECER,https://goiaslibras.educacao.go.gov.br/api/media/ines/palavras/videos/esclarecerSm_Prog001.mp4,GoiásLibras · base nacional
ESCOCES,https://goiaslibras.educacao.go.gov.br/api/media/ines/palavras/videos/escocesSm_Prog001.mp4,GoiásLibras · base nacional
ESCOLA,https://goiaslibras.educacao.go.gov.br/api/media/video/2026-08-nas/escola.mp4,GoiásLibras · base nacional
ESCOLHER,https://goiaslibras.educacao.go.gov.br/api/media/ines/palavras/videos/escolherSm_Prog001.mp4,GoiásLibras · base nacional
ESCONDE-ESCONDE,https://goiaslibras.educacao.go.gov.br/api/media/ines/palavras/videos/esconde-escondeSm_Prog001.mp4,GoiásLibras · base nacional
ESCONDER,https://goiaslibras.educacao.go.gov.br/api/media/ines/palavras/videos/esconderSm_Prog001.mp4,GoiásLibras · base nacional
ESCONDIDO,https://goiaslibras.educacao.go.gov.br/api/media/ines/palavras/videos/escondidoSm_Prog001.mp4,GoiásLibras · base nacional
ESCOPETA,https://goiaslibras.educacao.go.gov.br/api/media/ines/palavras/videos/escopetaSm_Prog001.mp4,GoiásLibras · base nacional
ESCORPIÃO,https://goiaslibras.educacao.go.gov.br/api/media/ines/palavras/videos/escorpiaoSm_Prog001.mp4,GoiásLibras · base nacional
ESCORREGADOR,https://goiaslibras.educacao.go.gov.br/api/media/ines/palavras/videos/escorregadorSm_Prog001.mp4,GoiásLibras · base nacional
ESCORREGAR,https://goiaslibras.educacao.go.gov.br/api/media/ines/palavras/videos/escorregarSm_Prog001.mp4,GoiásLibras · base nacional
ESCORRER1,https://goiaslibras.educacao.go.gov.br/api/media/ines/palavras/videos/escorrer1Sm_Prog001.mp4,GoiásLibras · base nacional
ESCORRER2,https://goiaslibras.educacao.go.gov.br/api/media/ines/palavras/videos/escorrer2Sm_Prog001.mp4,GoiásLibras · base nacional
ESCOTEIRO,https://goiaslibras.educacao.go.gov.br/api/media/ines/palavras/videos/escoteiroSm_Prog001.mp4,GoiásLibras · base nacional
ESCOVA1,https://goiaslibras.educacao.go.gov.br/api/media/ines/palavras/videos/escova-dentalSm_Prog001.mp4,GoiásLibras · base nacional
ESCOVA2,https://goiaslibras.educacao.go.gov.br/api/media/ines/palavras/videos/escova-cabeloSm_Prog001.mp4,GoiásLibras · base nacional
ESCOVAR1,https://goiaslibras.educacao.go.gov.br/api/media/ines/palavras/videos/escovar-dentesSm_Prog001.mp4,GoiásLibras · base nacional
ESCOVAR2,https://goiaslibras.educacao.go.gov.br/api/media/ines/palavras/videos/escova-cabeloSm_Prog001.mp4,GoiásLibras · base nacional
ESCRAVIZAR1,https://dicionario.ines.gov.br/public/media/palavras/videos/escravizarSm_Prog001.mp4,GoiásLibras · base nacional
ESCRAVIZAR2,https://goiaslibras.educacao.go.gov.br/api/media/ines/palavras/videos/escravizar2Sm_Prog001.mp4,GoiásLibras · base nacional
ESCRAVO,https://goiaslibras.educacao.go.gov.br/api/media/ines/palavras/videos/escravoSm_Prog001.mp4,GoiásLibras · base nacional
ESCREVER NO QUADRO,https://dicionario.ines.gov.br/public/media/palavras/videos/escrever-no quadroSm_Prog001.mp4,GoiásLibras · base nacional
ESCREVER1,https://goiaslibras.educacao.go.gov.br/api/media/ines/palavras/videos/escrever1Sm_Prog001.mp4,GoiásLibras · base nacional
ESCREVER2,https://dicionario.ines.gov.br/public/media/palavras/videos/escrever_redacaoSm_Prog001.mp4,GoiásLibras · base nacional
ESCRITOR,https://goiaslibras.educacao.go.gov.br/api/media/ines/palavras/videos/escritorSm_Prog001.mp4,GoiásLibras · base nacional
ESCRITÓRIO,https://goiaslibras.educacao.go.gov.br/api/media/ines/palavras/videos/escritorioSm_Prog001.mp4,GoiásLibras · base nacional
ESCUDO,https://goiaslibras.educacao.go.gov.br/api/media/ines/palavras/videos/escudoSm_Prog001.mp4,GoiásLibras · base nacional
ESCULPIR1,https://goiaslibras.educacao.go.gov.br/api/media/ines/palavras/videos/esculpir1Sm_Prog001.mp4,GoiásLibras · base nacional
ESCULPIR2,https://goiaslibras.educacao.go.gov.br/api/media/ines/palavras/videos/esculpir2Sm_Prog001.mp4,GoiásLibras · base nacional
ESCULTURA,https://goiaslibras.educacao.go.gov.br/api/media/ines/palavras/videos/esculturaSm_Prog001.mp4,GoiásLibras · base nacional
ESCURECER,https://goiaslibras.educacao.go.gov.br/api/media/ines/palavras/videos/escurecerSm_Prog001.mp4,GoiásLibras · base nacional
ESCURO,https://goiaslibras.educacao.go.gov.br/api/media/ines/palavras/videos/escuroSm_Prog001.mp4,GoiásLibras · base nacional
ESCUTAR,https://goiaslibras.educacao.go.gov.br/api/media/ines/palavras/videos/escutarSm_Prog001.mp4,GoiásLibras · base nacional
ESCÓCIA,https://goiaslibras.educacao.go.gov.br/api/media/ines/palavras/videos/escociaSm_Prog001.mp4,GoiásLibras · base nacional
ESFAQUEAR,https://goiaslibras.educacao.go.gov.br/api/media/ines/palavras/videos/esfaquearSm_Prog001.mp4,GoiásLibras · base nacional
ESFERA,https://goiaslibras.educacao.go.gov.br/api/media/ines/palavras/videos/esferaSm_Prog001.mp4,GoiásLibras · base nacional
ESFOLAR,https://goiaslibras.educacao.go.gov.br/api/media/ines/palavras/videos/esfolarSm_Prog001.mp4,GoiásLibras · base nacional
ESFORÇAR,https://goiaslibras.educacao.go.gov.br/api/media/ines/palavras/videos/esforcarSm_Prog001.mp4,GoiásLibras · base nacional
ESFREGAR,https://goiaslibras.educacao.go.gov.br/api/media/ines/palavras/videos/esfregarSm_Prog001.mp4,GoiásLibras · base nacional
ESFRIAR,https://goiaslibras.educacao.go.gov.br/api/media/ines/palavras/videos/esfriarSm_Prog001.mp4,GoiásLibras · base nacional
ESGRIMA,https://goiaslibras.educacao.go.gov.br/api/media/ines/palavras/videos/esgrimaSm_Prog001.mp4,GoiásLibras · base nacional
ESMAGAR,https://goiaslibras.educacao.go.gov.br/api/media/ines/palavras/videos/esmagarSm_Prog001.mp4,GoiásLibras · base nacional
ESMALTE,https://goiaslibras.educacao.go.gov.br/api/media/ines/palavras/videos/esmalteSm_Prog001.mp4,GoiásLibras · base nacional
ESMURRAR,https://goiaslibras.educacao.go.gov.br/api/media/ines/palavras/videos/esmurrarSm_Prog001.mp4,GoiásLibras · base nacional
ESNOBE,https://goiaslibras.educacao.go.gov.br/api/media/ines/palavras/videos/esnobeSm_Prog001.mp4,GoiásLibras · base nacional
ESPADA,https://goiaslibras.educacao.go.gov.br/api/media/ines/palavras/videos/espadaSm_Prog001.mp4,GoiásLibras · base nacional
ESPAGUETE,https://goiaslibras.educacao.go.gov.br/api/media/ines/palavras/videos/espagueteSm_Prog001.mp4,GoiásLibras · base nacional
ESPALHAR,https://dicionario.ines.gov.br/public/media/palavras/videos/espalhar1Sm_Prog001.mp4,GoiásLibras · base nacional
ESPANCAR,https://goiaslibras.educacao.go.gov.br/api/media/ines/palavras/videos/espancarSm_Prog001.mp4,GoiásLibras · base nacional
ESPANHA,https://goiaslibras.educacao.go.gov.br/api/media/ines/palavras/videos/espanhaSm_Prog001.mp4,GoiásLibras · base nacional
ESPANHOL,https://goiaslibras.educacao.go.gov.br/api/media/ines/palavras/videos/espanholSm_Prog001.mp4,GoiásLibras · base nacional
ESPARRAMAR,https://goiaslibras.educacao.go.gov.br/api/media/ines/palavras/videos/esparramarSm_Prog001.mp4,GoiásLibras · base nacional
ESPECIAL,https://goiaslibras.educacao.go.gov.br/api/media/ines/palavras/videos/especialSm_Prog001.mp4,GoiásLibras · base nacional
ESPELHO,https://goiaslibras.educacao.go.gov.br/api/media/ines/palavras/videos/espelhoSm_Prog001.mp4,GoiásLibras · base nacional
ESPERANÇA,https://goiaslibras.educacao.go.gov.br/api/media/ines/palavras/videos/esperancaSm_Prog001.mp4,GoiásLibras · base nacional
ESPERAR1,https://goiaslibras.educacao.go.gov.br/api/media/ines/palavras/videos/esperar1Sm_Prog001.mp4,GoiásLibras · base nacional
ESPERAR2,https://goiaslibras.educacao.go.gov.br/api/media/ines/palavras/videos/esperar2Sm_Prog001.mp4,GoiásLibras · base nacional
ESPERMA,https://goiaslibras.educacao.go.gov.br/api/media/ines/palavras/videos/espermaSm_Prog001.mp4,GoiásLibras · base nacional
ESPERTO,https://goiaslibras.educacao.go.gov.br/api/media/ines/palavras/videos/espertoSm_Prog001.mp4,GoiásLibras · base nacional
ESPETINHO,https://goiaslibras.educacao.go.gov.br/api/media/ines/palavras/videos/espetinhoSm_Prog001.mp4,GoiásLibras · base nacional
ESPIAR1,https://dicionario.ines.gov.br/public/media/palavras/videos/espiarSm_Prog001.mp4,GoiásLibras · base nacional
ESPIAR2,https://goiaslibras.educacao.go.gov.br/api/media/ines/palavras/videos/espiar2Sm_Prog001.mp4,GoiásLibras · base nacional
ESPINGARDA,https://goiaslibras.educacao.go.gov.br/api/media/ines/palavras/videos/espingardaSm_Prog001.mp4,GoiásLibras · base nacional
ESPINHA,https://goiaslibras.educacao.go.gov.br/api/media/ines/palavras/videos/espinhaSm_Prog001.mp4,GoiásLibras · base nacional
ESPINHA DORSAL,https://dicionario.ines.gov.br/public/media/palavras/videos/espinha-dorsalSm_Prog001.mp4,GoiásLibras · base nacional
ESPINHO,https://goiaslibras.educacao.go.gov.br/api/media/ines/palavras/videos/espinhoSm_Prog001.mp4,GoiásLibras · base nacional
ESPIONAR,https://goiaslibras.educacao.go.gov.br/api/media/ines/palavras/videos/espionarSm_Prog001.mp4,GoiásLibras · base nacional
ESPIRAL,https://goiaslibras.educacao.go.gov.br/api/media/ines/palavras/videos/espiralSm_Prog001.mp4,GoiásLibras · base nacional
ESPIRITA,https://goiaslibras.educacao.go.gov.br/api/media/ines/palavras/videos/espiritaSm_Prog001.mp4,GoiásLibras · base nacional
ESPIRITISMO,https://goiaslibras.educacao.go.gov.br/api/media/ines/palavras/videos/espiritismoSm_Prog001.mp4,GoiásLibras · base nacional
ESPIRRAR,https://goiaslibras.educacao.go.gov.br/api/media/ines/palavras/videos/espirrarSm_Prog001.mp4,GoiásLibras · base nacional
ESPIÃO,https://goiaslibras.educacao.go.gov.br/api/media/ines/palavras/videos/espiaoSm_Prog001.mp4,GoiásLibras · base nacional
ESPONJA,https://goiaslibras.educacao.go.gov.br/api/media/ines/palavras/videos/esponjaSm_Prog001.mp4,GoiásLibras · base nacional
ESPORTE,https://goiaslibras.educacao.go.gov.br/api/media/ines/palavras/videos/esporteSm_Prog001.mp4,GoiásLibras · base nacional
ESPOSA,https://goiaslibras.educacao.go.gov.br/api/media/ines/palavras/videos/esposaSm_Prog001.mp4,GoiásLibras · base nacional
ESPREGUIÇADEIRA,https://goiaslibras.educacao.go.gov.br/api/media/ines/palavras/videos/espreguicadeiraSm_Prog001.mp4,GoiásLibras · base nacional
ESPREMER,https://goiaslibras.educacao.go.gov.br/api/media/ines/palavras/videos/espremerSm_Prog001.mp4,GoiásLibras · base nacional
ESPUMA,https://goiaslibras.educacao.go.gov.br/api/media/ines/palavras/videos/espumaSm_Prog001.mp4,GoiásLibras · base nacional
ESPUMAR,https://goiaslibras.educacao.go.gov.br/api/media/ines/palavras/videos/espumarSm_Prog001.mp4,GoiásLibras · base nacional
ESPÁTULA,https://goiaslibras.educacao.go.gov.br/api/media/ines/palavras/videos/espatulaSm_Prog001.mp4,GoiásLibras · base nacional
ESPÍRITO,https://goiaslibras.educacao.go.gov.br/api/media/ines/palavras/videos/espiritoSm_Prog001.mp4,GoiásLibras · base nacional
ESPÍRITO SANTO,https://dicionario.ines.gov.br/public/media/palavras/videos/espirito-santo1Sm_Prog001.mp4,GoiásLibras · base nacional
ESPÍRITO SANTO(ES),https://dicionario.ines.gov.br/public/media/palavras/videos/espirito-santo2Sm_Prog001.mp4,GoiásLibras · base nacional
ESQUECER,https://goiaslibras.educacao.go.gov.br/api/media/ines/palavras/videos/esquecerSm_Prog001.mp4,GoiásLibras · base nacional
ESQUELETO,https://youtu.be/hZ_-WWbdtIg?si=ChGUW0n99eSZ4vJ3,GoiásLibras · base nacional
ESQUENTAR,https://goiaslibras.educacao.go.gov.br/api/media/ines/palavras/videos/esquentarSm_Prog001.mp4,GoiásLibras · base nacional
ESQUERDA,https://goiaslibras.educacao.go.gov.br/api/media/ines/palavras/videos/esquerdaSm_Prog001.mp4,GoiásLibras · base nacional
ESQUIAR,https://goiaslibras.educacao.go.gov.br/api/media/ines/palavras/videos/esquiarSm_Prog001.mp4,GoiásLibras · base nacional
ESQUILO,https://goiaslibras.educacao.go.gov.br/api/media/ines/palavras/videos/esquiloSm_Prog001.mp4,GoiásLibras · base nacional
ESQUIMÓ,https://goiaslibras.educacao.go.gov.br/api/media/ines/palavras/videos/esquimoSm_Prog001.mp4,GoiásLibras · base nacional
ESQUINA,https://goiaslibras.educacao.go.gov.br/api/media/ines/palavras/videos/esquinaSm_Prog001.mp4,GoiásLibras · base nacional
ESQUISITO,https://goiaslibras.educacao.go.gov.br/api/media/ines/palavras/videos/esquisitoSm_Prog001.mp4,GoiásLibras · base nacional
ESSE,https://goiaslibras.educacao.go.gov.br/api/media/ines/palavras/videos/esseSm_Prog001.mp4,GoiásLibras · base nacional
ESTABELECIMENTO,https://goiaslibras.educacao.go.gov.br/api/media/ines/palavras/videos/estabelecimentoSm_Prog001.mp4,GoiásLibras · base nacional
ESTACA,https://goiaslibras.educacao.go.gov.br/api/media/ines/palavras/videos/estacaSm_Prog001.mp4,GoiásLibras · base nacional
ESTACIONAMENTO,https://goiaslibras.educacao.go.gov.br/api/media/ines/palavras/videos/estacionamentoSm_Prog001.mp4,GoiásLibras · base nacional
ESTADO,https://goiaslibras.educacao.go.gov.br/api/media/ines/palavras/videos/estadoSm_Prog001.mp4,GoiásLibras · base nacional
ESTADOS UNIDOS,https://goiaslibras.educacao.go.gov.br/api/media/ines/palavras/videos/estados-unidosSm_Prog001.mp4,GoiásLibras · base nacional
ESTADUAL,https://goiaslibras.educacao.go.gov.br/api/media/ines/palavras/videos/estadualSm_Prog001.mp4,GoiásLibras · base nacional
ESTAMPAR,https://goiaslibras.educacao.go.gov.br/api/media/ines/palavras/videos/estamparSm_Prog001.mp4,GoiásLibras · base nacional
ESTANTE,https://goiaslibras.educacao.go.gov.br/api/media/ines/palavras/videos/estanteSm_Prog001.mp4,GoiásLibras · base nacional
ESTAR,https://goiaslibras.educacao.go.gov.br/api/media/ines/palavras/videos/estarSm_Prog001.mp4,GoiásLibras · base nacional
ESTATUTO,https://goiaslibras.educacao.go.gov.br/api/media/ines/palavras/videos/estatutoSm_Prog001.mp4,GoiásLibras · base nacional
ESTE,https://goiaslibras.educacao.go.gov.br/api/media/ines/palavras/videos/esteSm_Prog001.mp4,GoiásLibras · base nacional
ESTENDER1,https://goiaslibras.educacao.go.gov.br/api/media/ines/palavras/videos/estender1Sm_Prog001.mp4,GoiásLibras · base nacional
ESTENDER2,https://goiaslibras.educacao.go.gov.br/api/media/ines/palavras/videos/estender2Sm_Prog001.mp4,GoiásLibras · base nacional
ESTENDER3,https://goiaslibras.educacao.go.gov.br/api/media/ines/palavras/videos/estender3Sm_Prog001.mp4,GoiásLibras · base nacional
ESTENDER4,https://goiaslibras.educacao.go.gov.br/api/media/ines/palavras/videos/estender4Sm_Prog001.mp4,GoiásLibras · base nacional
ESTETOSCÓPIO,https://goiaslibras.educacao.go.gov.br/api/media/ines/palavras/videos/estetoscopioSm_Prog001.mp4,GoiásLibras · base nacional
ESTICAR1,https://goiaslibras.educacao.go.gov.br/api/media/ines/palavras/videos/esticar1Sm_Prog001.mp4,GoiásLibras · base nacional
ESTICAR2,https://goiaslibras.educacao.go.gov.br/api/media/ines/palavras/videos/esticar2Sm_Prog001.mp4,GoiásLibras · base nacional
ESTILETE,https://youtu.be/PUQCWZF2e88,GoiásLibras · base nacional
ESTILHAÇAR,https://goiaslibras.educacao.go.gov.br/api/media/ines/palavras/videos/estilhacarSm_Prog001.mp4,GoiásLibras · base nacional
ESTOJO,https://youtu.be/NXaQ_UYbjKQ,GoiásLibras · base nacional
ESTOURAR,https://goiaslibras.educacao.go.gov.br/api/media/ines/palavras/videos/estourarSm_Prog001.mp4,GoiásLibras · base nacional
ESTRADA,https://goiaslibras.educacao.go.gov.br/api/media/ines/palavras/videos/estradaSm_Prog001.mp4,GoiásLibras · base nacional
ESTRAGADO,https://goiaslibras.educacao.go.gov.br/api/media/ines/palavras/videos/estragadoSm_Prog001.mp4,GoiásLibras · base nacional
ESTRAGAR1,https://dicionario.ines.gov.br/public/media/palavras/videos/estragarSm_Prog001.mp4,GoiásLibras · base nacional
ESTRAGAR2,https://goiaslibras.educacao.go.gov.br/api/media/ines/palavras/videos/estragar2Sm_Prog001.mp4,GoiásLibras · base nacional
ESTRANGEIRO,https://goiaslibras.educacao.go.gov.br/api/media/ines/palavras/videos/estrangeiroSm_Prog001.mp4,GoiásLibras · base nacional
ESTRANGULAR,https://goiaslibras.educacao.go.gov.br/api/media/ines/palavras/videos/estrangularSm_Prog001.mp4,GoiásLibras · base nacional
ESTRANHAR,https://goiaslibras.educacao.go.gov.br/api/media/ines/palavras/videos/estranharSm_Prog001.mp4,GoiásLibras · base nacional
ESTRANHO,https://goiaslibras.educacao.go.gov.br/api/media/ines/palavras/videos/estranhoSm_Prog001.mp4,GoiásLibras · base nacional
ESTRATÉGIA,https://goiaslibras.educacao.go.gov.br/api/media/ines/palavras/videos/estrategiaSm_Prog001.mp4,GoiásLibras · base nacional
ESTREITO,https://goiaslibras.educacao.go.gov.br/api/media/ines/palavras/videos/estreitoSm_Prog001.mp4,GoiásLibras · base nacional
ESTRELA,https://goiaslibras.educacao.go.gov.br/api/media/ines/palavras/videos/estrelaSm_Prog001.mp4,GoiásLibras · base nacional
ESTRELA-DO-MAR,https://goiaslibras.educacao.go.gov.br/api/media/ines/palavras/videos/estrela-do-marSm_Prog001.mp4,GoiásLibras · base nacional
ESTRELADO,https://goiaslibras.educacao.go.gov.br/api/media/ines/palavras/videos/estreladoSm_Prog001.mp4,GoiásLibras · base nacional
ESTREMECER1,https://dicionario.ines.gov.br/public/media/palavras/videos/estremecerSm_Prog001.mp4,GoiásLibras · base nacional
ESTREMECER2,https://goiaslibras.educacao.go.gov.br/api/media/ines/palavras/videos/estremecer2Sm_Prog001.mp4,GoiásLibras · base nacional
ESTUDAR,https://youtu.be/F2rwAaCqpBE?si=h2fK230CfN3egSdN,GoiásLibras · base nacional
ESTUDOS SOCIAIS,https://goiaslibras.educacao.go.gov.br/api/media/ines/palavras/videos/estudos_sociaisSm_Prog001.mp4,GoiásLibras · base nacional
ESTUPRAR,https://goiaslibras.educacao.go.gov.br/api/media/ines/palavras/videos/estuprarSm_Prog001.mp4,GoiásLibras · base nacional
ESTUPRO,https://goiaslibras.educacao.go.gov.br/api/media/ines/palavras/videos/estuproSm_Prog001.mp4,GoiásLibras · base nacional
ESTÁGIO,https://goiaslibras.educacao.go.gov.br/api/media/ines/palavras/videos/estagioSm_Prog001.mp4,GoiásLibras · base nacional
ESTÁTUA,https://goiaslibras.educacao.go.gov.br/api/media/ines/palavras/videos/estatuaSm_Prog001.mp4,GoiásLibras · base nacional
ESTÓRIA,https://goiaslibras.educacao.go.gov.br/api/media/ines/palavras/videos/estoriaSm_Prog001.mp4,GoiásLibras · base nacional
ESTÔMAGO,https://goiaslibras.educacao.go.gov.br/api/media/ines/palavras/videos/estomagoSm_Prog001.mp4,GoiásLibras · base nacional
ESTÚPIDO,https://goiaslibras.educacao.go.gov.br/api/media/ines/palavras/videos/estupidoSm_Prog001.mp4,GoiásLibras · base nacional
ESVAZIAR1,https://goiaslibras.educacao.go.gov.br/api/media/ines/palavras/videos/esvaziar1Sm_Prog001.mp4,GoiásLibras · base nacional
ESVAZIAR2,https://goiaslibras.educacao.go.gov.br/api/media/ines/palavras/videos/esvaziar2Sm_Prog001.mp4,GoiásLibras · base nacional
ETERNO,https://goiaslibras.educacao.go.gov.br/api/media/ines/palavras/videos/eternoSm_Prog001.mp4,GoiásLibras · base nacional
ETIQUETA,https://goiaslibras.educacao.go.gov.br/api/media/ines/palavras/videos/etiquetaSm_Prog001.mp4,GoiásLibras · base nacional
ETIQUETAR,https://goiaslibras.educacao.go.gov.br/api/media/ines/palavras/videos/etiquetarSm_Prog001.mp4,GoiásLibras · base nacional
EU,https://goiaslibras.educacao.go.gov.br/api/media/ines/palavras/videos/euSm_Prog001.mp4,GoiásLibras · base nacional
EUROPA,https://goiaslibras.educacao.go.gov.br/api/media/ines/palavras/videos/europaSm_Prog001.mp4,GoiásLibras · base nacional
EVACUAR,https://dicionario.ines.gov.br/public/media/palavras/videos/evacuar1Sm_Prog001.mp4,GoiásLibras · base nacional
EVANGELHO,https://goiaslibras.educacao.go.gov.br/api/media/ines/palavras/videos/evangelhoSm_Prog001.mp4,GoiásLibras · base nacional
EVANGELIZAR,https://goiaslibras.educacao.go.gov.br/api/media/ines/palavras/videos/evangelizarSm_Prog001.mp4,GoiásLibras · base nacional
EVANGÉLICO,https://goiaslibras.educacao.go.gov.br/api/media/ines/palavras/videos/evangelicoSm_Prog001.mp4,GoiásLibras · base nacional
EVAPORAR,https://goiaslibras.educacao.go.gov.br/api/media/ines/palavras/videos/evaporarSm_Prog001.mp4,GoiásLibras · base nacional
EVITAR,https://goiaslibras.educacao.go.gov.br/api/media/ines/palavras/videos/evitarSm_Prog001.mp4,GoiásLibras · base nacional
EVOLUÇÃO,https://goiaslibras.educacao.go.gov.br/api/media/ines/palavras/videos/evolucaoSm_Prog001.mp4,GoiásLibras · base nacional
EXAGERADO,https://goiaslibras.educacao.go.gov.br/api/media/ines/palavras/videos/exageradoSm_Prog001.mp4,GoiásLibras · base nacional
EXALTAR,https://goiaslibras.educacao.go.gov.br/api/media/ines/palavras/videos/exaltarSm_Prog001.mp4,GoiásLibras · base nacional
EXAME1,https://goiaslibras.educacao.go.gov.br/api/media/ines/palavras/videos/exame1Sm_Prog001.mp4,GoiásLibras · base nacional
EXAME2,https://goiaslibras.educacao.go.gov.br/api/media/ines/palavras/videos/exame2Sm_Prog001.mp4,GoiásLibras · base nacional
EXAME3,https://goiaslibras.educacao.go.gov.br/api/media/ines/palavras/videos/exame3Sm_Prog001.mp4,GoiásLibras · base nacional
EXAMINAR,https://goiaslibras.educacao.go.gov.br/api/media/ines/palavras/videos/examinarSm_Prog001.mp4,GoiásLibras · base nacional
EXATO,https://goiaslibras.educacao.go.gov.br/api/media/ines/palavras/videos/exatoSm_Prog001.mp4,GoiásLibras · base nacional
EXAUSTO,https://goiaslibras.educacao.go.gov.br/api/media/ines/palavras/videos/exaustoSm_Prog001.mp4,GoiásLibras · base nacional
EXCITAR1,https://goiaslibras.educacao.go.gov.br/api/media/ines/palavras/videos/excitar1Sm_Prog001.mp4,GoiásLibras · base nacional
EXCITAR2,https://goiaslibras.educacao.go.gov.br/api/media/ines/palavras/videos/excitar2Sm_Prog001.mp4,GoiásLibras · base nacional
EXCLUIR1,https://goiaslibras.educacao.go.gov.br/api/media/ines/palavras/videos/excluirSm_Prog001.mp4,GoiásLibras · base nacional
EXCLUIR2,https://goiaslibras.educacao.go.gov.br/api/media/ines/palavras/videos/excluir2Sm_Prog001.mp4,GoiásLibras · base nacional
EXCURSÃO,https://goiaslibras.educacao.go.gov.br/api/media/ines/palavras/videos/excursaoSm_Prog001.mp4,GoiásLibras · base nacional
EXECUTAR,https://goiaslibras.educacao.go.gov.br/api/media/ines/palavras/videos/executarSm_Prog001.mp4,GoiásLibras · base nacional
EXEMPLO,https://goiaslibras.educacao.go.gov.br/api/media/ines/palavras/videos/exemploSm_Prog001.mp4,GoiásLibras · base nacional
EXERCÍCIO1,https://goiaslibras.educacao.go.gov.br/api/media/ines/palavras/videos/exercicio1Sm_Prog001.mp4,GoiásLibras · base nacional
EXERCÍCIO2,https://goiaslibras.educacao.go.gov.br/api/media/ines/palavras/videos/exercicio2Sm_Prog001.mp4,GoiásLibras · base nacional
EXIBIR,https://goiaslibras.educacao.go.gov.br/api/media/ines/palavras/videos/exibirSm_Prog001.mp4,GoiásLibras · base nacional
EXIGIR,https://goiaslibras.educacao.go.gov.br/api/media/ines/palavras/videos/exigirSm_Prog001.mp4,GoiásLibras · base nacional
EXISTIR1,https://goiaslibras.educacao.go.gov.br/api/media/ines/palavras/videos/existirSm_Prog001.mp4,GoiásLibras · base nacional
EXISTIR2,https://goiaslibras.educacao.go.gov.br/api/media/ines/palavras/videos/existir2Sm_Prog001.mp4,GoiásLibras · base nacional
EXORTAR,https://goiaslibras.educacao.go.gov.br/api/media/ines/palavras/videos/exortarSm_Prog001.mp4,GoiásLibras · base nacional
EXPANDIR,https://goiaslibras.educacao.go.gov.br/api/media/ines/palavras/videos/expandirSm_Prog001.mp4,GoiásLibras · base nacional
EXPERIMENTAR,https://goiaslibras.educacao.go.gov.br/api/media/ines/palavras/videos/experimentarSm_Prog001.mp4,GoiásLibras · base nacional
EXPERIÊNCIA,https://goiaslibras.educacao.go.gov.br/api/media/ines/palavras/videos/experienciaSm_Prog001.mp4,GoiásLibras · base nacional
EXPLANAR,https://goiaslibras.educacao.go.gov.br/api/media/ines/palavras/videos/explanarSm_Prog001.mp4,GoiásLibras · base nacional
EXPLICAR,https://goiaslibras.educacao.go.gov.br/api/media/ines/palavras/videos/explicarSm_Prog001.mp4,GoiásLibras · base nacional
EXPLODIR,https://goiaslibras.educacao.go.gov.br/api/media/ines/palavras/videos/explodirSm_Prog001.mp4,GoiásLibras · base nacional
EXPLORAR,https://goiaslibras.educacao.go.gov.br/api/media/ines/palavras/videos/explorarSm_Prog001.mp4,GoiásLibras · base nacional
EXPOR1,https://goiaslibras.educacao.go.gov.br/api/media/ines/palavras/videos/expor1Sm_Prog001.mp4,GoiásLibras · base nacional
EXPOR2,https://goiaslibras.educacao.go.gov.br/api/media/ines/palavras/videos/expor2Sm_Prog001.mp4,GoiásLibras · base nacional
EXPORTAR,https://goiaslibras.educacao.go.gov.br/api/media/ines/palavras/videos/exportarSm_Prog001.mp4,GoiásLibras · base nacional
EXPOSIÇÃO,https://dicionario.ines.gov.br/public/media/palavras/videos/exposicaoSm_Prog001.mp4,GoiásLibras · base nacional
EXPRESSÃO,https://dicionario.ines.gov.br/public/media/palavras/videos/experssaoSm_Prog001.mp4,GoiásLibras · base nacional
EXPULSAR,https://goiaslibras.educacao.go.gov.br/api/media/ines/palavras/videos/expulsarSm_Prog001.mp4,GoiásLibras · base nacional
EXTENSO,https://goiaslibras.educacao.go.gov.br/api/media/ines/palavras/videos/extensoSm_Prog001.mp4,GoiásLibras · base nacional
EXTERIOR,https://goiaslibras.educacao.go.gov.br/api/media/ines/palavras/videos/exteriorSm_Prog001.mp4,GoiásLibras · base nacional
EXTERMINAR,https://goiaslibras.educacao.go.gov.br/api/media/ines/palavras/videos/exterminarSm_Prog001.mp4,GoiásLibras · base nacional
EXTORQUIR,https://goiaslibras.educacao.go.gov.br/api/media/ines/palavras/videos/extorquirSm_Prog001.mp4,GoiásLibras · base nacional
EXTRAIR1,https://goiaslibras.educacao.go.gov.br/api/media/ines/palavras/videos/extrair1Sm_Prog001.mp4,GoiásLibras · base nacional
EXTRAIR2,https://goiaslibras.educacao.go.gov.br/api/media/ines/palavras/videos/extrair2Sm_Prog001.mp4,GoiásLibras · base nacional
EXTRAORDINÁRIO,https://dicionario.ines.gov.br/public/media/palavras/videos/extraordinarioSm_Prog001.mp4,GoiásLibras · base nacional
EXTRAVIAR,https://goiaslibras.educacao.go.gov.br/api/media/ines/palavras/videos/extraviarSm_Prog001.mp4,GoiásLibras · base nacional
EXÉRCITO,https://goiaslibras.educacao.go.gov.br/api/media/ines/palavras/videos/exercitoSm_Prog001.mp4,GoiásLibras · base nacional
F,https://goiaslibras.educacao.go.gov.br/api/media/ines/palavras/videos/fSm_Prog001.mp4,GoiásLibras · base nacional
FACA,https://goiaslibras.educacao.go.gov.br/api/media/ines/palavras/videos/facaSm_Prog001.mp4,GoiásLibras · base nacional
FACADA,https://goiaslibras.educacao.go.gov.br/api/media/ines/palavras/videos/facadaSm_Prog001.mp4,GoiásLibras · base nacional
FACE,https://goiaslibras.educacao.go.gov.br/api/media/ines/palavras/videos/faceSm_Prog001.mp4,GoiásLibras · base nacional
FACE A FACE,https://goiaslibras.educacao.go.gov.br/api/media/ines/palavras/videos/face_a_faceSm_Prog001.mp4,GoiásLibras · base nacional
FACILITAR,https://dicionario.ines.gov.br/public/media/palavras/videos/facilitar1Sm_Prog001.mp4,GoiásLibras · base nacional
FACULDADE,https://youtu.be/bxwh3l0tsCE,GoiásLibras · base nacional
FADA,https://goiaslibras.educacao.go.gov.br/api/media/ines/palavras/videos/fadaSm_Prog001.mp4,GoiásLibras · base nacional
FAIXA,https://goiaslibras.educacao.go.gov.br/api/media/ines/palavras/videos/faixaSm_Prog001.mp4,GoiásLibras · base nacional
FALANTE,https://goiaslibras.educacao.go.gov.br/api/media/ines/palavras/videos/falanteSm_Prog001.mp4,GoiásLibras · base nacional
FALAR1,https://goiaslibras.educacao.go.gov.br/api/media/ines/palavras/videos/falar1Sm_Prog001.mp4,GoiásLibras · base nacional
FALAR2,https://goiaslibras.educacao.go.gov.br/api/media/ines/palavras/videos/falar2Sm_Prog001.mp4,GoiásLibras · base nacional
FALAR3,https://goiaslibras.educacao.go.gov.br/api/media/ines/palavras/videos/falar3Sm_Prog001.mp4,GoiásLibras · base nacional
FALCÃO,https://goiaslibras.educacao.go.gov.br/api/media/ines/palavras/videos/falcaoSm_Prog001.mp4,GoiásLibras · base nacional
FALECIMENTO,https://goiaslibras.educacao.go.gov.br/api/media/ines/palavras/videos/falecimentoSm_Prog001.mp4,GoiásLibras · base nacional
FALHA,https://dicionario.ines.gov.br/public/media/palavras/videos/falhar2Sm_Prog001.mp4,GoiásLibras · base nacional
FALHAR,https://goiaslibras.educacao.go.gov.br/api/media/ines/palavras/videos/falhar1Sm_Prog001.mp4,GoiásLibras · base nacional
FALIR1,https://goiaslibras.educacao.go.gov.br/api/media/ines/palavras/videos/falir1Sm_Prog001.mp4,GoiásLibras · base nacional
FALIR2,https://goiaslibras.educacao.go.gov.br/api/media/ines/palavras/videos/falir2Sm_Prog001.mp4,GoiásLibras · base nacional
FALSO1,https://goiaslibras.educacao.go.gov.br/api/media/ines/palavras/videos/falso1Sm_Prog001.mp4,GoiásLibras · base nacional
FALSO2,https://goiaslibras.educacao.go.gov.br/api/media/ines/palavras/videos/falso2Sm_Prog001.mp4,GoiásLibras · base nacional
FALSO3,https://goiaslibras.educacao.go.gov.br/api/media/ines/palavras/videos/falso3Sm_Prog001.mp4,GoiásLibras · base nacional
FALTAR (OBJETO),https://youtu.be/o8KGEhdY82A,GoiásLibras · base nacional
FALTAR (PESSOA),https://youtu.be/o8KGEhdY82A,GoiásLibras · base nacional
FALTAR3,https://goiaslibras.educacao.go.gov.br/api/media/ines/palavras/videos/faltar3Sm_Prog001.mp4,GoiásLibras · base nacional
FAMOSO,https://goiaslibras.educacao.go.gov.br/api/media/ines/palavras/videos/famosoSm_Prog001.mp4,GoiásLibras · base nacional
FAMÍLIA,https://goiaslibras.educacao.go.gov.br/api/media/ines/palavras/videos/familiaSm_Prog001.mp4,GoiásLibras · base nacional
FANTASIAR1,https://goiaslibras.educacao.go.gov.br/api/media/ines/palavras/videos/fantasiar1Sm_Prog001.mp4,GoiásLibras · base nacional
FANTASIAR2,https://goiaslibras.educacao.go.gov.br/api/media/ines/palavras/videos/fantasiar2Sm_Prog001.mp4,GoiásLibras · base nacional
FANTASMA,https://goiaslibras.educacao.go.gov.br/api/media/ines/palavras/videos/fantasmaSm_Prog001.mp4,GoiásLibras · base nacional
FAQUEIRO,https://goiaslibras.educacao.go.gov.br/api/media/ines/palavras/videos/faqueiroSm_Prog001.mp4,GoiásLibras · base nacional
FARAÓ,https://goiaslibras.educacao.go.gov.br/api/media/ines/palavras/videos/faraoSm_Prog001.mp4,GoiásLibras · base nacional
FAREJAR,https://goiaslibras.educacao.go.gov.br/api/media/ines/palavras/videos/farejarSm_Prog001.mp4,GoiásLibras · base nacional
FARINGE,https://goiaslibras.educacao.go.gov.br/api/media/ines/palavras/videos/faringeSm_Prog001.mp4,GoiásLibras · base nacional
FARINHA DE ROSCA,https://goiaslibras.educacao.go.gov.br/api/media/ines/palavras/videos/farinha-de-roscaSm_Prog001.mp4,GoiásLibras · base nacional
FARINHA DE TRIGO,https://goiaslibras.educacao.go.gov.br/api/media/ines/palavras/videos/farinha_de_trigoSm_Prog001.mp4,GoiásLibras · base nacional
FARMÁCIA,https://goiaslibras.educacao.go.gov.br/api/media/ines/palavras/videos/farmaciaSm_Prog001.mp4,GoiásLibras · base nacional
FAROFA,https://goiaslibras.educacao.go.gov.br/api/media/ines/palavras/videos/farofaSm_Prog001.mp4,GoiásLibras · base nacional
FAROL1,https://goiaslibras.educacao.go.gov.br/api/media/ines/palavras/videos/farol1Sm_Prog001.mp4,GoiásLibras · base nacional
FAROL2,https://goiaslibras.educacao.go.gov.br/api/media/ines/palavras/videos/farol2Sm_Prog001.mp4,GoiásLibras · base nacional
FARRA,https://goiaslibras.educacao.go.gov.br/api/media/ines/palavras/videos/farraSm_Prog001.mp4,GoiásLibras · base nacional
FARTO,https://goiaslibras.educacao.go.gov.br/api/media/ines/palavras/videos/fartoSm_Prog001.mp4,GoiásLibras · base nacional
FARTO2,https://goiaslibras.educacao.go.gov.br/api/media/ines/palavras/videos/farto2Sm_Prog001.mp4,GoiásLibras · base nacional
FATIAR,https://goiaslibras.educacao.go.gov.br/api/media/ines/palavras/videos/fatiarSm_Prog001.mp4,GoiásLibras · base nacional
FATURAR,https://goiaslibras.educacao.go.gov.br/api/media/ines/palavras/videos/faturarSm_Prog001.mp4,GoiásLibras · base nacional
FAVELA1,https://goiaslibras.educacao.go.gov.br/api/media/ines/palavras/videos/favelaSm_Prog001.mp4,GoiásLibras · base nacional
FAVELA2,https://goiaslibras.educacao.go.gov.br/api/media/ines/palavras/videos/favela2Sm_Prog001.mp4,GoiásLibras · base nacional
FAVOR1,https://goiaslibras.educacao.go.gov.br/api/media/ines/palavras/videos/favor1Sm_Prog001.mp4,GoiásLibras · base nacional
FAVOR2,https://goiaslibras.educacao.go.gov.br/api/media/ines/palavras/videos/favor2Sm_Prog001.mp4,GoiásLibras · base nacional
FAVOR3,https://goiaslibras.educacao.go.gov.br/api/media/ines/palavras/videos/favor3Sm_Prog001.mp4,GoiásLibras · base nacional
FAVORITO1,https://goiaslibras.educacao.go.gov.br/api/media/ines/palavras/videos/favorito2Sm_Prog001.mp4,GoiásLibras · base nacional
FAVORITO2,https://goiaslibras.educacao.go.gov.br/api/media/ines/palavras/videos/favorito3Sm_Prog001.mp4,GoiásLibras · base nacional
FAX1,https://goiaslibras.educacao.go.gov.br/api/media/ines/palavras/videos/fax1Sm_Prog001.mp4,GoiásLibras · base nacional
FAX2,https://goiaslibras.educacao.go.gov.br/api/media/ines/palavras/videos/fax2Sm_Prog001.mp4,GoiásLibras · base nacional
FAXINA,https://goiaslibras.educacao.go.gov.br/api/media/ines/palavras/videos/faxinaSm_Prog001.mp4,GoiásLibras · base nacional
FAXINEIRO,https://goiaslibras.educacao.go.gov.br/api/media/ines/palavras/videos/faxineiroSm_Prog001.mp4,GoiásLibras · base nacional
FAZENDA1,https://goiaslibras.educacao.go.gov.br/api/media/ines/palavras/videos/fazendaSm_Prog001.mp4,GoiásLibras · base nacional
FAZENDA2,https://goiaslibras.educacao.go.gov.br/api/media/ines/palavras/videos/fazenda2Sm_Prog001.mp4,GoiásLibras · base nacional
FAZER,https://goiaslibras.educacao.go.gov.br/api/media/ines/palavras/videos/fazerSm_Prog001.mp4,GoiásLibras · base nacional
FEBRE,https://goiaslibras.educacao.go.gov.br/api/media/ines/palavras/videos/febreSm_Prog001.mp4,GoiásLibras · base nacional
FECHADO1,https://dicionario.ines.gov.br/public/media/palavras/videos/fechadoSm_Prog001.mp4,GoiásLibras · base nacional
FECHADO2,https://goiaslibras.educacao.go.gov.br/api/media/ines/palavras/videos/fechado2Sm_Prog001.mp4,GoiásLibras · base nacional
FECHADURA,https://goiaslibras.educacao.go.gov.br/api/media/ines/palavras/videos/fechaduraSm_Prog001.mp4,GoiásLibras · base nacional
FECHAR1,https://goiaslibras.educacao.go.gov.br/api/media/ines/palavras/videos/fechar1Sm_Prog001.mp4,GoiásLibras · base nacional
FECHAR2,https://dicionario.ines.gov.br/public/media/palavras/videos/fechar-tampaSm_Prog001.mp4,GoiásLibras · base nacional
FEDERAL,https://goiaslibras.educacao.go.gov.br/api/media/ines/palavras/videos/federalSm_Prog001.mp4,GoiásLibras · base nacional
FEDERAÇÃO,https://goiaslibras.educacao.go.gov.br/api/media/ines/palavras/videos/federacaoSm_Prog001.mp4,GoiásLibras · base nacional
FEDOR1,https://goiaslibras.educacao.go.gov.br/api/media/ines/palavras/videos/fedor1Sm_Prog001.mp4,GoiásLibras · base nacional
FEDOR2,https://goiaslibras.educacao.go.gov.br/api/media/ines/palavras/videos/fedor2Sm_Prog001.mp4,GoiásLibras · base nacional
FEIJOADA,https://goiaslibras.educacao.go.gov.br/api/media/ines/palavras/videos/feijoadaSm_Prog001.mp4,GoiásLibras · base nacional
FEIJÃO,https://goiaslibras.educacao.go.gov.br/api/media/ines/palavras/videos/feijaoSm_Prog001.mp4,GoiásLibras · base nacional
FEIO,https://goiaslibras.educacao.go.gov.br/api/media/ines/palavras/videos/feioSm_Prog001.mp4,GoiásLibras · base nacional
FEIRA,https://goiaslibras.educacao.go.gov.br/api/media/ines/palavras/videos/feiraSm_Prog001.mp4,GoiásLibras · base nacional
FEITICEIRA,https://goiaslibras.educacao.go.gov.br/api/media/ines/palavras/videos/feiticeiraSm_Prog001.mp4,GoiásLibras · base nacional
FELAÇÃO,https://goiaslibras.educacao.go.gov.br/api/media/ines/palavras/videos/felacaoSm_Prog001.mp4,GoiásLibras · base nacional
FELICIDADE,https://goiaslibras.educacao.go.gov.br/api/media/ines/palavras/videos/felicidadeSm_Prog001.mp4,GoiásLibras · base nacional
FELIZ1,https://dicionario.ines.gov.br/public/media/palavras/videos/felizSm_Prog001.mp4,GoiásLibras · base nacional
FELIZ2,https://goiaslibras.educacao.go.gov.br/api/media/ines/palavras/videos/feliz2Sm_Prog001.mp4,GoiásLibras · base nacional
FELIZARDO,https://dicionario.ines.gov.br/public/media/palavras/videos/felizardoSm_Prog001.mp4,GoiásLibras · base nacional
FEMININO,https://dicionario.ines.gov.br/public/media/palavras/videos/femininoSm_Prog001.mp4,GoiásLibras · base nacional
FERIADO,https://goiaslibras.educacao.go.gov.br/api/media/ines/palavras/videos/feriadoSm_Prog001.mp4,GoiásLibras · base nacional
FERIDA,https://dicionario.ines.gov.br/public/media/palavras/videos/feridaSm_Prog001.mp4,GoiásLibras · base nacional
FERIMENTO,https://goiaslibras.educacao.go.gov.br/api/media/ines/palavras/videos/ferimentoSm_Prog001.mp4,GoiásLibras · base nacional
FERIR,https://goiaslibras.educacao.go.gov.br/api/media/ines/palavras/videos/ferirSm_Prog001.mp4,GoiásLibras · base nacional
FERMENTO,https://goiaslibras.educacao.go.gov.br/api/media/ines/palavras/videos/fermentoSm_Prog001.mp4,GoiásLibras · base nacional
FEROZ,https://goiaslibras.educacao.go.gov.br/api/media/ines/palavras/videos/ferozSm_Prog001.mp4,GoiásLibras · base nacional
FERRAMENTA,https://goiaslibras.educacao.go.gov.br/api/media/ines/palavras/videos/ferramentaSm_Prog001.mp4,GoiásLibras · base nacional
FERRO,https://goiaslibras.educacao.go.gov.br/api/media/ines/palavras/videos/ferroSm_Prog001.mp4,GoiásLibras · base nacional
FERRO ELÉTRICO,https://goiaslibras.educacao.go.gov.br/api/media/ines/palavras/videos/ferro-eletricoSm_Prog001.mp4,GoiásLibras · base nacional
FERROADA,https://goiaslibras.educacao.go.gov.br/api/media/ines/palavras/videos/ferroadaSm_Prog001.mp4,GoiásLibras · base nacional
FERRUGEM,https://goiaslibras.educacao.go.gov.br/api/media/ines/palavras/videos/ferrugemSm_Prog001.mp4,GoiásLibras · base nacional
FERVER,https://goiaslibras.educacao.go.gov.br/api/media/ines/palavras/videos/ferverSm_Prog001.mp4,GoiásLibras · base nacional
FERVILHAR,https://goiaslibras.educacao.go.gov.br/api/media/ines/palavras/videos/fervilharSm_Prog001.mp4,GoiásLibras · base nacional
FESTA,https://goiaslibras.educacao.go.gov.br/api/media/ines/palavras/videos/festaSm_Prog001.mp4,GoiásLibras · base nacional
FESTA JUNINA,https://dicionario.ines.gov.br/public/media/palavras/videos/festa-juninaSm_Prog001.mp4,GoiásLibras · base nacional
FESTEJAR,https://goiaslibras.educacao.go.gov.br/api/media/ines/palavras/videos/festejarSm_Prog001.mp4,GoiásLibras · base nacional
FESTIVAL,https://dicionario.ines.gov.br/public/media/palavras/videos/festivalSm_Prog001.mp4,GoiásLibras · base nacional
FEVEREIRO,https://goiaslibras.educacao.go.gov.br/api/media/ines/palavras/videos/fevereiroSm_Prog001.mp4,GoiásLibras · base nacional
FEZES,https://goiaslibras.educacao.go.gov.br/api/media/ines/palavras/videos/fezesSm_Prog001.mp4,GoiásLibras · base nacional
FICAR1,https://goiaslibras.educacao.go.gov.br/api/media/ines/palavras/videos/ficar1Sm_Prog001.mp4,GoiásLibras · base nacional
FICAR2,https://goiaslibras.educacao.go.gov.br/api/media/ines/palavras/videos/ficar2Sm_Prog001.mp4,GoiásLibras · base nacional
FICAR3,https://goiaslibras.educacao.go.gov.br/api/media/ines/palavras/videos/ficar3Sm_Prog001.mp4,GoiásLibras · base nacional
FICHA1,https://goiaslibras.educacao.go.gov.br/api/media/ines/palavras/videos/ficha1Sm_Prog001.mp4,GoiásLibras · base nacional
FICHA2,https://goiaslibras.educacao.go.gov.br/api/media/ines/palavras/videos/ficha2Sm_Prog001.mp4,GoiásLibras · base nacional
FICHÁRIO1,https://goiaslibras.educacao.go.gov.br/api/media/ines/palavras/videos/fichario1Sm_Prog001.mp4,GoiásLibras · base nacional
FICHÁRIO2,https://goiaslibras.educacao.go.gov.br/api/media/ines/palavras/videos/fichario2Sm_Prog001.mp4,GoiásLibras · base nacional
FIEL,https://goiaslibras.educacao.go.gov.br/api/media/ines/palavras/videos/fielSm_Prog001.mp4,GoiásLibras · base nacional
FIGA,https://goiaslibras.educacao.go.gov.br/api/media/ines/palavras/videos/figaSm_Prog001.mp4,GoiásLibras · base nacional
FIGO,https://goiaslibras.educacao.go.gov.br/api/media/ines/palavras/videos/figoSm_Prog001.mp4,GoiásLibras · base nacional
FIGURA,https://goiaslibras.educacao.go.gov.br/api/media/ines/palavras/videos/figuraSm_Prog001.mp4,GoiásLibras · base nacional
FIGURINHA,https://goiaslibras.educacao.go.gov.br/api/media/ines/palavras/videos/figurinhaSm_Prog001.mp4,GoiásLibras · base nacional
FILA,https://goiaslibras.educacao.go.gov.br/api/media/ines/palavras/videos/filaSm_Prog001.mp4,GoiásLibras · base nacional
FILHO,https://goiaslibras.educacao.go.gov.br/api/media/ines/palavras/videos/filhoSm_Prog001.mp4,GoiásLibras · base nacional
FILHOTE,https://goiaslibras.educacao.go.gov.br/api/media/ines/palavras/videos/filhoteSm_Prog001.mp4,GoiásLibras · base nacional
FILIAR,https://goiaslibras.educacao.go.gov.br/api/media/ines/palavras/videos/filiarSm_Prog001.mp4,GoiásLibras · base nacional
FILMADORA,https://goiaslibras.educacao.go.gov.br/api/media/ines/palavras/videos/filmadoraSm_Prog001.mp4,GoiásLibras · base nacional
FILMAR,https://goiaslibras.educacao.go.gov.br/api/media/ines/palavras/videos/filmarSm_Prog001.mp4,GoiásLibras · base nacional
FILME1,https://goiaslibras.educacao.go.gov.br/api/media/ines/palavras/videos/filme1Sm_Prog001.mp4,GoiásLibras · base nacional
FILME2,https://goiaslibras.educacao.go.gov.br/api/media/ines/palavras/videos/filme2Sm_Prog001.mp4,GoiásLibras · base nacional
FILOSOFIA,https://goiaslibras.educacao.go.gov.br/api/media/ines/palavras/videos/filosofiaSm_Prog001.mp4,GoiásLibras · base nacional
FIM,https://goiaslibras.educacao.go.gov.br/api/media/ines/palavras/videos/fimSm_Prog001.mp4,GoiásLibras · base nacional
FINAL,https://goiaslibras.educacao.go.gov.br/api/media/ines/palavras/videos/finalSm_Prog001.mp4,GoiásLibras · base nacional
FINALMENTE,https://goiaslibras.educacao.go.gov.br/api/media/ines/palavras/videos/finalmenteSm_Prog001.mp4,GoiásLibras · base nacional
FINCAR,https://goiaslibras.educacao.go.gov.br/api/media/ines/palavras/videos/fincarSm_Prog001.mp4,GoiásLibras · base nacional
FINDAR,https://goiaslibras.educacao.go.gov.br/api/media/ines/palavras/videos/findarSm_Prog001.mp4,GoiásLibras · base nacional
FINGIR,https://goiaslibras.educacao.go.gov.br/api/media/ines/palavras/videos/fingirSm_Prog001.mp4,GoiásLibras · base nacional
FINLANDES,https://goiaslibras.educacao.go.gov.br/api/media/ines/palavras/videos/finlandesSm_Prog001.mp4,GoiásLibras · base nacional
FINLÂNDIA,https://dicionario.ines.gov.br/public/media/palavras/videos/finlândiaSm_Prog001.mp4,GoiásLibras · base nacional
FINO1,https://goiaslibras.educacao.go.gov.br/api/media/ines/palavras/videos/fino1Sm_Prog001.mp4,GoiásLibras · base nacional
FINO2,https://goiaslibras.educacao.go.gov.br/api/media/ines/palavras/videos/fino2Sm_Prog001.mp4,GoiásLibras · base nacional
FINO3,https://goiaslibras.educacao.go.gov.br/api/media/ines/palavras/videos/fino3Sm_Prog001.mp4,GoiásLibras · base nacional
FINO4,https://goiaslibras.educacao.go.gov.br/api/media/ines/palavras/videos/fino4Sm_Prog001.mp4,GoiásLibras · base nacional
FINO5,https://goiaslibras.educacao.go.gov.br/api/media/ines/palavras/videos/fino5Sm_Prog001.mp4,GoiásLibras · base nacional
FIO DENTAL1,https://goiaslibras.educacao.go.gov.br/api/media/ines/palavras/videos/fio-dental1Sm_Prog001.mp4,GoiásLibras · base nacional
FIO ELÉTRICO,https://dicionario.ines.gov.br/public/media/palavras/videos/fio-eletrico1Sm_Prog001.mp4,GoiásLibras · base nacional
FIRMA,https://goiaslibras.educacao.go.gov.br/api/media/ines/palavras/videos/firmaSm_Prog001.mp4,GoiásLibras · base nacional
FIRMAMENTO,https://goiaslibras.educacao.go.gov.br/api/media/ines/palavras/videos/firmamentoSm_Prog001.mp4,GoiásLibras · base nacional
FIRME1,https://goiaslibras.educacao.go.gov.br/api/media/ines/palavras/videos/firme1Sm_Prog001.mp4,GoiásLibras · base nacional
FIRME2,https://goiaslibras.educacao.go.gov.br/api/media/ines/palavras/videos/firme2Sm_Prog001.mp4,GoiásLibras · base nacional
FISCAL,https://goiaslibras.educacao.go.gov.br/api/media/ines/palavras/videos/fiscalSm_Prog001.mp4,GoiásLibras · base nacional
FISCALIZAR,https://goiaslibras.educacao.go.gov.br/api/media/ines/palavras/videos/fiscalizarSm_Prog001.mp4,GoiásLibras · base nacional
FISIONOMIA,https://goiaslibras.educacao.go.gov.br/api/media/ines/palavras/videos/fisionomiaSm_Prog001.mp4,GoiásLibras · base nacional
FISIOTERAPEUTA,https://goiaslibras.educacao.go.gov.br/api/media/ines/palavras/videos/fisioterapeutaSm_Prog001.mp4,GoiásLibras · base nacional
FISIOTERAPIA,https://goiaslibras.educacao.go.gov.br/api/media/ines/palavras/videos/fisioterapeutaSm_Prog001.mp4,GoiásLibras · base nacional
FITA ADESIVA,https://dicionario.ines.gov.br/public/media/palavras/videos/fita-adesivaSm_Prog001.mp4,GoiásLibras · base nacional
FIXO,https://goiaslibras.educacao.go.gov.br/api/media/ines/palavras/videos/fixoSm_Prog001.mp4,GoiásLibras · base nacional
FLAGRAR1,https://dicionario.ines.gov.br/public/media/palavras/videos/flagrarSm_Prog001.mp4,GoiásLibras · base nacional
FLAGRAR2,https://goiaslibras.educacao.go.gov.br/api/media/ines/palavras/videos/flagrar2Sm_Prog001.mp4,GoiásLibras · base nacional
FLASH,https://goiaslibras.educacao.go.gov.br/api/media/ines/palavras/videos/flashSm_Prog001.mp4,GoiásLibras · base nacional
FLAUTA,https://goiaslibras.educacao.go.gov.br/api/media/ines/palavras/videos/flautaSm_Prog001.mp4,GoiásLibras · base nacional
FLECHA,https://goiaslibras.educacao.go.gov.br/api/media/ines/palavras/videos/flechaSm_Prog001.mp4,GoiásLibras · base nacional
FLERTAR,https://goiaslibras.educacao.go.gov.br/api/media/ines/palavras/videos/flertarSm_Prog001.mp4,GoiásLibras · base nacional
FLOR,https://goiaslibras.educacao.go.gov.br/api/media/ines/palavras/videos/florSm_Prog001.mp4,GoiásLibras · base nacional
FLORESCER,https://goiaslibras.educacao.go.gov.br/api/media/ines/palavras/videos/florescerSm_Prog001.mp4,GoiásLibras · base nacional
FLORESTA,https://goiaslibras.educacao.go.gov.br/api/media/ines/palavras/videos/florestaSm_Prog001.mp4,GoiásLibras · base nacional
FLORIANÓPOLIS,https://goiaslibras.educacao.go.gov.br/api/media/ines/palavras/videos/florianopolisSm_Prog001.mp4,GoiásLibras · base nacional
FLUENTE1,https://goiaslibras.educacao.go.gov.br/api/media/ines/palavras/videos/fluente1Sm_Prog001.mp4,GoiásLibras · base nacional
FLUENTE2,https://goiaslibras.educacao.go.gov.br/api/media/ines/palavras/videos/fluente2Sm_Prog001.mp4,GoiásLibras · base nacional
FLUTUAR,https://goiaslibras.educacao.go.gov.br/api/media/ines/palavras/videos/flutuarSm_Prog001.mp4,GoiásLibras · base nacional
FOCA,https://goiaslibras.educacao.go.gov.br/api/media/ines/palavras/videos/focaSm_Prog001.mp4,GoiásLibras · base nacional
FOFINHO,https://goiaslibras.educacao.go.gov.br/api/media/ines/palavras/videos/fofinhoSm_Prog001.mp4,GoiásLibras · base nacional
FOFO,https://goiaslibras.educacao.go.gov.br/api/media/ines/palavras/videos/fofoSm_Prog001.mp4,GoiásLibras · base nacional
FOFOCAR1,https://goiaslibras.educacao.go.gov.br/api/media/ines/palavras/videos/fofocar1Sm_Prog001.mp4,GoiásLibras · base nacional
FOFOCAR2,https://goiaslibras.educacao.go.gov.br/api/media/ines/palavras/videos/fofocar2Sm_Prog001.mp4,GoiásLibras · base nacional
FOFOQUEIRO,https://goiaslibras.educacao.go.gov.br/api/media/ines/palavras/videos/fofoqueiroSm_Prog001.mp4,GoiásLibras · base nacional
FOGO,https://goiaslibras.educacao.go.gov.br/api/media/ines/palavras/videos/fogoSm_Prog001.mp4,GoiásLibras · base nacional
FOGOS DE ARTIFÍCIO,https://dicionario.ines.gov.br/public/media/palavras/videos/fogos_de_artificiosSm_Prog001.mp4,GoiásLibras · base nacional
FOGOSO,https://goiaslibras.educacao.go.gov.br/api/media/ines/palavras/videos/fogosoSm_Prog001.mp4,GoiásLibras · base nacional
FOGUEIRA,https://goiaslibras.educacao.go.gov.br/api/media/ines/palavras/videos/fogueiraSm_Prog001.mp4,GoiásLibras · base nacional
FOGUETE,https://goiaslibras.educacao.go.gov.br/api/media/ines/palavras/videos/fogueteSm_Prog001.mp4,GoiásLibras · base nacional
FOGÃO,https://goiaslibras.educacao.go.gov.br/api/media/ines/palavras/videos/fogaoSm_Prog001.mp4,GoiásLibras · base nacional
FOLGA1,https://dicionario.ines.gov.br/public/media/palavras/videos/folgaSm_Prog001.mp4,GoiásLibras · base nacional
FOLGA2,https://goiaslibras.educacao.go.gov.br/api/media/ines/palavras/videos/folga2Sm_Prog001.mp4,GoiásLibras · base nacional
FOLGADO1,https://goiaslibras.educacao.go.gov.br/api/media/ines/palavras/videos/folgado1Sm_Prog001.mp4,GoiásLibras · base nacional
FOLGADO2,https://goiaslibras.educacao.go.gov.br/api/media/ines/palavras/videos/folgado2Sm_Prog001.mp4,GoiásLibras · base nacional
FOLHA1,https://goiaslibras.educacao.go.gov.br/api/media/ines/palavras/videos/folha1Sm_Prog001.mp4,GoiásLibras · base nacional
FOLHA2,https://goiaslibras.educacao.go.gov.br/api/media/ines/palavras/videos/folha2Sm_Prog001.mp4,GoiásLibras · base nacional
FOME,https://goiaslibras.educacao.go.gov.br/api/media/ines/palavras/videos/fomeSm_Prog001.mp4,GoiásLibras · base nacional
FONE,https://goiaslibras.educacao.go.gov.br/api/media/ines/palavras/videos/foneSm_Prog001.mp4,GoiásLibras · base nacional
FONOAUDIÓLOGO,https://goiaslibras.educacao.go.gov.br/api/media/ines/palavras/videos/fonoaudiologoSm_Prog001.mp4,GoiásLibras · base nacional
FONTE,https://goiaslibras.educacao.go.gov.br/api/media/ines/palavras/videos/fonteSm_Prog001.mp4,GoiásLibras · base nacional
FORA1,https://goiaslibras.educacao.go.gov.br/api/media/ines/palavras/videos/fora1Sm_Prog001.mp4,GoiásLibras · base nacional
FORA2,https://goiaslibras.educacao.go.gov.br/api/media/ines/palavras/videos/fora2Sm_Prog001.mp4,GoiásLibras · base nacional
FORMAR,https://goiaslibras.educacao.go.gov.br/api/media/ines/palavras/videos/formarSm_Prog001.mp4,GoiásLibras · base nacional
FORMATURA,https://dicionario.ines.gov.br/public/media/palavras/videos/formaturaSm_Prog001.mp4,GoiásLibras · base nacional
FORMIGA,https://goiaslibras.educacao.go.gov.br/api/media/ines/palavras/videos/formigaSm_Prog001.mp4,GoiásLibras · base nacional
FORMIGAR,https://goiaslibras.educacao.go.gov.br/api/media/ines/palavras/videos/formigarSm_Prog001.mp4,GoiásLibras · base nacional
FORNO,https://goiaslibras.educacao.go.gov.br/api/media/ines/palavras/videos/fornoSm_Prog001.mp4,GoiásLibras · base nacional
FORTALECER,https://goiaslibras.educacao.go.gov.br/api/media/ines/palavras/videos/fortalecerSm_Prog001.mp4,GoiásLibras · base nacional
FORTALEZA,https://goiaslibras.educacao.go.gov.br/api/media/ines/palavras/videos/fortalezaSm_Prog001.mp4,GoiásLibras · base nacional
FORTE1,https://goiaslibras.educacao.go.gov.br/api/media/ines/palavras/videos/forte1Sm_Prog001.mp4,GoiásLibras · base nacional
FORTE2,https://goiaslibras.educacao.go.gov.br/api/media/ines/palavras/videos/forte2Sm_Prog001.mp4,GoiásLibras · base nacional
FORTE3,https://goiaslibras.educacao.go.gov.br/api/media/ines/palavras/videos/forte3Sm_Prog001.mp4,GoiásLibras · base nacional
FORTUNA,https://goiaslibras.educacao.go.gov.br/api/media/ines/palavras/videos/fortunaSm_Prog001.mp4,GoiásLibras · base nacional
FORÇA,https://goiaslibras.educacao.go.gov.br/api/media/ines/palavras/videos/forcaSm_Prog001.mp4,GoiásLibras · base nacional
FORÇAR,https://dicionario.ines.gov.br/public/media/palavras/videos/forcarSm_Prog001.mp4,GoiásLibras · base nacional
FOTO,https://goiaslibras.educacao.go.gov.br/api/media/ines/palavras/videos/fotoSm_Prog001.mp4,GoiásLibras · base nacional
FOTOGRAFAR1,https://goiaslibras.educacao.go.gov.br/api/media/ines/palavras/videos/fotografar1Sm_Prog001.mp4,GoiásLibras · base nacional
FOTOGRAFAR2,https://goiaslibras.educacao.go.gov.br/api/media/ines/palavras/videos/fotografar2Sm_Prog001.mp4,GoiásLibras · base nacional
FOTOGRAFIA,https://goiaslibras.educacao.go.gov.br/api/media/ines/palavras/videos/fotografiaSm_Prog001.mp4,GoiásLibras · base nacional
FRACO,https://goiaslibras.educacao.go.gov.br/api/media/ines/palavras/videos/fracoSm_Prog001.mp4,GoiásLibras · base nacional
FRAGMENTOS,https://goiaslibras.educacao.go.gov.br/api/media/ines/palavras/videos/fragmentosSm_Prog001.mp4,GoiásLibras · base nacional
FRAGRÂNCIA,https://goiaslibras.educacao.go.gov.br/api/media/ines/palavras/videos/fragranciaSm_Prog001.mp4,GoiásLibras · base nacional
FRALDA,https://goiaslibras.educacao.go.gov.br/api/media/ines/palavras/videos/fraldaSm_Prog001.mp4,GoiásLibras · base nacional
FRANCO,https://goiaslibras.educacao.go.gov.br/api/media/ines/palavras/videos/francoSm_Prog001.mp4,GoiásLibras · base nacional
FRANCÊS,https://goiaslibras.educacao.go.gov.br/api/media/ines/palavras/videos/francesSm_Prog001.mp4,GoiásLibras · base nacional
FRANGO,https://goiaslibras.educacao.go.gov.br/api/media/ines/palavras/videos/frangoSm_Prog001.mp4,GoiásLibras · base nacional
FRANÇA,https://goiaslibras.educacao.go.gov.br/api/media/ines/palavras/videos/francaSm_Prog001.mp4,GoiásLibras · base nacional
FRASE,https://goiaslibras.educacao.go.gov.br/api/media/ines/palavras/videos/fraseSm_Prog001.mp4,GoiásLibras · base nacional
FRATURAR,https://goiaslibras.educacao.go.gov.br/api/media/ines/palavras/videos/fraturarSm_Prog001.mp4,GoiásLibras · base nacional
FRAUDAR,https://goiaslibras.educacao.go.gov.br/api/media/ines/palavras/videos/fraudarSm_Prog001.mp4,GoiásLibras · base nacional
FREAR,https://dicionario.ines.gov.br/public/media/palavras/videos/frearSm_Prog001.mp4,GoiásLibras · base nacional
FREEZER,https://goiaslibras.educacao.go.gov.br/api/media/ines/palavras/videos/freezerSm_Prog001.mp4,GoiásLibras · base nacional
FREIO,https://goiaslibras.educacao.go.gov.br/api/media/ines/palavras/videos/freioSm_Prog001.mp4,GoiásLibras · base nacional
FREIRA,https://goiaslibras.educacao.go.gov.br/api/media/ines/palavras/videos/freiraSm_Prog001.mp4,GoiásLibras · base nacional
FRENTE,https://goiaslibras.educacao.go.gov.br/api/media/ines/palavras/videos/frenteSm_Prog001.mp4,GoiásLibras · base nacional
FREQUENTAR,https://youtu.be/TbtEsOtwHjE,GoiásLibras · base nacional
FRESCO1,https://dicionario.ines.gov.br/public/media/palavras/videos/frescoSm_Prog001.mp4,GoiásLibras · base nacional
FRESCO2,https://goiaslibras.educacao.go.gov.br/api/media/ines/palavras/videos/fresco2Sm_Prog001.mp4,GoiásLibras · base nacional
FRESCO3,https://goiaslibras.educacao.go.gov.br/api/media/ines/palavras/videos/fresco3Sm_Prog001.mp4,GoiásLibras · base nacional
FRESCOBOL,https://goiaslibras.educacao.go.gov.br/api/media/ines/palavras/videos/frescobolSm_Prog001.mp4,GoiásLibras · base nacional
FRETAR,https://goiaslibras.educacao.go.gov.br/api/media/ines/palavras/videos/fretarSm_Prog001.mp4,GoiásLibras · base nacional
FRETE,https://goiaslibras.educacao.go.gov.br/api/media/ines/palavras/videos/freteSm_Prog001.mp4,GoiásLibras · base nacional
FRIGIDEIRA,https://goiaslibras.educacao.go.gov.br/api/media/ines/palavras/videos/frigideiraSm_Prog001.mp4,GoiásLibras · base nacional
FRIO,https://goiaslibras.educacao.go.gov.br/api/media/ines/palavras/videos/frioSm_Prog001.mp4,GoiásLibras · base nacional
FRITAR1,https://dicionario.ines.gov.br/public/media/palavras/videos/fritarSm_Prog001.mp4,GoiásLibras · base nacional
FRITAR2,https://goiaslibras.educacao.go.gov.br/api/media/ines/palavras/videos/fritar2Sm_Prog001.mp4,GoiásLibras · base nacional
FRONTEIRA,https://goiaslibras.educacao.go.gov.br/api/media/ines/palavras/videos/fronteiraSm_Prog001.mp4,GoiásLibras · base nacional
FRUSTRAR,https://goiaslibras.educacao.go.gov.br/api/media/ines/palavras/videos/frustarSm_Prog001.mp4,GoiásLibras · base nacional
FRUTA,https://goiaslibras.educacao.go.gov.br/api/media/ines/palavras/videos/frutaSm_Prog001.mp4,GoiásLibras · base nacional
FUBÁ,https://goiaslibras.educacao.go.gov.br/api/media/ines/palavras/videos/fubaSm_Prog001.mp4,GoiásLibras · base nacional
FUGIR,https://goiaslibras.educacao.go.gov.br/api/media/ines/palavras/videos/fugirSm_Prog001.mp4,GoiásLibras · base nacional
FUMAR,https://goiaslibras.educacao.go.gov.br/api/media/ines/palavras/videos/fumarSm_Prog001.mp4,GoiásLibras · base nacional
FUMAÇA,https://goiaslibras.educacao.go.gov.br/api/media/ines/palavras/videos/fumacaSm_Prog001.mp4,GoiásLibras · base nacional
FUNCIONÁRIO,https://goiaslibras.educacao.go.gov.br/api/media/ines/palavras/videos/funcionarioSm_Prog001.mp4,GoiásLibras · base nacional
FUNDAR,https://goiaslibras.educacao.go.gov.br/api/media/ines/palavras/videos/fundarSm_Prog001.mp4,GoiásLibras · base nacional
FUNDO,https://goiaslibras.educacao.go.gov.br/api/media/ines/palavras/videos/fundoSm_Prog001.mp4,GoiásLibras · base nacional
FUNERAL,https://goiaslibras.educacao.go.gov.br/api/media/ines/palavras/videos/funeralSm_Prog001.mp4,GoiásLibras · base nacional
FUNGAR,https://goiaslibras.educacao.go.gov.br/api/media/ines/palavras/videos/fungarSm_Prog001.mp4,GoiásLibras · base nacional
FUNIL,https://goiaslibras.educacao.go.gov.br/api/media/ines/palavras/videos/funilSm_Prog001.mp4,GoiásLibras · base nacional
FURACÃO,https://goiaslibras.educacao.go.gov.br/api/media/ines/palavras/videos/furacaoSm_Prog001.mp4,GoiásLibras · base nacional
FURAR1,https://goiaslibras.educacao.go.gov.br/api/media/ines/palavras/videos/furarSm_Prog001.mp4,GoiásLibras · base nacional
FURAR2,https://goiaslibras.educacao.go.gov.br/api/media/ines/palavras/videos/furar2Sm_Prog001.mp4,GoiásLibras · base nacional
FURIOSO,https://goiaslibras.educacao.go.gov.br/api/media/ines/palavras/videos/furiosoSm_Prog001.mp4,GoiásLibras · base nacional
FURTAR,https://dicionario.ines.gov.br/public/media/palavras/videos/furtarSm_Prog001.mp4,GoiásLibras · base nacional
FUTEBOL,https://goiaslibras.educacao.go.gov.br/api/media/ines/palavras/videos/futebolSm_Prog001.mp4,GoiásLibras · base nacional
FUTIVÔLEI,https://goiaslibras.educacao.go.gov.br/api/media/ines/palavras/videos/futivoleiSm_Prog001.mp4,GoiásLibras · base nacional
FUTURO,https://goiaslibras.educacao.go.gov.br/api/media/ines/palavras/videos/futuroSm_Prog001.mp4,GoiásLibras · base nacional
FUZIL,https://goiaslibras.educacao.go.gov.br/api/media/ines/palavras/videos/fuzilSm_Prog001.mp4,GoiásLibras · base nacional
FUZILAR,https://goiaslibras.educacao.go.gov.br/api/media/ines/palavras/videos/fuzilarSm_Prog001.mp4,GoiásLibras · base nacional
FÁBRICA,https://goiaslibras.educacao.go.gov.br/api/media/ines/palavras/videos/fabricaSm_Prog001.mp4,GoiásLibras · base nacional
FÁBULA1,https://dicionario.ines.gov.br/public/media/palavras/videos/fabulaSm_Prog001.mp4,GoiásLibras · base nacional
FÁCIL2,https://goiaslibras.educacao.go.gov.br/api/media/ines/palavras/videos/facil3Sm_Prog001.mp4,GoiásLibras · base nacional
FÃ,https://goiaslibras.educacao.go.gov.br/api/media/ines/palavras/videos/faSm_Prog001.mp4,GoiásLibras · base nacional
FÉ1,https://dicionario.ines.gov.br/public/media/palavras/videos/feSm_Prog001.mp4,GoiásLibras · base nacional
FÉ2,https://goiaslibras.educacao.go.gov.br/api/media/ines/palavras/videos/fe2Sm_Prog001.mp4,GoiásLibras · base nacional
FÉRIAS,https://goiaslibras.educacao.go.gov.br/api/media/ines/palavras/videos/feriasSm_Prog001.mp4,GoiásLibras · base nacional
FÊMEA,https://goiaslibras.educacao.go.gov.br/api/media/ines/palavras/videos/femeaSm_Prog001.mp4,GoiásLibras · base nacional
FÊMUR,https://dicionario.ines.gov.br/public/media/palavras/videos/femurSm_Prog001.mp4,GoiásLibras · base nacional
FÍGADO,https://goiaslibras.educacao.go.gov.br/api/media/ines/palavras/videos/figadoSm_Prog001.mp4,GoiásLibras · base nacional
FÍSICA,https://goiaslibras.educacao.go.gov.br/api/media/ines/palavras/videos/fisicaSm_Prog001.mp4,GoiásLibras · base nacional
FÓSFORO,https://goiaslibras.educacao.go.gov.br/api/media/ines/palavras/videos/fosforoSm_Prog001.mp4,GoiásLibras · base nacional
FÚRIA,https://goiaslibras.educacao.go.gov.br/api/media/ines/palavras/videos/furiaSm_Prog001.mp4,GoiásLibras · base nacional
G,https://goiaslibras.educacao.go.gov.br/api/media/ines/palavras/videos/gSm_Prog001.mp4,GoiásLibras · base nacional
GABAR,https://goiaslibras.educacao.go.gov.br/api/media/ines/palavras/videos/gabarSm_Prog001.mp4,GoiásLibras · base nacional
GAFANHOTO,https://goiaslibras.educacao.go.gov.br/api/media/ines/palavras/videos/gafanhotoSm_Prog001.mp4,GoiásLibras · base nacional
GAIOLA,https://goiaslibras.educacao.go.gov.br/api/media/ines/palavras/videos/gaiolaSm_Prog001.mp4,GoiásLibras · base nacional
GAITA,https://goiaslibras.educacao.go.gov.br/api/media/ines/palavras/videos/gaitaSm_Prog001.mp4,GoiásLibras · base nacional
GAIVOTA,https://goiaslibras.educacao.go.gov.br/api/media/ines/palavras/videos/gaivotaSm_Prog001.mp4,GoiásLibras · base nacional
GALA,https://goiaslibras.educacao.go.gov.br/api/media/ines/palavras/videos/galaSm_Prog001.mp4,GoiásLibras · base nacional
GALINHA,https://goiaslibras.educacao.go.gov.br/api/media/ines/palavras/videos/galinhaSm_Prog001.mp4,GoiásLibras · base nacional
GALO,https://goiaslibras.educacao.go.gov.br/api/media/ines/palavras/videos/galoSm_Prog001.mp4,GoiásLibras · base nacional
GALOCHA,https://goiaslibras.educacao.go.gov.br/api/media/ines/palavras/videos/galochaSm_Prog001.mp4,GoiásLibras · base nacional
GALOPAR,https://goiaslibras.educacao.go.gov.br/api/media/ines/palavras/videos/galoparSm_Prog001.mp4,GoiásLibras · base nacional
GAMBÁ,https://goiaslibras.educacao.go.gov.br/api/media/ines/palavras/videos/gambaSm_Prog001.mp4,GoiásLibras · base nacional
GANANCIOSO,https://dicionario.ines.gov.br/public/media/palavras/videos/ganânciosoSm_Prog001.mp4,GoiásLibras · base nacional
GANGUE,https://goiaslibras.educacao.go.gov.br/api/media/ines/palavras/videos/gangueSm_Prog001.mp4,GoiásLibras · base nacional
GANHAR,https://goiaslibras.educacao.go.gov.br/api/media/ines/palavras/videos/ganharSm_Prog001.mp4,GoiásLibras · base nacional
GANSO,https://goiaslibras.educacao.go.gov.br/api/media/ines/palavras/videos/gansoSm_Prog001.mp4,GoiásLibras · base nacional
GANÂNCIA,https://dicionario.ines.gov.br/public/media/palavras/videos/ganânciaSm_Prog001.mp4,GoiásLibras · base nacional
GARAGEM,https://goiaslibras.educacao.go.gov.br/api/media/ines/palavras/videos/garagemSm_Prog001.mp4,GoiásLibras · base nacional
GARFO,https://goiaslibras.educacao.go.gov.br/api/media/ines/palavras/videos/garfoSm_Prog001.mp4,GoiásLibras · base nacional
GARGALHAR1,https://goiaslibras.educacao.go.gov.br/api/media/ines/palavras/videos/gargalhar1Sm_Prog001.mp4,GoiásLibras · base nacional
GARGALHAR2,https://goiaslibras.educacao.go.gov.br/api/media/ines/palavras/videos/gargalhar2Sm_Prog001.mp4,GoiásLibras · base nacional
GARGANTA,https://goiaslibras.educacao.go.gov.br/api/media/ines/palavras/videos/gargantaSm_Prog001.mp4,GoiásLibras · base nacional
GARI,https://goiaslibras.educacao.go.gov.br/api/media/ines/palavras/videos/gariSm_Prog001.mp4,GoiásLibras · base nacional
GAROTA,https://goiaslibras.educacao.go.gov.br/api/media/ines/palavras/videos/garotaSm_Prog001.mp4,GoiásLibras · base nacional
GARRAFA1,https://goiaslibras.educacao.go.gov.br/api/media/ines/palavras/videos/garrafaSm_Prog001.mp4,GoiásLibras · base nacional
GARRAFA2,https://goiaslibras.educacao.go.gov.br/api/media/ines/palavras/videos/garrafa2Sm_Prog001.mp4,GoiásLibras · base nacional
GARÇOM,https://dicionario.ines.gov.br/public/media/palavras/videos/garcomSm_Prog001.mp4,GoiásLibras · base nacional
GARÇONETE,https://goiaslibras.educacao.go.gov.br/api/media/ines/palavras/videos/garconeteSm_Prog001.mp4,GoiásLibras · base nacional
GASOLINA,https://goiaslibras.educacao.go.gov.br/api/media/ines/palavras/videos/gasolinaSm_Prog001.mp4,GoiásLibras · base nacional
GASOSO,https://goiaslibras.educacao.go.gov.br/api/media/ines/palavras/videos/gasosoSm_Prog001.mp4,GoiásLibras · base nacional
GASTAR1,https://goiaslibras.educacao.go.gov.br/api/media/ines/palavras/videos/gastar1Sm_Prog001.mp4,GoiásLibras · base nacional
GASTAR2,https://goiaslibras.educacao.go.gov.br/api/media/ines/palavras/videos/gastar2Sm_Prog001.mp4,GoiásLibras · base nacional
GASTAR3,https://goiaslibras.educacao.go.gov.br/api/media/ines/palavras/videos/gastar3Sm_Prog001.mp4,GoiásLibras · base nacional
GATO,https://goiaslibras.educacao.go.gov.br/api/media/ines/palavras/videos/gatoSm_Prog001.mp4,GoiásLibras · base nacional
GAVETA,https://goiaslibras.educacao.go.gov.br/api/media/ines/palavras/videos/gavetaSm_Prog001.mp4,GoiásLibras · base nacional
GAVIÃO,https://goiaslibras.educacao.go.gov.br/api/media/ines/palavras/videos/gaviaoSm_Prog001.mp4,GoiásLibras · base nacional
GAY,https://goiaslibras.educacao.go.gov.br/api/media/ines/palavras/videos/gaySm_Prog001.mp4,GoiásLibras · base nacional
GAÚCHO,https://goiaslibras.educacao.go.gov.br/api/media/ines/palavras/videos/gauchoSm_Prog001.mp4,GoiásLibras · base nacional
GEL,https://goiaslibras.educacao.go.gov.br/api/media/ines/palavras/videos/gelSm_Prog001.mp4,GoiásLibras · base nacional
GELADEIRA,https://goiaslibras.educacao.go.gov.br/api/media/ines/palavras/videos/geladeiraSm_Prog001.mp4,GoiásLibras · base nacional
GELATINA,https://goiaslibras.educacao.go.gov.br/api/media/ines/palavras/videos/gelatinaSm_Prog001.mp4,GoiásLibras · base nacional
GELO,https://goiaslibras.educacao.go.gov.br/api/media/ines/palavras/videos/geloSm_Prog001.mp4,GoiásLibras · base nacional
GELÉIA,https://goiaslibras.educacao.go.gov.br/api/media/ines/palavras/videos/geleiaSm_Prog001.mp4,GoiásLibras · base nacional
GEMA,https://goiaslibras.educacao.go.gov.br/api/media/ines/palavras/videos/gemaSm_Prog001.mp4,GoiásLibras · base nacional
GEMER,https://goiaslibras.educacao.go.gov.br/api/media/ines/palavras/videos/gemerSm_Prog001.mp4,GoiásLibras · base nacional
GENERAL,https://goiaslibras.educacao.go.gov.br/api/media/ines/palavras/videos/generalSm_Prog001.mp4,GoiásLibras · base nacional
GENEROSO,https://goiaslibras.educacao.go.gov.br/api/media/ines/palavras/videos/generosoSm_Prog001.mp4,GoiásLibras · base nacional
GENRO,https://goiaslibras.educacao.go.gov.br/api/media/ines/palavras/videos/genroSm_Prog001.mp4,GoiásLibras · base nacional
GENTE,https://goiaslibras.educacao.go.gov.br/api/media/ines/palavras/videos/genteSm_Prog001.mp4,GoiásLibras · base nacional
GENTIL,https://goiaslibras.educacao.go.gov.br/api/media/ines/palavras/videos/gentilSm_Prog001.mp4,GoiásLibras · base nacional
GEOGRAFIA,https://goiaslibras.educacao.go.gov.br/api/media/ines/palavras/videos/geografiaSm_Prog001.mp4,GoiásLibras · base nacional
GEOMETRIA,https://goiaslibras.educacao.go.gov.br/api/media/ines/palavras/videos/geometriaSm_Prog001.mp4,GoiásLibras · base nacional
GERAL,https://goiaslibras.educacao.go.gov.br/api/media/ines/palavras/videos/geralSm_Prog001.mp4,GoiásLibras · base nacional
GERAÇÃO,https://goiaslibras.educacao.go.gov.br/api/media/ines/palavras/videos/geracaoSm_Prog001.mp4,GoiásLibras · base nacional
GERENTE,https://goiaslibras.educacao.go.gov.br/api/media/ines/palavras/videos/gerenteSm_Prog001.mp4,GoiásLibras · base nacional
GERMINAR,https://goiaslibras.educacao.go.gov.br/api/media/ines/palavras/videos/germinarSm_Prog001.mp4,GoiásLibras · base nacional
GESSO,https://goiaslibras.educacao.go.gov.br/api/media/ines/palavras/videos/gessoSm_Prog001.mp4,GoiásLibras · base nacional
GESTAÇÃO1,https://goiaslibras.educacao.go.gov.br/api/media/ines/palavras/videos/gestacao1Sm_Prog001.mp4,GoiásLibras · base nacional
GESTAÇÃO2,https://goiaslibras.educacao.go.gov.br/api/media/ines/palavras/videos/gestacao2Sm_Prog001.mp4,GoiásLibras · base nacional
GESTO,https://goiaslibras.educacao.go.gov.br/api/media/ines/palavras/videos/gestoSm_Prog001.mp4,GoiásLibras · base nacional
GESTUNO,https://goiaslibras.educacao.go.gov.br/api/media/ines/palavras/videos/gestunoSm_Prog001.mp4,GoiásLibras · base nacional
GIBI,https://goiaslibras.educacao.go.gov.br/api/media/ines/palavras/videos/gibiSm_Prog001.mp4,GoiásLibras · base nacional
GIGANTE,https://goiaslibras.educacao.go.gov.br/api/media/ines/palavras/videos/giganteSm_Prog001.mp4,GoiásLibras · base nacional
GILETE,https://goiaslibras.educacao.go.gov.br/api/media/ines/palavras/videos/gileteSm_Prog001.mp4,GoiásLibras · base nacional
GINECOLOGIA,https://goiaslibras.educacao.go.gov.br/api/media/ines/palavras/videos/ginecologiaSm_Prog001.mp4,GoiásLibras · base nacional
GINGAR,https://goiaslibras.educacao.go.gov.br/api/media/ines/palavras/videos/gingarSm_Prog001.mp4,GoiásLibras · base nacional
GINÁSTICA,https://goiaslibras.educacao.go.gov.br/api/media/ines/palavras/videos/ginasticaSm_Prog001.mp4,GoiásLibras · base nacional
GIRAFA,https://goiaslibras.educacao.go.gov.br/api/media/ines/palavras/videos/girafaSm_Prog001.mp4,GoiásLibras · base nacional
GIRAR,https://goiaslibras.educacao.go.gov.br/api/media/ines/palavras/videos/girarSm_Prog001.mp4,GoiásLibras · base nacional
GIZ,https://goiaslibras.educacao.go.gov.br/api/media/ines/palavras/videos/gizSm_Prog001.mp4,GoiásLibras · base nacional
GIZ DE CERA,https://youtu.be/CTTnpHKbgv4,GoiásLibras · base nacional
GLACÊ,https://goiaslibras.educacao.go.gov.br/api/media/ines/palavras/videos/glaceSm_Prog001.mp4,GoiásLibras · base nacional
GLICOSE,https://goiaslibras.educacao.go.gov.br/api/media/ines/palavras/videos/glicoseSm_Prog001.mp4,GoiásLibras · base nacional
GLOBO,https://goiaslibras.educacao.go.gov.br/api/media/ines/palavras/videos/globoSm_Prog001.mp4,GoiásLibras · base nacional
GLÚTEO,https://goiaslibras.educacao.go.gov.br/api/media/ines/palavras/videos/gluteoSm_Prog001.mp4,GoiásLibras · base nacional
GOIABA,https://goiaslibras.educacao.go.gov.br/api/media/ines/palavras/videos/goiabaSm_Prog001.mp4,GoiásLibras · base nacional
GOIÁS,https://goiaslibras.educacao.go.gov.br/api/media/ines/palavras/videos/goiasSm_Prog001.mp4,GoiásLibras · base nacional
GOIÂNIA,https://youtu.be/TFOkss0fDjU,GoiásLibras · base nacional
GOL,https://goiaslibras.educacao.go.gov.br/api/media/ines/palavras/videos/golSm_Prog001.mp4,GoiásLibras · base nacional
GOLEIRO,https://goiaslibras.educacao.go.gov.br/api/media/ines/palavras/videos/goleiroSm_Prog001.mp4,GoiásLibras · base nacional
GOLFE,https://dicionario.ines.gov.br/public/media/palavras/videos/golfeSm_Prog001.mp4,GoiásLibras · base nacional
GOLFINHO,https://goiaslibras.educacao.go.gov.br/api/media/ines/palavras/videos/golfinhoSm_Prog001.mp4,GoiásLibras · base nacional
GOLPEAR,https://goiaslibras.educacao.go.gov.br/api/media/ines/palavras/videos/golpearSm_Prog001.mp4,GoiásLibras · base nacional
GOMA DE MASCAR,https://dicionario.ines.gov.br/public/media/palavras/videos/goma de mascarSm_Prog001.mp4,GoiásLibras · base nacional
GONORRÉIA,https://goiaslibras.educacao.go.gov.br/api/media/ines/palavras/videos/gonorreiaSm_Prog001.mp4,GoiásLibras · base nacional
GORDO,https://goiaslibras.educacao.go.gov.br/api/media/ines/palavras/videos/gordoSm_Prog001.mp4,GoiásLibras · base nacional
GORDURA,https://goiaslibras.educacao.go.gov.br/api/media/ines/palavras/videos/gorduraSm_Prog001.mp4,GoiásLibras · base nacional
GORILA,https://goiaslibras.educacao.go.gov.br/api/media/ines/palavras/videos/gorilaSm_Prog001.mp4,GoiásLibras · base nacional
GORJETA,https://goiaslibras.educacao.go.gov.br/api/media/ines/palavras/videos/gorjetaSm_Prog001.mp4,GoiásLibras · base nacional
GORRO,https://goiaslibras.educacao.go.gov.br/api/media/ines/palavras/videos/gorroSm_Prog001.mp4,GoiásLibras · base nacional
GOSTAR,https://youtu.be/QhVe32iLL5I,GoiásLibras · base nacional
GOSTO,https://goiaslibras.educacao.go.gov.br/api/media/ines/palavras/videos/gostoSm_Prog001.mp4,GoiásLibras · base nacional
GOSTOSO,https://goiaslibras.educacao.go.gov.br/api/media/ines/palavras/videos/gostosoSm_Prog001.mp4,GoiásLibras · base nacional
GOTEJAR,https://goiaslibras.educacao.go.gov.br/api/media/ines/palavras/videos/gotejarSm_Prog001.mp4,GoiásLibras · base nacional
GOVERNADOR,https://goiaslibras.educacao.go.gov.br/api/media/ines/palavras/videos/governadorSm_Prog001.mp4,GoiásLibras · base nacional
GOVERNO,https://goiaslibras.educacao.go.gov.br/api/media/ines/palavras/videos/governoSm_Prog001.mp4,GoiásLibras · base nacional
GOZADO1,https://goiaslibras.educacao.go.gov.br/api/media/ines/palavras/videos/gozado1Sm_Prog001.mp4,GoiásLibras · base nacional
GOZADO2,https://goiaslibras.educacao.go.gov.br/api/media/ines/palavras/videos/gozado2Sm_Prog001.mp4,GoiásLibras · base nacional
GOZAR1,https://goiaslibras.educacao.go.gov.br/api/media/ines/palavras/videos/gozar1Sm_Prog001.mp4,GoiásLibras · base nacional
GOZAR2,https://goiaslibras.educacao.go.gov.br/api/media/ines/palavras/videos/gozar2Sm_Prog001.mp4,GoiásLibras · base nacional
GOZAR3,https://goiaslibras.educacao.go.gov.br/api/media/ines/palavras/videos/gozar3Sm_Prog001.mp4,GoiásLibras · base nacional
GRADE1,https://dicionario.ines.gov.br/public/media/palavras/videos/gradeSm_Prog001.mp4,GoiásLibras · base nacional
GRADE2,https://goiaslibras.educacao.go.gov.br/api/media/ines/palavras/videos/grade2Sm_Prog001.mp4,GoiásLibras · base nacional
GRADEAR,https://goiaslibras.educacao.go.gov.br/api/media/ines/palavras/videos/gradearSm_Prog001.mp4,GoiásLibras · base nacional
GRAFITE,https://goiaslibras.educacao.go.gov.br/api/media/ines/palavras/videos/grafiteSm_Prog001.mp4,GoiásLibras · base nacional
GRAMA,https://goiaslibras.educacao.go.gov.br/api/media/ines/palavras/videos/gramaSm_Prog001.mp4,GoiásLibras · base nacional
GRAMPEADOR,https://youtu.be/6rlHgtQINfc,GoiásLibras · base nacional
GRAMPEAR,https://goiaslibras.educacao.go.gov.br/api/media/ines/palavras/videos/grampearSm_Prog001.mp4,GoiásLibras · base nacional
GRAMPO,https://goiaslibras.educacao.go.gov.br/api/media/ines/palavras/videos/grampoSm_Prog001.mp4,GoiásLibras · base nacional
GRAMÁTICA,https://goiaslibras.educacao.go.gov.br/api/media/ines/palavras/videos/gramaticaSm_Prog001.mp4,GoiásLibras · base nacional
GRANADA,https://goiaslibras.educacao.go.gov.br/api/media/ines/palavras/videos/granadaSm_Prog001.mp4,GoiásLibras · base nacional
GRANDE1,https://goiaslibras.educacao.go.gov.br/api/media/ines/palavras/videos/grande1Sm_Prog001.mp4,GoiásLibras · base nacional
GRANDE2,https://goiaslibras.educacao.go.gov.br/api/media/ines/palavras/videos/grande2Sm_Prog001.mp4,GoiásLibras · base nacional
GRATO,https://goiaslibras.educacao.go.gov.br/api/media/ines/palavras/videos/gratoSm_Prog001.mp4,GoiásLibras · base nacional
GRAU1,https://dicionario.ines.gov.br/public/media/palavras/videos/grau1Sm_Prog001.mp4,GoiásLibras · base nacional
GRAU2,https://goiaslibras.educacao.go.gov.br/api/media/ines/palavras/videos/grau2Sm_Prog001.mp4,GoiásLibras · base nacional
GRAU3,https://goiaslibras.educacao.go.gov.br/api/media/ines/palavras/videos/grau3Sm_Prog001.mp4,GoiásLibras · base nacional
GRAVADOR,https://goiaslibras.educacao.go.gov.br/api/media/ines/palavras/videos/gravadorSm_Prog001.mp4,GoiásLibras · base nacional
GRAVAR,https://goiaslibras.educacao.go.gov.br/api/media/ines/palavras/videos/gravarSm_Prog001.mp4,GoiásLibras · base nacional
GRAVATA,https://goiaslibras.educacao.go.gov.br/api/media/ines/palavras/videos/gravataSm_Prog001.mp4,GoiásLibras · base nacional
GRAVE1,https://goiaslibras.educacao.go.gov.br/api/media/ines/palavras/videos/grave1Sm_Prog001.mp4,GoiásLibras · base nacional
GRAVE2,https://goiaslibras.educacao.go.gov.br/api/media/ines/palavras/videos/grave2Sm_Prog001.mp4,GoiásLibras · base nacional
GRAVIDEZ1,https://dicionario.ines.gov.br/public/media/palavras/videos/gravidezSm_Prog001.mp4,GoiásLibras · base nacional
GRAVIDEZ2,https://goiaslibras.educacao.go.gov.br/api/media/ines/palavras/videos/gravidez2Sm_Prog001.mp4,GoiásLibras · base nacional
GRAVIOLA,https://goiaslibras.educacao.go.gov.br/api/media/ines/palavras/videos/graviolaSm_Prog001.mp4,GoiásLibras · base nacional
GRAVURA,https://goiaslibras.educacao.go.gov.br/api/media/ines/palavras/videos/gravuraSm_Prog001.mp4,GoiásLibras · base nacional
GRAÇA,https://goiaslibras.educacao.go.gov.br/api/media/ines/palavras/videos/gracaSm_Prog001.mp4,GoiásLibras · base nacional
GREGO,https://goiaslibras.educacao.go.gov.br/api/media/ines/palavras/videos/gregoSm_Prog001.mp4,GoiásLibras · base nacional
GREVE,https://goiaslibras.educacao.go.gov.br/api/media/ines/palavras/videos/greveSm_Prog001.mp4,GoiásLibras · base nacional
GRIFAR,https://goiaslibras.educacao.go.gov.br/api/media/ines/palavras/videos/grifarSm_Prog001.mp4,GoiásLibras · base nacional
GRILHÃO,https://goiaslibras.educacao.go.gov.br/api/media/ines/palavras/videos/grilhaoSm_Prog001.mp4,GoiásLibras · base nacional
GRILO,https://goiaslibras.educacao.go.gov.br/api/media/ines/palavras/videos/griloSm_Prog001.mp4,GoiásLibras · base nacional
GRIPE,https://goiaslibras.educacao.go.gov.br/api/media/ines/palavras/videos/gripeSm_Prog001.mp4,GoiásLibras · base nacional
GRITAR,https://goiaslibras.educacao.go.gov.br/api/media/ines/palavras/videos/gritarSm_Prog001.mp4,GoiásLibras · base nacional
GROSSEIRO,https://goiaslibras.educacao.go.gov.br/api/media/ines/palavras/videos/grosseiroSm_Prog001.mp4,GoiásLibras · base nacional
GROSSO1,https://goiaslibras.educacao.go.gov.br/api/media/ines/palavras/videos/grosso1Sm_Prog001.mp4,GoiásLibras · base nacional
GROSSO2,https://goiaslibras.educacao.go.gov.br/api/media/ines/palavras/videos/grosso2Sm_Prog001.mp4,GoiásLibras · base nacional
GRUDE,https://goiaslibras.educacao.go.gov.br/api/media/ines/palavras/videos/grudeSm_Prog001.mp4,GoiásLibras · base nacional
GRUDENTO,https://goiaslibras.educacao.go.gov.br/api/media/ines/palavras/videos/grudentoSm_Prog001.mp4,GoiásLibras · base nacional
GRUPO1,https://dicionario.ines.gov.br/public/media/palavras/videos/grupoSm_Prog001.mp4,GoiásLibras · base nacional
GRUTA1,https://dicionario.ines.gov.br/public/media/palavras/videos/grutaSm_Prog001.mp4,GoiásLibras · base nacional
GRUTA2,https://dicionario.ines.gov.br/public/media/palavras/videos/gruta2Sm_Prog001.mp4,GoiásLibras · base nacional
GRÁFICA,https://goiaslibras.educacao.go.gov.br/api/media/ines/palavras/videos/graficaSm_Prog001.mp4,GoiásLibras · base nacional
GRÁTIS,https://goiaslibras.educacao.go.gov.br/api/media/ines/palavras/videos/gratisSm_Prog001.mp4,GoiásLibras · base nacional
GRÁVIDA1,https://goiaslibras.educacao.go.gov.br/api/media/ines/palavras/videos/gravidaSm_Prog001.mp4,GoiásLibras · base nacional
GRÁVIDA2,https://goiaslibras.educacao.go.gov.br/api/media/ines/palavras/videos/gravida2Sm_Prog001.mp4,GoiásLibras · base nacional
GRÃO,https://goiaslibras.educacao.go.gov.br/api/media/ines/palavras/videos/graoSm_Prog001.mp4,GoiásLibras · base nacional
GRÉCIA,https://goiaslibras.educacao.go.gov.br/api/media/ines/palavras/videos/greciaSm_Prog001.mp4,GoiásLibras · base nacional
GUARANÁ,https://goiaslibras.educacao.go.gov.br/api/media/ines/palavras/videos/guaranaSm_Prog001.mp4,GoiásLibras · base nacional
GUARDA,https://goiaslibras.educacao.go.gov.br/api/media/ines/palavras/videos/guardaSm_Prog001.mp4,GoiásLibras · base nacional
GUARDA-CHUVA,https://goiaslibras.educacao.go.gov.br/api/media/ines/palavras/videos/guarda-chuvaSm_Prog001.mp4,GoiásLibras · base nacional
GUARDA-ROUPA,https://goiaslibras.educacao.go.gov.br/api/media/ines/palavras/videos/guarda-roupaSm_Prog001.mp4,GoiásLibras · base nacional
GUARDA-SOL,https://goiaslibras.educacao.go.gov.br/api/media/ines/palavras/videos/guarda-solSm_Prog001.mp4,GoiásLibras · base nacional
GUARDANAPO,https://goiaslibras.educacao.go.gov.br/api/media/ines/palavras/videos/guardanapoSm_Prog001.mp4,GoiásLibras · base nacional
GUARDAR,https://goiaslibras.educacao.go.gov.br/api/media/ines/palavras/videos/guardarSm_Prog001.mp4,GoiásLibras · base nacional
GUERRA,https://goiaslibras.educacao.go.gov.br/api/media/ines/palavras/videos/guerraSm_Prog001.mp4,GoiásLibras · base nacional
GUIAR,https://goiaslibras.educacao.go.gov.br/api/media/ines/palavras/videos/guiarSm_Prog001.mp4,GoiásLibras · base nacional
GUIDOM,https://goiaslibras.educacao.go.gov.br/api/media/ines/palavras/videos/guidomSm_Prog001.mp4,GoiásLibras · base nacional
GUINCHAR,https://goiaslibras.educacao.go.gov.br/api/media/ines/palavras/videos/guincharSm_Prog001.mp4,GoiásLibras · base nacional
GUINDASTE,https://goiaslibras.educacao.go.gov.br/api/media/ines/palavras/videos/guindasteSm_Prog001.mp4,GoiásLibras · base nacional
GUITARRA,https://goiaslibras.educacao.go.gov.br/api/media/ines/palavras/videos/guitarraSm_Prog001.mp4,GoiásLibras · base nacional
GULA,https://goiaslibras.educacao.go.gov.br/api/media/ines/palavras/videos/gulaSm_Prog001.mp4,GoiásLibras · base nacional
GULOSO,https://goiaslibras.educacao.go.gov.br/api/media/ines/palavras/videos/gulosoSm_Prog001.mp4,GoiásLibras · base nacional
GÁS,https://goiaslibras.educacao.go.gov.br/api/media/ines/palavras/videos/gasSm_Prog001.mp4,GoiásLibras · base nacional
GÊMEO,https://goiaslibras.educacao.go.gov.br/api/media/ines/palavras/videos/gemeoSm_Prog001.mp4,GoiásLibras · base nacional
GÍRIA,https://goiaslibras.educacao.go.gov.br/api/media/ines/palavras/videos/giriaSm_Prog001.mp4,GoiásLibras · base nacional
H,https://goiaslibras.educacao.go.gov.br/api/media/ines/palavras/videos/hSm_Prog001.mp4,GoiásLibras · base nacional
HABITAR,https://goiaslibras.educacao.go.gov.br/api/media/ines/palavras/videos/habitarSm_Prog001.mp4,GoiásLibras · base nacional
HAMBÚRGUER,https://dicionario.ines.gov.br/public/media/palavras/videos/hamburgerSm_Prog001.mp4,GoiásLibras · base nacional
HANDEBOL,https://goiaslibras.educacao.go.gov.br/api/media/ines/palavras/videos/handebolSm_Prog001.mp4,GoiásLibras · base nacional
HARMONIZAR,https://goiaslibras.educacao.go.gov.br/api/media/ines/palavras/videos/harmonizarSm_Prog001.mp4,GoiásLibras · base nacional
HARMÔNICA1,https://goiaslibras.educacao.go.gov.br/api/media/ines/palavras/videos/harmonicaSm_Prog001.mp4,GoiásLibras · base nacional
HARMÔNICA2,https://dicionario.ines.gov.br/public/media/palavras/videos/harmonica2Sm_Prog001.mp4,GoiásLibras · base nacional
HARPA,https://goiaslibras.educacao.go.gov.br/api/media/ines/palavras/videos/harpaSm_Prog001.mp4,GoiásLibras · base nacional
HAVAÍ,https://goiaslibras.educacao.go.gov.br/api/media/ines/palavras/videos/havaiSm_Prog001.mp4,GoiásLibras · base nacional
HAVER,https://goiaslibras.educacao.go.gov.br/api/media/ines/palavras/videos/haverSm_Prog001.mp4,GoiásLibras · base nacional
HELICÓPTERO,https://goiaslibras.educacao.go.gov.br/api/media/ines/palavras/videos/helicopteroSm_Prog001.mp4,GoiásLibras · base nacional
HEMATOMA,https://goiaslibras.educacao.go.gov.br/api/media/ines/palavras/videos/hematomaSm_Prog001.mp4,GoiásLibras · base nacional
HEMORRAGIA,https://goiaslibras.educacao.go.gov.br/api/media/ines/palavras/videos/hemorragiaSm_Prog001.mp4,GoiásLibras · base nacional
HEMORRÓIDA,https://goiaslibras.educacao.go.gov.br/api/media/ines/palavras/videos/hemorroidaSm_Prog001.mp4,GoiásLibras · base nacional
HEPATITE,https://dicionario.ines.gov.br/public/media/palavras/videos/hepatiteSm_Prog001.mp4,GoiásLibras · base nacional
HEREDITÁRIO,https://goiaslibras.educacao.go.gov.br/api/media/ines/palavras/videos/hereditarioSm_Prog001.mp4,GoiásLibras · base nacional
HERPES,https://goiaslibras.educacao.go.gov.br/api/media/ines/palavras/videos/herpesSm_Prog001.mp4,GoiásLibras · base nacional
HESITAR,https://goiaslibras.educacao.go.gov.br/api/media/ines/palavras/videos/hesitarSm_Prog001.mp4,GoiásLibras · base nacional
HIDROCOR,https://goiaslibras.educacao.go.gov.br/api/media/ines/palavras/videos/hidrocorSm_Prog001.mp4,GoiásLibras · base nacional
HIENA,https://goiaslibras.educacao.go.gov.br/api/media/ines/palavras/videos/hienaSm_Prog001.mp4,GoiásLibras · base nacional
HIERARQUIA,https://goiaslibras.educacao.go.gov.br/api/media/ines/palavras/videos/hierarquiaSm_Prog001.mp4,GoiásLibras · base nacional
HIGIENE,https://goiaslibras.educacao.go.gov.br/api/media/ines/palavras/videos/higieneSm_Prog001.mp4,GoiásLibras · base nacional
HINO,https://goiaslibras.educacao.go.gov.br/api/media/ines/palavras/videos/hinoSm_Prog001.mp4,GoiásLibras · base nacional
HIPISMO,https://goiaslibras.educacao.go.gov.br/api/media/ines/palavras/videos/hipismoSm_Prog001.mp4,GoiásLibras · base nacional
HIPNOTIZAR,https://dicionario.ines.gov.br/public/media/palavras/videos/hiptonizarSm_Prog001.mp4,GoiásLibras · base nacional
HIPOPÓTAMO,https://goiaslibras.educacao.go.gov.br/api/media/ines/palavras/videos/hipopotamoSm_Prog001.mp4,GoiásLibras · base nacional
HIPPIE,https://goiaslibras.educacao.go.gov.br/api/media/ines/palavras/videos/hippieSm_Prog001.mp4,GoiásLibras · base nacional
HISTÓRIA,https://goiaslibras.educacao.go.gov.br/api/media/ines/palavras/videos/historiaSm_Prog001.mp4,GoiásLibras · base nacional
HOJE1,https://goiaslibras.educacao.go.gov.br/api/media/ines/palavras/videos/hojeSm_Prog001.mp4,GoiásLibras · base nacional
HOJE2,https://goiaslibras.educacao.go.gov.br/api/media/ines/palavras/videos/hoje2Sm_Prog001.mp4,GoiásLibras · base nacional
HOLANDA,https://goiaslibras.educacao.go.gov.br/api/media/ines/palavras/videos/holandaSm_Prog001.mp4,GoiásLibras · base nacional
HOLANDES,https://goiaslibras.educacao.go.gov.br/api/media/ines/palavras/videos/holandesSm_Prog001.mp4,GoiásLibras · base nacional
HOMEM,https://goiaslibras.educacao.go.gov.br/api/media/ines/palavras/videos/homemSm_Prog001.mp4,GoiásLibras · base nacional
HOMOSSEXUAL,https://goiaslibras.educacao.go.gov.br/api/media/ines/palavras/videos/homossexualSm_Prog001.mp4,GoiásLibras · base nacional
HONESTIDADE,https://goiaslibras.educacao.go.gov.br/api/media/ines/palavras/videos/honestidadeSm_Prog001.mp4,GoiásLibras · base nacional
HONESTO,https://goiaslibras.educacao.go.gov.br/api/media/ines/palavras/videos/honestoSm_Prog001.mp4,GoiásLibras · base nacional
HONRAR,https://goiaslibras.educacao.go.gov.br/api/media/ines/palavras/videos/honrarSm_Prog001.mp4,GoiásLibras · base nacional
HORA-EXTRA,https://goiaslibras.educacao.go.gov.br/api/media/ines/palavras/videos/hora-extraSm_Prog001.mp4,GoiásLibras · base nacional
HORA1,https://goiaslibras.educacao.go.gov.br/api/media/ines/palavras/videos/hora1Sm_Prog001.mp4,GoiásLibras · base nacional
HORA2,https://goiaslibras.educacao.go.gov.br/api/media/ines/palavras/videos/hora2Sm_Prog001.mp4,GoiásLibras · base nacional
HORA3,https://goiaslibras.educacao.go.gov.br/api/media/ines/palavras/videos/hora3Sm_Prog001.mp4,GoiásLibras · base nacional
HORIZONTAL,https://goiaslibras.educacao.go.gov.br/api/media/ines/palavras/videos/horizontalSm_Prog001.mp4,GoiásLibras · base nacional
HORROR,https://goiaslibras.educacao.go.gov.br/api/media/ines/palavras/videos/horrorSm_Prog001.mp4,GoiásLibras · base nacional
HORRÍVEL,https://goiaslibras.educacao.go.gov.br/api/media/ines/palavras/videos/horrivelSm_Prog001.mp4,GoiásLibras · base nacional
HORTELÃ,https://goiaslibras.educacao.go.gov.br/api/media/ines/palavras/videos/hortelaSm_Prog001.mp4,GoiásLibras · base nacional
HOSPEDAR,https://goiaslibras.educacao.go.gov.br/api/media/ines/palavras/videos/hospedarSm_Prog001.mp4,GoiásLibras · base nacional
HOSPITAL,https://goiaslibras.educacao.go.gov.br/api/media/ines/palavras/videos/hospitalSm_Prog001.mp4,GoiásLibras · base nacional
HOTEL,https://goiaslibras.educacao.go.gov.br/api/media/ines/palavras/videos/hotelSm_Prog001.mp4,GoiásLibras · base nacional
HUMILDE,https://goiaslibras.educacao.go.gov.br/api/media/ines/palavras/videos/humildeSm_Prog001.mp4,GoiásLibras · base nacional
HUMILHADO,https://goiaslibras.educacao.go.gov.br/api/media/ines/palavras/videos/humilhadoSm_Prog001.mp4,GoiásLibras · base nacional
HUMILHAR,https://goiaslibras.educacao.go.gov.br/api/media/ines/palavras/videos/humilharSm_Prog001.mp4,GoiásLibras · base nacional
HUMOR,https://goiaslibras.educacao.go.gov.br/api/media/ines/palavras/videos/humorSm_Prog001.mp4,GoiásLibras · base nacional
HUMORADO,https://goiaslibras.educacao.go.gov.br/api/media/ines/palavras/videos/humoradoSm_Prog001.mp4,GoiásLibras · base nacional
HÁBITO,https://goiaslibras.educacao.go.gov.br/api/media/ines/palavras/videos/habitoSm_Prog001.mp4,GoiásLibras · base nacional
HÓQUEI,https://goiaslibras.educacao.go.gov.br/api/media/ines/palavras/videos/hoqueiSm_Prog001.mp4,GoiásLibras · base nacional
HÓSTIA,https://goiaslibras.educacao.go.gov.br/api/media/ines/palavras/videos/hostiaSm_Prog001.mp4,GoiásLibras · base nacional
I,https://goiaslibras.educacao.go.gov.br/api/media/ines/palavras/videos/iSm_Prog001.mp4,GoiásLibras · base nacional
ICEBERG,https://goiaslibras.educacao.go.gov.br/api/media/ines/palavras/videos/icebergSm_Prog001.mp4,GoiásLibras · base nacional
IDA,https://goiaslibras.educacao.go.gov.br/api/media/ines/palavras/videos/idaSm_Prog001.mp4,GoiásLibras · base nacional
IDADE1,https://goiaslibras.educacao.go.gov.br/api/media/ines/palavras/videos/idade1Sm_Prog001.mp4,GoiásLibras · base nacional
IDADE2,https://goiaslibras.educacao.go.gov.br/api/media/ines/palavras/videos/idade2Sm_Prog001.mp4,GoiásLibras · base nacional
IDADE3,https://goiaslibras.educacao.go.gov.br/api/media/ines/palavras/videos/idade3Sm_Prog001.mp4,GoiásLibras · base nacional
IDEM,https://dicionario.ines.gov.br/public/media/palavras/videos/idem1Sm_Prog001.mp4,GoiásLibras · base nacional
IDENTIDADE1,https://goiaslibras.educacao.go.gov.br/api/media/ines/palavras/videos/identidadeSm_Prog001.mp4,GoiásLibras · base nacional
IDIOMA,https://goiaslibras.educacao.go.gov.br/api/media/ines/palavras/videos/idiomaSm_Prog001.mp4,GoiásLibras · base nacional
IDIOTA,https://goiaslibras.educacao.go.gov.br/api/media/ines/palavras/videos/idiotaSm_Prog001.mp4,GoiásLibras · base nacional
IDOSO,https://goiaslibras.educacao.go.gov.br/api/media/ines/palavras/videos/idosoSm_Prog001.mp4,GoiásLibras · base nacional
IDÉIA,https://goiaslibras.educacao.go.gov.br/api/media/ines/palavras/videos/ideiaSm_Prog001.mp4,GoiásLibras · base nacional
IDÊNTICO,https://goiaslibras.educacao.go.gov.br/api/media/ines/palavras/videos/identicoSm_Prog001.mp4,GoiásLibras · base nacional
IGNORANTE,https://goiaslibras.educacao.go.gov.br/api/media/ines/palavras/videos/ignoranteSm_Prog001.mp4,GoiásLibras · base nacional
IGNORAR,https://goiaslibras.educacao.go.gov.br/api/media/ines/palavras/videos/ignorarSm_Prog001.mp4,GoiásLibras · base nacional
IGREJA,https://goiaslibras.educacao.go.gov.br/api/media/ines/palavras/videos/igrejaSm_Prog001.mp4,GoiásLibras · base nacional
IGUAL1,https://goiaslibras.educacao.go.gov.br/api/media/ines/palavras/videos/igualSm_Prog001.mp4,GoiásLibras · base nacional
IGUAL2,https://goiaslibras.educacao.go.gov.br/api/media/ines/palavras/videos/igual2Sm_Prog001.mp4,GoiásLibras · base nacional
IGUAL3,https://goiaslibras.educacao.go.gov.br/api/media/ines/palavras/videos/igual3Sm_Prog001.mp4,GoiásLibras · base nacional
ILEGAL,https://goiaslibras.educacao.go.gov.br/api/media/ines/palavras/videos/ilegalSm_Prog001.mp4,GoiásLibras · base nacional
ILEGAL2,https://goiaslibras.educacao.go.gov.br/api/media/ines/palavras/videos/ilegal2Sm_Prog001.mp4,GoiásLibras · base nacional
ILEGÍVEL,https://goiaslibras.educacao.go.gov.br/api/media/ines/palavras/videos/ilegivelSm_Prog001.mp4,GoiásLibras · base nacional
ILHA,https://goiaslibras.educacao.go.gov.br/api/media/ines/palavras/videos/ilhaSm_Prog001.mp4,GoiásLibras · base nacional
ILUMINAR,https://goiaslibras.educacao.go.gov.br/api/media/ines/palavras/videos/iluminarSm_Prog001.mp4,GoiásLibras · base nacional
ILUSTRAR,https://goiaslibras.educacao.go.gov.br/api/media/ines/palavras/videos/ilustrarSm_Prog001.mp4,GoiásLibras · base nacional
ILUSTRAÇÃO,https://goiaslibras.educacao.go.gov.br/api/media/ines/palavras/videos/ilustracaoSm_Prog001.mp4,GoiásLibras · base nacional
IMAGEM1,https://dicionario.ines.gov.br/public/media/palavras/videos/imagemSm_Prog001.mp4,GoiásLibras · base nacional
IMAGINAR,https://goiaslibras.educacao.go.gov.br/api/media/ines/palavras/videos/imaginarSm_Prog001.mp4,GoiásLibras · base nacional
IMEDIATAMENTE,https://goiaslibras.educacao.go.gov.br/api/media/ines/palavras/videos/imediatamenteSm_Prog001.mp4,GoiásLibras · base nacional
IMENSO,https://goiaslibras.educacao.go.gov.br/api/media/ines/palavras/videos/imensoSm_Prog001.mp4,GoiásLibras · base nacional
IMERGIR,https://goiaslibras.educacao.go.gov.br/api/media/ines/palavras/videos/imergirSm_Prog001.mp4,GoiásLibras · base nacional
IMITAR,https://goiaslibras.educacao.go.gov.br/api/media/ines/palavras/videos/imitarSm_Prog001.mp4,GoiásLibras · base nacional
IMPARCIAL,https://goiaslibras.educacao.go.gov.br/api/media/ines/palavras/videos/imparcialSm_Prog001.mp4,GoiásLibras · base nacional
IMPEDIR,https://goiaslibras.educacao.go.gov.br/api/media/ines/palavras/videos/impedirSm_Prog001.mp4,GoiásLibras · base nacional
IMPERADOR,https://goiaslibras.educacao.go.gov.br/api/media/ines/palavras/videos/imperadorSm_Prog001.mp4,GoiásLibras · base nacional
IMPERFEITO,https://goiaslibras.educacao.go.gov.br/api/media/ines/palavras/videos/imperfeitoSm_Prog001.mp4,GoiásLibras · base nacional
IMPLANTE COCLEAR,https://dicionario.ines.gov.br/public/media/palavras/videos/implante-coclearSm_Prog001.mp4,GoiásLibras · base nacional
IMPLORAR,https://goiaslibras.educacao.go.gov.br/api/media/ines/palavras/videos/implorarSm_Prog001.mp4,GoiásLibras · base nacional
IMPOR,https://goiaslibras.educacao.go.gov.br/api/media/ines/palavras/videos/imporSm_Prog001.mp4,GoiásLibras · base nacional
IMPORTADO,https://goiaslibras.educacao.go.gov.br/api/media/ines/palavras/videos/importadoSm_Prog001.mp4,GoiásLibras · base nacional
IMPORTAR,https://goiaslibras.educacao.go.gov.br/api/media/ines/palavras/videos/importarSm_Prog001.mp4,GoiásLibras · base nacional
IMPORTUNAR,https://goiaslibras.educacao.go.gov.br/api/media/ines/palavras/videos/importunarSm_Prog001.mp4,GoiásLibras · base nacional
IMPOSSÍVEL,https://goiaslibras.educacao.go.gov.br/api/media/ines/palavras/videos/impossivelSm_Prog001.mp4,GoiásLibras · base nacional
IMPOSTO,https://goiaslibras.educacao.go.gov.br/api/media/ines/palavras/videos/impostoSm_Prog001.mp4,GoiásLibras · base nacional
IMPOTÊNCIA SEXUAL,https://dicionario.ines.gov.br/public/media/palavras/videos/impotencia_sexualSm_Prog001.mp4,GoiásLibras · base nacional
IMPRENSAR,https://goiaslibras.educacao.go.gov.br/api/media/ines/palavras/videos/imprensarSm_Prog001.mp4,GoiásLibras · base nacional
IMPRESSIONANTE,https://goiaslibras.educacao.go.gov.br/api/media/ines/palavras/videos/impressionanteSm_Prog001.mp4,GoiásLibras · base nacional
IMPRESSIONAR,https://goiaslibras.educacao.go.gov.br/api/media/ines/palavras/videos/impressionarSm_Prog001.mp4,GoiásLibras · base nacional
IMPRESSORA,https://goiaslibras.educacao.go.gov.br/api/media/ines/palavras/videos/impressoraSm_Prog001.mp4,GoiásLibras · base nacional
IMPRESSÃO DIGITAL,https://goiaslibras.educacao.go.gov.br/api/media/ines/palavras/videos/impressao_digitalSm_Prog001.mp4,GoiásLibras · base nacional
IMPRIMIR1,https://goiaslibras.educacao.go.gov.br/api/media/ines/palavras/videos/imprimir1Sm_Prog001.mp4,GoiásLibras · base nacional
IMPRIMIR2,https://goiaslibras.educacao.go.gov.br/api/media/ines/palavras/videos/imprimir2Sm_Prog001.mp4,GoiásLibras · base nacional
IMPUREZA,https://goiaslibras.educacao.go.gov.br/api/media/ines/palavras/videos/impurezaSm_Prog001.mp4,GoiásLibras · base nacional
IMPÉRIO,https://goiaslibras.educacao.go.gov.br/api/media/ines/palavras/videos/imperioSm_Prog001.mp4,GoiásLibras · base nacional
IMUNDO,https://goiaslibras.educacao.go.gov.br/api/media/ines/palavras/videos/imundoSm_Prog001.mp4,GoiásLibras · base nacional
INALAR,https://goiaslibras.educacao.go.gov.br/api/media/ines/palavras/videos/inalarSm_Prog001.mp4,GoiásLibras · base nacional
INAUGURAR,https://goiaslibras.educacao.go.gov.br/api/media/ines/palavras/videos/inaugurarSm_Prog001.mp4,GoiásLibras · base nacional
INCENDIAR,https://goiaslibras.educacao.go.gov.br/api/media/ines/palavras/videos/incendiarSm_Prog001.mp4,GoiásLibras · base nacional
INCENSO,https://goiaslibras.educacao.go.gov.br/api/media/ines/palavras/videos/incensoSm_Prog001.mp4,GoiásLibras · base nacional
INCENTIVAR,https://goiaslibras.educacao.go.gov.br/api/media/ines/palavras/videos/incentivarSm_Prog001.mp4,GoiásLibras · base nacional
INCHAR,https://goiaslibras.educacao.go.gov.br/api/media/ines/palavras/videos/incharSm_Prog001.mp4,GoiásLibras · base nacional
INCINERAR,https://goiaslibras.educacao.go.gov.br/api/media/ines/palavras/videos/incinerarSm_Prog001.mp4,GoiásLibras · base nacional
INCLINAR,https://goiaslibras.educacao.go.gov.br/api/media/ines/palavras/videos/inclinarSm_Prog001.mp4,GoiásLibras · base nacional
INCLUIR,https://goiaslibras.educacao.go.gov.br/api/media/ines/palavras/videos/incluirSm_Prog001.mp4,GoiásLibras · base nacional
INCLUSO,https://goiaslibras.educacao.go.gov.br/api/media/ines/palavras/videos/inclusoSm_Prog001.mp4,GoiásLibras · base nacional
INCLUSÃO,https://goiaslibras.educacao.go.gov.br/api/media/ines/palavras/videos/inclusaoSm_Prog001.mp4,GoiásLibras · base nacional
INCLUÍDO,https://goiaslibras.educacao.go.gov.br/api/media/ines/palavras/videos/incluidoSm_Prog001.mp4,GoiásLibras · base nacional
INCOMODAR,https://goiaslibras.educacao.go.gov.br/api/media/ines/palavras/videos/incomodarSm_Prog001.mp4,GoiásLibras · base nacional
INCORPORADO,https://goiaslibras.educacao.go.gov.br/api/media/ines/palavras/videos/incorporadoSm_Prog001.mp4,GoiásLibras · base nacional
INCULTO,https://goiaslibras.educacao.go.gov.br/api/media/ines/palavras/videos/incultoSm_Prog001.mp4,GoiásLibras · base nacional
INCÊNDIO,https://goiaslibras.educacao.go.gov.br/api/media/ines/palavras/videos/incendioSm_Prog001.mp4,GoiásLibras · base nacional
INDECISO,https://goiaslibras.educacao.go.gov.br/api/media/ines/palavras/videos/indecisoSm_Prog001.mp4,GoiásLibras · base nacional
INDEPENDENTE,https://goiaslibras.educacao.go.gov.br/api/media/ines/palavras/videos/independenteSm_Prog001.mp4,GoiásLibras · base nacional
INDEPENDÊNCIA,https://dicionario.ines.gov.br/public/media/palavras/videos/independenciaSm_Prog001.mp4,GoiásLibras · base nacional
INDIANO,https://goiaslibras.educacao.go.gov.br/api/media/ines/palavras/videos/indianoSm_Prog001.mp4,GoiásLibras · base nacional
INDICADOR,https://goiaslibras.educacao.go.gov.br/api/media/ines/palavras/videos/indicadorSm_Prog001.mp4,GoiásLibras · base nacional
INDICAR,https://goiaslibras.educacao.go.gov.br/api/media/ines/palavras/videos/indicarSm_Prog001.mp4,GoiásLibras · base nacional
INDIFERENTE,https://goiaslibras.educacao.go.gov.br/api/media/ines/palavras/videos/indiferenteSm_Prog001.mp4,GoiásLibras · base nacional
INDIGESTÃO,https://goiaslibras.educacao.go.gov.br/api/media/ines/palavras/videos/indigestaoSm_Prog001.mp4,GoiásLibras · base nacional
INDISCRETO,https://goiaslibras.educacao.go.gov.br/api/media/ines/palavras/videos/indiscretoSm_Prog001.mp4,GoiásLibras · base nacional
INDIVIDUAL,https://goiaslibras.educacao.go.gov.br/api/media/ines/palavras/videos/individualSm_Prog001.mp4,GoiásLibras · base nacional
INDIVÍDUO,https://goiaslibras.educacao.go.gov.br/api/media/ines/palavras/videos/individuoSm_Prog001.mp4,GoiásLibras · base nacional
INFANTIL,https://goiaslibras.educacao.go.gov.br/api/media/ines/palavras/videos/infantilSm_Prog001.mp4,GoiásLibras · base nacional
INFELIZ,https://goiaslibras.educacao.go.gov.br/api/media/ines/palavras/videos/infelizSm_Prog001.mp4,GoiásLibras · base nacional
INFERIOR,https://goiaslibras.educacao.go.gov.br/api/media/ines/palavras/videos/inferiorSm_Prog001.mp4,GoiásLibras · base nacional
INFERNO,https://goiaslibras.educacao.go.gov.br/api/media/ines/palavras/videos/infernoSm_Prog001.mp4,GoiásLibras · base nacional
INFLAMAR,https://goiaslibras.educacao.go.gov.br/api/media/ines/palavras/videos/inflamarSm_Prog001.mp4,GoiásLibras · base nacional
INFLAÇÃO,https://goiaslibras.educacao.go.gov.br/api/media/ines/palavras/videos/inflacaoSm_Prog001.mp4,GoiásLibras · base nacional
INFLUENCIAR,https://goiaslibras.educacao.go.gov.br/api/media/ines/palavras/videos/influenciarSm_Prog001.mp4,GoiásLibras · base nacional
INFLUENZA,https://goiaslibras.educacao.go.gov.br/api/media/ines/palavras/videos/influenzaSm_Prog001.mp4,GoiásLibras · base nacional
INFORMAR,https://goiaslibras.educacao.go.gov.br/api/media/ines/palavras/videos/informarSm_Prog001.mp4,GoiásLibras · base nacional
INFORMAÇÃO,https://goiaslibras.educacao.go.gov.br/api/media/ines/palavras/videos/informacaoSm_Prog001.mp4,GoiásLibras · base nacional
INFORMÁTICA,https://goiaslibras.educacao.go.gov.br/api/media/ines/palavras/videos/informaticaSm_Prog001.mp4,GoiásLibras · base nacional
INGERIR,https://goiaslibras.educacao.go.gov.br/api/media/ines/palavras/videos/ingerirSm_Prog001.mp4,GoiásLibras · base nacional
INGLATERRA,https://goiaslibras.educacao.go.gov.br/api/media/ines/palavras/videos/inglaterraSm_Prog001.mp4,GoiásLibras · base nacional
INGLES2,https://goiaslibras.educacao.go.gov.br/api/media/ines/palavras/videos/ingles2Sm_Prog001.mp4,GoiásLibras · base nacional
INGLÊS1,https://goiaslibras.educacao.go.gov.br/api/media/ines/palavras/videos/inglesSm_Prog001.mp4,GoiásLibras · base nacional
INGRESSAR,https://goiaslibras.educacao.go.gov.br/api/media/ines/palavras/videos/ingressarSm_Prog001.mp4,GoiásLibras · base nacional
INGRESSO,https://goiaslibras.educacao.go.gov.br/api/media/ines/palavras/videos/ingressoSm_Prog001.mp4,GoiásLibras · base nacional
INGÊNUO,https://goiaslibras.educacao.go.gov.br/api/media/ines/palavras/videos/ingenuoSm_Prog001.mp4,GoiásLibras · base nacional
INIMIGO,https://goiaslibras.educacao.go.gov.br/api/media/ines/palavras/videos/inimigoSm_Prog001.mp4,GoiásLibras · base nacional
INJETAR,https://goiaslibras.educacao.go.gov.br/api/media/ines/palavras/videos/injetarSm_Prog001.mp4,GoiásLibras · base nacional
INJEÇÃO,https://goiaslibras.educacao.go.gov.br/api/media/ines/palavras/videos/injecaoSm_Prog001.mp4,GoiásLibras · base nacional
INOCENTE,https://goiaslibras.educacao.go.gov.br/api/media/ines/palavras/videos/inocenteSm_Prog001.mp4,GoiásLibras · base nacional
INODORO,https://goiaslibras.educacao.go.gov.br/api/media/ines/palavras/videos/inodoroSm_Prog001.mp4,GoiásLibras · base nacional
INOFENSIVO,https://goiaslibras.educacao.go.gov.br/api/media/ines/palavras/videos/inofensivoSm_Prog001.mp4,GoiásLibras · base nacional
INQUÉRITO,https://goiaslibras.educacao.go.gov.br/api/media/ines/palavras/videos/inqueritoSm_Prog001.mp4,GoiásLibras · base nacional
INSANO,https://goiaslibras.educacao.go.gov.br/api/media/ines/palavras/videos/insanoSm_Prog001.mp4,GoiásLibras · base nacional
INSCREVER,https://goiaslibras.educacao.go.gov.br/api/media/ines/palavras/videos/inscreverSm_Prog001.mp4,GoiásLibras · base nacional
INSCRIÇÃO,https://goiaslibras.educacao.go.gov.br/api/media/ines/palavras/videos/inscricaoSm_Prog001.mp4,GoiásLibras · base nacional
INSERIR,https://goiaslibras.educacao.go.gov.br/api/media/ines/palavras/videos/inserirSm_Prog001.mp4,GoiásLibras · base nacional
INSETO,https://goiaslibras.educacao.go.gov.br/api/media/ines/palavras/videos/insetoSm_Prog001.mp4,GoiásLibras · base nacional
INSIGNIFICANTE1,https://goiaslibras.educacao.go.gov.br/api/media/ines/palavras/videos/insignificanteSm_Prog001.mp4,GoiásLibras · base nacional
INSIGNIFICANTE2,https://goiaslibras.educacao.go.gov.br/api/media/ines/palavras/videos/insignificante2Sm_Prog001.mp4,GoiásLibras · base nacional
INSISTIR,https://goiaslibras.educacao.go.gov.br/api/media/ines/palavras/videos/insistirSm_Prog001.mp4,GoiásLibras · base nacional
INSPETOR,https://goiaslibras.educacao.go.gov.br/api/media/ines/palavras/videos/inspetorSm_Prog001.mp4,GoiásLibras · base nacional
INSTALAR,https://goiaslibras.educacao.go.gov.br/api/media/ines/palavras/videos/instalarSm_Prog001.mp4,GoiásLibras · base nacional
INSTINTO,https://goiaslibras.educacao.go.gov.br/api/media/ines/palavras/videos/instintoSm_Prog001.mp4,GoiásLibras · base nacional
INSTRUIR,https://goiaslibras.educacao.go.gov.br/api/media/ines/palavras/videos/instruirSm_Prog001.mp4,GoiásLibras · base nacional
INSTRUTOR,https://goiaslibras.educacao.go.gov.br/api/media/ines/palavras/videos/instrutorSm_Prog001.mp4,GoiásLibras · base nacional
INSULTO,https://goiaslibras.educacao.go.gov.br/api/media/ines/palavras/videos/insultoSm_Prog001.mp4,GoiásLibras · base nacional
INSÍGNIA,https://goiaslibras.educacao.go.gov.br/api/media/ines/palavras/videos/insigniaSm_Prog001.mp4,GoiásLibras · base nacional
INSÔNIA,https://goiaslibras.educacao.go.gov.br/api/media/ines/palavras/videos/insoniaSm_Prog001.mp4,GoiásLibras · base nacional
INTEGRAR,https://goiaslibras.educacao.go.gov.br/api/media/ines/palavras/videos/integrarSm_Prog001.mp4,GoiásLibras · base nacional
INTEGRAÇÃO,https://goiaslibras.educacao.go.gov.br/api/media/ines/palavras/videos/integracaoSm_Prog001.mp4,GoiásLibras · base nacional
INTEIRO,https://goiaslibras.educacao.go.gov.br/api/media/ines/palavras/videos/inteiroSm_Prog001.mp4,GoiásLibras · base nacional
INTELECTUAL,https://goiaslibras.educacao.go.gov.br/api/media/ines/palavras/videos/intelectualSm_Prog001.mp4,GoiásLibras · base nacional
INTELIGENTE,https://goiaslibras.educacao.go.gov.br/api/media/ines/palavras/videos/inteligenteSm_Prog001.mp4,GoiásLibras · base nacional
INTENÇÃO,https://goiaslibras.educacao.go.gov.br/api/media/ines/palavras/videos/intencaoSm_Prog001.mp4,GoiásLibras · base nacional
INTERCÂMBIO,https://dicionario.ines.gov.br/public/media/palavras/videos/intercâmbioSm_Prog001.mp4,GoiásLibras · base nacional
INTERESSANTE,https://goiaslibras.educacao.go.gov.br/api/media/video/2026-08-nas/interessante.mp4,GoiásLibras · base nacional
INTERESSAR,https://goiaslibras.educacao.go.gov.br/api/media/ines/palavras/videos/interessarSm_Prog001.mp4,GoiásLibras · base nacional
INTERESSE,https://goiaslibras.educacao.go.gov.br/api/media/ines/palavras/videos/interesseSm_Prog001.mp4,GoiásLibras · base nacional
INTERFERIR,https://goiaslibras.educacao.go.gov.br/api/media/ines/palavras/videos/interferirSm_Prog001.mp4,GoiásLibras · base nacional
INTERFERÊNCIA,https://goiaslibras.educacao.go.gov.br/api/media/ines/palavras/videos/interferenciaSm_Prog001.mp4,GoiásLibras · base nacional
INTERINO,https://goiaslibras.educacao.go.gov.br/api/media/ines/palavras/videos/interinoSm_Prog001.mp4,GoiásLibras · base nacional
INTERIOR1,https://goiaslibras.educacao.go.gov.br/api/media/ines/palavras/videos/interior1Sm_Prog001.mp4,GoiásLibras · base nacional
INTERIOR2,https://goiaslibras.educacao.go.gov.br/api/media/ines/palavras/videos/interior2Sm_Prog001.mp4,GoiásLibras · base nacional
INTERNACIONAL,https://goiaslibras.educacao.go.gov.br/api/media/ines/palavras/videos/internacionalSm_Prog001.mp4,GoiásLibras · base nacional
INTERNAR,https://goiaslibras.educacao.go.gov.br/api/media/ines/palavras/videos/internarSm_Prog001.mp4,GoiásLibras · base nacional
INTERNATO,https://goiaslibras.educacao.go.gov.br/api/media/ines/palavras/videos/internatoSm_Prog001.mp4,GoiásLibras · base nacional
INTERNET,https://goiaslibras.educacao.go.gov.br/api/media/ines/palavras/videos/internetSm_Prog001.mp4,GoiásLibras · base nacional
INTERPRETAR,https://goiaslibras.educacao.go.gov.br/api/media/ines/palavras/videos/interpretarSm_Prog001.mp4,GoiásLibras · base nacional
INTERPRETAÇÃO,https://goiaslibras.educacao.go.gov.br/api/media/ines/palavras/videos/interpretacaoSm_Prog001.mp4,GoiásLibras · base nacional
INTERROMPER,https://goiaslibras.educacao.go.gov.br/api/media/ines/palavras/videos/interromperSm_Prog001.mp4,GoiásLibras · base nacional
INTERRUPTOR,https://goiaslibras.educacao.go.gov.br/api/media/ines/palavras/videos/interruptorSm_Prog001.mp4,GoiásLibras · base nacional
INTERVALO,https://goiaslibras.educacao.go.gov.br/api/media/ines/palavras/videos/intervaloSm_Prog001.mp4,GoiásLibras · base nacional
INTERVIR,https://goiaslibras.educacao.go.gov.br/api/media/ines/palavras/videos/intervirSm_Prog001.mp4,GoiásLibras · base nacional
INTESTINO,https://dicionario.ines.gov.br/public/media/palavras/videos/intestinoSm_Prog001.mp4,GoiásLibras · base nacional
INTIMAR,https://goiaslibras.educacao.go.gov.br/api/media/ines/palavras/videos/intimarSm_Prog001.mp4,GoiásLibras · base nacional
INTREPIDEZ,https://goiaslibras.educacao.go.gov.br/api/media/ines/palavras/videos/intrepidezSm_Prog001.mp4,GoiásLibras · base nacional
INTRODUÇÃO,https://goiaslibras.educacao.go.gov.br/api/media/ines/palavras/videos/introducaoSm_Prog001.mp4,GoiásLibras · base nacional
INTROMETER,https://goiaslibras.educacao.go.gov.br/api/media/ines/palavras/videos/intrometerSm_Prog001.mp4,GoiásLibras · base nacional
INTÉRPRETE,https://goiaslibras.educacao.go.gov.br/api/media/ines/palavras/videos/interpreteSm_Prog001.mp4,GoiásLibras · base nacional
INVADIR,https://goiaslibras.educacao.go.gov.br/api/media/ines/palavras/videos/invadirSm_Prog001.mp4,GoiásLibras · base nacional
INVEJA,https://goiaslibras.educacao.go.gov.br/api/media/ines/palavras/videos/invejaSm_Prog001.mp4,GoiásLibras · base nacional
INVEJAR,https://goiaslibras.educacao.go.gov.br/api/media/ines/palavras/videos/invejarSm_Prog001.mp4,GoiásLibras · base nacional
INVENTAR,https://goiaslibras.educacao.go.gov.br/api/media/ines/palavras/videos/inventarSm_Prog001.mp4,GoiásLibras · base nacional
INVERNO,https://goiaslibras.educacao.go.gov.br/api/media/ines/palavras/videos/invernoSm_Prog001.mp4,GoiásLibras · base nacional
INVERTER,https://goiaslibras.educacao.go.gov.br/api/media/ines/palavras/videos/inverterSm_Prog001.mp4,GoiásLibras · base nacional
INVESTIGAR,https://goiaslibras.educacao.go.gov.br/api/media/ines/palavras/videos/investigarSm_Prog001.mp4,GoiásLibras · base nacional
INVISÍVEL,https://goiaslibras.educacao.go.gov.br/api/media/ines/palavras/videos/invisivelSm_Prog001.mp4,GoiásLibras · base nacional
INÍCIO,https://goiaslibras.educacao.go.gov.br/api/media/ines/palavras/videos/inicioSm_Prog001.mp4,GoiásLibras · base nacional
INÚTIL,https://goiaslibras.educacao.go.gov.br/api/media/ines/palavras/videos/inutilSm_Prog001.mp4,GoiásLibras · base nacional
IOGA,https://goiaslibras.educacao.go.gov.br/api/media/ines/palavras/videos/iogaSm_Prog001.mp4,GoiásLibras · base nacional
IR1,https://goiaslibras.educacao.go.gov.br/api/media/ines/palavras/videos/ir1Sm_Prog001.mp4,GoiásLibras · base nacional
IR2,https://goiaslibras.educacao.go.gov.br/api/media/ines/palavras/videos/ir2Sm_Prog001.mp4,GoiásLibras · base nacional
IR3,https://goiaslibras.educacao.go.gov.br/api/media/ines/palavras/videos/ir3Sm_Prog001.mp4,GoiásLibras · base nacional
IR4,https://goiaslibras.educacao.go.gov.br/api/media/ines/palavras/videos/ir4Sm_Prog001.mp4,GoiásLibras · base nacional
IR5,https://goiaslibras.educacao.go.gov.br/api/media/ines/palavras/videos/ir5Sm_Prog001.mp4,GoiásLibras · base nacional
IR6,https://goiaslibras.educacao.go.gov.br/api/media/ines/palavras/videos/ir6Sm_Prog001.mp4,GoiásLibras · base nacional
IRMÃO,https://goiaslibras.educacao.go.gov.br/api/media/ines/palavras/videos/irmaoSm_Prog001.mp4,GoiásLibras · base nacional
IRRIGAÇÃO,https://goiaslibras.educacao.go.gov.br/api/media/ines/palavras/videos/irrigacaoSm_Prog001.mp4,GoiásLibras · base nacional
ISCA,https://goiaslibras.educacao.go.gov.br/api/media/ines/palavras/videos/iscaSm_Prog001.mp4,GoiásLibras · base nacional
ISENTAR,https://goiaslibras.educacao.go.gov.br/api/media/ines/palavras/videos/isentarSm_Prog001.mp4,GoiásLibras · base nacional
ISOLADO,https://goiaslibras.educacao.go.gov.br/api/media/ines/palavras/videos/isoladoSm_Prog001.mp4,GoiásLibras · base nacional
ISQUEIRO,https://goiaslibras.educacao.go.gov.br/api/media/ines/palavras/videos/isqueiroSm_Prog001.mp4,GoiásLibras · base nacional
ISRAEL1,https://dicionario.ines.gov.br/public/media/palavras/videos/israelSm_Prog001.mp4,GoiásLibras · base nacional
ISRAEL2,https://goiaslibras.educacao.go.gov.br/api/media/ines/palavras/videos/israel2Sm_Prog001.mp4,GoiásLibras · base nacional
ISRAELITA1,https://goiaslibras.educacao.go.gov.br/api/media/ines/palavras/videos/israelitaSm_Prog001.mp4,GoiásLibras · base nacional
ISRAELITA2,https://goiaslibras.educacao.go.gov.br/api/media/ines/palavras/videos/israelita2Sm_Prog001.mp4,GoiásLibras · base nacional
ISSO,https://goiaslibras.educacao.go.gov.br/api/media/ines/palavras/videos/issoSm_Prog001.mp4,GoiásLibras · base nacional
ITALIANO,https://goiaslibras.educacao.go.gov.br/api/media/ines/palavras/videos/italianoSm_Prog001.mp4,GoiásLibras · base nacional
ITÁLIA,https://goiaslibras.educacao.go.gov.br/api/media/ines/palavras/videos/italiaSm_Prog001.mp4,GoiásLibras · base nacional
J,https://goiaslibras.educacao.go.gov.br/api/media/ines/palavras/videos/jSm_Prog001.mp4,GoiásLibras · base nacional
JABOTA,https://goiaslibras.educacao.go.gov.br/api/media/ines/palavras/videos/jabotaSm_Prog001.mp4,GoiásLibras · base nacional
JABUTI,https://goiaslibras.educacao.go.gov.br/api/media/ines/palavras/videos/jabutiSm_Prog001.mp4,GoiásLibras · base nacional
JABUTICABA,https://goiaslibras.educacao.go.gov.br/api/media/ines/palavras/videos/jabuticabaSm_Prog001.mp4,GoiásLibras · base nacional
JACA,https://goiaslibras.educacao.go.gov.br/api/media/ines/palavras/videos/jacaSm_Prog001.mp4,GoiásLibras · base nacional
JACARÉ,https://goiaslibras.educacao.go.gov.br/api/media/ines/palavras/videos/jacare1Sm_Prog001.mp4,GoiásLibras · base nacional
JAGUAR1,https://goiaslibras.educacao.go.gov.br/api/media/ines/palavras/videos/jaguar1Sm_Prog001.mp4,GoiásLibras · base nacional
JAGUAR2,https://goiaslibras.educacao.go.gov.br/api/media/ines/palavras/videos/jaguar2Sm_Prog001.mp4,GoiásLibras · base nacional
JAMAIS,https://goiaslibras.educacao.go.gov.br/api/media/ines/palavras/videos/jamaisSm_Prog001.mp4,GoiásLibras · base nacional
JANEIRO,https://goiaslibras.educacao.go.gov.br/api/media/ines/palavras/videos/janeiroSm_Prog001.mp4,GoiásLibras · base nacional
JANELA,https://goiaslibras.educacao.go.gov.br/api/media/ines/palavras/videos/janelaSm_Prog001.mp4,GoiásLibras · base nacional
JANGADA,https://goiaslibras.educacao.go.gov.br/api/media/ines/palavras/videos/jangadaSm_Prog001.mp4,GoiásLibras · base nacional
JANTAR,https://goiaslibras.educacao.go.gov.br/api/media/ines/palavras/videos/jantarSm_Prog001.mp4,GoiásLibras · base nacional
JAPONÊS,https://goiaslibras.educacao.go.gov.br/api/media/ines/palavras/videos/japonesSm_Prog001.mp4,GoiásLibras · base nacional
JAPÃO,https://goiaslibras.educacao.go.gov.br/api/media/ines/palavras/videos/japaoSm_Prog001.mp4,GoiásLibras · base nacional
JAQUETA,https://goiaslibras.educacao.go.gov.br/api/media/ines/palavras/videos/jaquetaSm_Prog001.mp4,GoiásLibras · base nacional
JARDIM,https://goiaslibras.educacao.go.gov.br/api/media/ines/palavras/videos/jardim1Sm_Prog001.mp4,GoiásLibras · base nacional
JARDIM DE INFÂNCIA,https://goiaslibras.educacao.go.gov.br/api/media/ines/palavras/videos/jardim3Sm_Prog001.mp4,GoiásLibras · base nacional
JARDIM ZOOLÓGICO,https://goiaslibras.educacao.go.gov.br/api/media/ines/palavras/videos/jardim2Sm_Prog001.mp4,GoiásLibras · base nacional
JARRA,https://goiaslibras.educacao.go.gov.br/api/media/ines/palavras/videos/jarraSm_Prog001.mp4,GoiásLibras · base nacional
JATO1,https://goiaslibras.educacao.go.gov.br/api/media/ines/palavras/videos/jato1Sm_Prog001.mp4,GoiásLibras · base nacional
JATO2,https://goiaslibras.educacao.go.gov.br/api/media/ines/palavras/videos/jato2Sm_Prog001.mp4,GoiásLibras · base nacional
JAULA,https://goiaslibras.educacao.go.gov.br/api/media/ines/palavras/videos/jaulaSm_Prog001.mp4,GoiásLibras · base nacional
JAVALI,https://goiaslibras.educacao.go.gov.br/api/media/ines/palavras/videos/javali2Sm_Prog001.mp4,GoiásLibras · base nacional
JAZIGO,https://goiaslibras.educacao.go.gov.br/api/media/ines/palavras/videos/jazigoSm_Prog001.mp4,GoiásLibras · base nacional
JEITO1,https://goiaslibras.educacao.go.gov.br/api/media/ines/palavras/videos/jeito1Sm_Prog001.mp4,GoiásLibras · base nacional
JEITO2,https://goiaslibras.educacao.go.gov.br/api/media/ines/palavras/videos/jeito2Sm_Prog001.mp4,GoiásLibras · base nacional
JEJUAR,https://goiaslibras.educacao.go.gov.br/api/media/ines/palavras/videos/jejuarSm_Prog001.mp4,GoiásLibras · base nacional
JEJUM,https://goiaslibras.educacao.go.gov.br/api/media/ines/palavras/videos/jejumSm_Prog001.mp4,GoiásLibras · base nacional
JESUS CRISTO,https://goiaslibras.educacao.go.gov.br/api/media/ines/palavras/videos/jesus-cristoSm_Prog001.mp4,GoiásLibras · base nacional
JET SKI,https://dicionario.ines.gov.br/public/media/palavras/videos/jet skiSm_Prog001.mp4,GoiásLibras · base nacional
JIBÓIA,https://goiaslibras.educacao.go.gov.br/api/media/ines/palavras/videos/jiboiaSm_Prog001.mp4,GoiásLibras · base nacional
JILÓ,https://goiaslibras.educacao.go.gov.br/api/media/ines/palavras/videos/jiloSm_Prog001.mp4,GoiásLibras · base nacional
JIU-JITSU,https://goiaslibras.educacao.go.gov.br/api/media/ines/palavras/videos/jiu-jitsuSm_Prog001.mp4,GoiásLibras · base nacional
JOCOSO,https://goiaslibras.educacao.go.gov.br/api/media/ines/palavras/videos/jocosoSm_Prog001.mp4,GoiásLibras · base nacional
JOELHADA,https://dicionario.ines.gov.br/public/media/palavras/videos/joelhadaSm_Prog001.mp4,GoiásLibras · base nacional
JOELHO,https://dicionario.ines.gov.br/public/media/palavras/videos/joelhoSm_Prog001.mp4,GoiásLibras · base nacional
JOGADO,https://goiaslibras.educacao.go.gov.br/api/media/ines/palavras/videos/jogadoSm_Prog001.mp4,GoiásLibras · base nacional
JOGADOR,https://goiaslibras.educacao.go.gov.br/api/media/ines/palavras/videos/jogadorSm_Prog001.mp4,GoiásLibras · base nacional
JOGAR CARTA,https://goiaslibras.educacao.go.gov.br/api/media/ines/palavras/videos/jogar3Sm_Prog001.mp4,GoiásLibras · base nacional
JOGAR FORA,https://goiaslibras.educacao.go.gov.br/api/media/ines/palavras/videos/jogar2Sm_Prog001.mp4,GoiásLibras · base nacional
JOGAR FUTEBOL,https://goiaslibras.educacao.go.gov.br/api/media/ines/palavras/videos/jogar4Sm_Prog001.mp4,GoiásLibras · base nacional
JOGO,https://goiaslibras.educacao.go.gov.br/api/media/ines/palavras/videos/jogoSm_Prog001.mp4,GoiásLibras · base nacional
JORNAL,https://goiaslibras.educacao.go.gov.br/api/media/ines/palavras/videos/jornalSm_Prog001.mp4,GoiásLibras · base nacional
JORNALEIRO,https://goiaslibras.educacao.go.gov.br/api/media/ines/palavras/videos/jornaleiroSm_Prog001.mp4,GoiásLibras · base nacional
JORNALISTA,https://goiaslibras.educacao.go.gov.br/api/media/ines/palavras/videos/jornalistaSm_Prog001.mp4,GoiásLibras · base nacional
JORRAR,https://goiaslibras.educacao.go.gov.br/api/media/ines/palavras/videos/jorrarSm_Prog001.mp4,GoiásLibras · base nacional
JOVEM,https://goiaslibras.educacao.go.gov.br/api/media/ines/palavras/videos/jovemSm_Prog001.mp4,GoiásLibras · base nacional
JOÃO PESSOA,https://dicionario.ines.gov.br/public/media/palavras/videos/joao-pessoaSm_Prog001.mp4,GoiásLibras · base nacional
JUBA,https://goiaslibras.educacao.go.gov.br/api/media/ines/palavras/videos/jubaSm_Prog001.mp4,GoiásLibras · base nacional
JUDEU,https://goiaslibras.educacao.go.gov.br/api/media/ines/palavras/videos/judeuSm_Prog001.mp4,GoiásLibras · base nacional
JUDICIAL,https://goiaslibras.educacao.go.gov.br/api/media/ines/palavras/videos/judicialSm_Prog001.mp4,GoiásLibras · base nacional
JUDÔ,https://goiaslibras.educacao.go.gov.br/api/media/ines/palavras/videos/judoSm_Prog001.mp4,GoiásLibras · base nacional
JUIZ,https://goiaslibras.educacao.go.gov.br/api/media/ines/palavras/videos/juizSm_Prog001.mp4,GoiásLibras · base nacional
JUIZ ESPORTIVO,https://dicionario.ines.gov.br/public/media/palavras/videos/juiz-esportivoSm_Prog001.mp4,GoiásLibras · base nacional
JULGAMENTO,https://goiaslibras.educacao.go.gov.br/api/media/ines/palavras/videos/julgamentoSm_Prog001.mp4,GoiásLibras · base nacional
JULGAR,https://goiaslibras.educacao.go.gov.br/api/media/ines/palavras/videos/julgarSm_Prog001.mp4,GoiásLibras · base nacional
JULHO,https://goiaslibras.educacao.go.gov.br/api/media/ines/palavras/videos/julhoSm_Prog001.mp4,GoiásLibras · base nacional
JUMENTO,https://goiaslibras.educacao.go.gov.br/api/media/ines/palavras/videos/jumentoSm_Prog001.mp4,GoiásLibras · base nacional
JUNHO,https://dicionario.ines.gov.br/public/media/palavras/videos/junho1Sm_Prog001.mp4,GoiásLibras · base nacional
JUNTA,https://goiaslibras.educacao.go.gov.br/api/media/ines/palavras/videos/juntaSm_Prog001.mp4,GoiásLibras · base nacional
JUNTAR1,https://goiaslibras.educacao.go.gov.br/api/media/ines/palavras/videos/juntarSm_Prog001.mp4,GoiásLibras · base nacional
JUNTAR2,https://goiaslibras.educacao.go.gov.br/api/media/ines/palavras/videos/juntar2Sm_Prog001.mp4,GoiásLibras · base nacional
JUNTAR3,https://goiaslibras.educacao.go.gov.br/api/media/ines/palavras/videos/juntar3Sm_Prog001.mp4,GoiásLibras · base nacional
JUNTAR4,https://goiaslibras.educacao.go.gov.br/api/media/ines/palavras/videos/juntar4Sm_Prog001.mp4,GoiásLibras · base nacional
JUNTO,https://goiaslibras.educacao.go.gov.br/api/media/ines/palavras/videos/juntoSm_Prog001.mp4,GoiásLibras · base nacional
JURAMENTO,https://goiaslibras.educacao.go.gov.br/api/media/ines/palavras/videos/juramentoSm_Prog001.mp4,GoiásLibras · base nacional
JURAR,https://goiaslibras.educacao.go.gov.br/api/media/ines/palavras/videos/jurarSm_Prog001.mp4,GoiásLibras · base nacional
JUROS,https://goiaslibras.educacao.go.gov.br/api/media/ines/palavras/videos/jurosSm_Prog001.mp4,GoiásLibras · base nacional
JURÍDICO,https://goiaslibras.educacao.go.gov.br/api/media/ines/palavras/videos/juridicoSm_Prog001.mp4,GoiásLibras · base nacional
JUSTIFICAR,https://goiaslibras.educacao.go.gov.br/api/media/video/2026-08-nas/justificar.mp4,GoiásLibras · base nacional
JUSTIÇA,https://goiaslibras.educacao.go.gov.br/api/media/ines/palavras/videos/justicaSm_Prog001.mp4,GoiásLibras · base nacional
JUSTO,https://goiaslibras.educacao.go.gov.br/api/media/ines/palavras/videos/justoSm_Prog001.mp4,GoiásLibras · base nacional
JUVENIL,https://goiaslibras.educacao.go.gov.br/api/media/ines/palavras/videos/juvenilSm_Prog001.mp4,GoiásLibras · base nacional
JUVENTUDE,https://goiaslibras.educacao.go.gov.br/api/media/ines/palavras/videos/juventudeSm_Prog001.mp4,GoiásLibras · base nacional
JUÍZO,https://goiaslibras.educacao.go.gov.br/api/media/ines/palavras/videos/juizoSm_Prog001.mp4,GoiásLibras · base nacional
JÁ,https://goiaslibras.educacao.go.gov.br/api/media/ines/palavras/videos/jaSm_Prog001.mp4,GoiásLibras · base nacional
JÓIA,https://dicionario.ines.gov.br/public/media/palavras/videos/joiasSm_Prog001.mp4,GoiásLibras · base nacional
JÓQUEI-CLUBE,https://dicionario.ines.gov.br/public/media/palavras/videos/joquei_clubeSm_Prog001.mp4,GoiásLibras · base nacional
JÚRI,https://goiaslibras.educacao.go.gov.br/api/media/ines/palavras/videos/juriSm_Prog001.mp4,GoiásLibras · base nacional
K,https://goiaslibras.educacao.go.gov.br/api/media/ines/palavras/videos/kSm_Prog001.mp4,GoiásLibras · base nacional
KIWI,https://goiaslibras.educacao.go.gov.br/api/media/video/2026-08-nas/kiwi.mp4,GoiásLibras · base nacional
L,https://goiaslibras.educacao.go.gov.br/api/media/ines/palavras/videos/lSm_Prog001.mp4,GoiásLibras · base nacional
LABIA,https://goiaslibras.educacao.go.gov.br/api/media/ines/palavras/videos/labiaSm_Prog001.mp4,GoiásLibras · base nacional
LABIRINTITE,https://goiaslibras.educacao.go.gov.br/api/media/ines/palavras/videos/labirintiteSm_Prog001.mp4,GoiásLibras · base nacional
LABIRINTO,https://goiaslibras.educacao.go.gov.br/api/media/ines/palavras/videos/labirintoSm_Prog001.mp4,GoiásLibras · base nacional
LABORATÓRIO,https://goiaslibras.educacao.go.gov.br/api/media/ines/palavras/videos/laboratorioSm_Prog001.mp4,GoiásLibras · base nacional
LACRIMEJAR,https://goiaslibras.educacao.go.gov.br/api/media/ines/palavras/videos/lacrimejarSm_Prog001.mp4,GoiásLibras · base nacional
LACTAÇÃO,https://goiaslibras.educacao.go.gov.br/api/media/ines/palavras/videos/lactacaoSm_Prog001.mp4,GoiásLibras · base nacional
LADEIRA,https://goiaslibras.educacao.go.gov.br/api/media/ines/palavras/videos/ladeiraSm_Prog001.mp4,GoiásLibras · base nacional
LADO,https://goiaslibras.educacao.go.gov.br/api/media/ines/palavras/videos/ladoSm_Prog001.mp4,GoiásLibras · base nacional
LADRILHO,https://goiaslibras.educacao.go.gov.br/api/media/ines/palavras/videos/ladrilhoSm_Prog001.mp4,GoiásLibras · base nacional
LADRÃO,https://goiaslibras.educacao.go.gov.br/api/media/ines/palavras/videos/ladraoSm_Prog001.mp4,GoiásLibras · base nacional
LAGARTA,https://goiaslibras.educacao.go.gov.br/api/media/ines/palavras/videos/lagartaSm_Prog001.mp4,GoiásLibras · base nacional
LAGARTIXA,https://goiaslibras.educacao.go.gov.br/api/media/ines/palavras/videos/lagartixaSm_Prog001.mp4,GoiásLibras · base nacional
LAGO,https://goiaslibras.educacao.go.gov.br/api/media/ines/palavras/videos/lagoSm_Prog001.mp4,GoiásLibras · base nacional
LAGOA,https://goiaslibras.educacao.go.gov.br/api/media/ines/palavras/videos/lagoaSm_Prog001.mp4,GoiásLibras · base nacional
LAGOSTA1,https://goiaslibras.educacao.go.gov.br/api/media/ines/palavras/videos/lagosta1Sm_Prog001.mp4,GoiásLibras · base nacional
LAGOSTA2,https://goiaslibras.educacao.go.gov.br/api/media/ines/palavras/videos/lagosta2Sm_Prog001.mp4,GoiásLibras · base nacional
LAJE,https://goiaslibras.educacao.go.gov.br/api/media/ines/palavras/videos/lajeSm_Prog001.mp4,GoiásLibras · base nacional
LAMA,https://goiaslibras.educacao.go.gov.br/api/media/ines/palavras/videos/lamaSm_Prog001.mp4,GoiásLibras · base nacional
LAMBER,https://goiaslibras.educacao.go.gov.br/api/media/ines/palavras/videos/lamberSm_Prog001.mp4,GoiásLibras · base nacional
LAMBUZADA,https://goiaslibras.educacao.go.gov.br/api/media/ines/palavras/videos/lambuzadaSm_Prog001.mp4,GoiásLibras · base nacional
LAMBUZAR,https://goiaslibras.educacao.go.gov.br/api/media/ines/palavras/videos/lambuzarSm_Prog001.mp4,GoiásLibras · base nacional
LAMENTAR,https://goiaslibras.educacao.go.gov.br/api/media/ines/palavras/videos/lamentarSm_Prog001.mp4,GoiásLibras · base nacional
LAMPIÃO,https://goiaslibras.educacao.go.gov.br/api/media/ines/palavras/videos/lampiaoSm_Prog001.mp4,GoiásLibras · base nacional
LANCHA,https://goiaslibras.educacao.go.gov.br/api/media/ines/palavras/videos/lanchaSm_Prog001.mp4,GoiásLibras · base nacional
LANCHAR,https://goiaslibras.educacao.go.gov.br/api/media/ines/palavras/videos/lancharSm_Prog001.mp4,GoiásLibras · base nacional
LANCHE,https://goiaslibras.educacao.go.gov.br/api/media/ines/palavras/videos/lancheSm_Prog001.mp4,GoiásLibras · base nacional
LANCHONETE,https://goiaslibras.educacao.go.gov.br/api/media/ines/palavras/videos/lanchoneteSm_Prog001.mp4,GoiásLibras · base nacional
LANTERNA,https://goiaslibras.educacao.go.gov.br/api/media/ines/palavras/videos/lanternaSm_Prog001.mp4,GoiásLibras · base nacional
LANÇA,https://goiaslibras.educacao.go.gov.br/api/media/ines/palavras/videos/lancaSm_Prog001.mp4,GoiásLibras · base nacional
LANÇA-PERFUME,https://goiaslibras.educacao.go.gov.br/api/media/ines/palavras/videos/lanca-perfumeSm_Prog001.mp4,GoiásLibras · base nacional
LANÇAMENTO,https://goiaslibras.educacao.go.gov.br/api/media/ines/palavras/videos/lancamentoSm_Prog001.mp4,GoiásLibras · base nacional
LANÇAR,https://goiaslibras.educacao.go.gov.br/api/media/ines/palavras/videos/lancarSm_Prog001.mp4,GoiásLibras · base nacional
LAPIDAR,https://goiaslibras.educacao.go.gov.br/api/media/ines/palavras/videos/lapidarSm_Prog001.mp4,GoiásLibras · base nacional
LAPISEIRA,https://goiaslibras.educacao.go.gov.br/api/media/ines/palavras/videos/lapiseiraSm_Prog001.mp4,GoiásLibras · base nacional
LAPSO,https://goiaslibras.educacao.go.gov.br/api/media/ines/palavras/videos/lapsoSm_Prog001.mp4,GoiásLibras · base nacional
LAQUEADURA DE TROMPAS,https://dicionario.ines.gov.br/public/media/palavras/videos/laqueadura_de_trompasSm_Prog001.mp4,GoiásLibras · base nacional
LAQUÊ,https://goiaslibras.educacao.go.gov.br/api/media/ines/palavras/videos/laqueSm_Prog001.mp4,GoiásLibras · base nacional
LAR,https://goiaslibras.educacao.go.gov.br/api/media/ines/palavras/videos/larSm_Prog001.mp4,GoiásLibras · base nacional
LARANJA,https://goiaslibras.educacao.go.gov.br/api/media/ines/palavras/videos/laranjaSm_Prog001.mp4,GoiásLibras · base nacional
LAREIRA,https://goiaslibras.educacao.go.gov.br/api/media/ines/palavras/videos/lareiraSm_Prog001.mp4,GoiásLibras · base nacional
LARGADA,https://dicionario.ines.gov.br/public/media/palavras/videos/largada1Sm_Prog001.mp4,GoiásLibras · base nacional
LARGADO,https://goiaslibras.educacao.go.gov.br/api/media/ines/palavras/videos/largadoSm_Prog001.mp4,GoiásLibras · base nacional
LARGAR1,https://goiaslibras.educacao.go.gov.br/api/media/ines/palavras/videos/largar1Sm_Prog001.mp4,GoiásLibras · base nacional
LARGAR2,https://goiaslibras.educacao.go.gov.br/api/media/ines/palavras/videos/largar2Sm_Prog001.mp4,GoiásLibras · base nacional
LARGO,https://goiaslibras.educacao.go.gov.br/api/media/ines/palavras/videos/largoSm_Prog001.mp4,GoiásLibras · base nacional
LARGURA,https://goiaslibras.educacao.go.gov.br/api/media/ines/palavras/videos/larguraSm_Prog001.mp4,GoiásLibras · base nacional
LARINGE,https://goiaslibras.educacao.go.gov.br/api/media/ines/palavras/videos/laringeSm_Prog001.mp4,GoiásLibras · base nacional
LATA,https://goiaslibras.educacao.go.gov.br/api/media/ines/palavras/videos/lataSm_Prog001.mp4,GoiásLibras · base nacional
LATERAL,https://goiaslibras.educacao.go.gov.br/api/media/ines/palavras/videos/lateralSm_Prog001.mp4,GoiásLibras · base nacional
LATICÍNIOS,https://goiaslibras.educacao.go.gov.br/api/media/ines/palavras/videos/laticiniosSm_Prog001.mp4,GoiásLibras · base nacional
LATIDO,https://goiaslibras.educacao.go.gov.br/api/media/ines/palavras/videos/latidoSm_Prog001.mp4,GoiásLibras · base nacional
LATINO-AMERICANO,https://goiaslibras.educacao.go.gov.br/api/media/ines/palavras/videos/latino-americanoSm_Prog001.mp4,GoiásLibras · base nacional
LATIR,https://goiaslibras.educacao.go.gov.br/api/media/ines/palavras/videos/latirSm_Prog001.mp4,GoiásLibras · base nacional
LATITUDE,https://goiaslibras.educacao.go.gov.br/api/media/ines/palavras/videos/latitudeSm_Prog001.mp4,GoiásLibras · base nacional
LAUDO,https://goiaslibras.educacao.go.gov.br/api/media/ines/palavras/videos/laudoSm_Prog001.mp4,GoiásLibras · base nacional
LAVA,https://goiaslibras.educacao.go.gov.br/api/media/ines/palavras/videos/lavaSm_Prog001.mp4,GoiásLibras · base nacional
LAVAR,https://goiaslibras.educacao.go.gov.br/api/media/ines/palavras/videos/lavar2Sm_Prog001.mp4,GoiásLibras · base nacional
LAVAR AS MÃOS1,https://goiaslibras.educacao.go.gov.br/api/media/ines/palavras/videos/lavar4Sm_Prog001.mp4,GoiásLibras · base nacional
LAVAR AS MÃOS2,https://goiaslibras.educacao.go.gov.br/api/media/ines/palavras/videos/lavar7Sm_Prog001.mp4,GoiásLibras · base nacional
LAVAR CABELO,https://goiaslibras.educacao.go.gov.br/api/media/ines/palavras/videos/lavar1Sm_Prog001.mp4,GoiásLibras · base nacional
LAVAR LOUÇA,https://goiaslibras.educacao.go.gov.br/api/media/ines/palavras/videos/lavar3Sm_Prog001.mp4,GoiásLibras · base nacional
LAVAR ROSTO,https://goiaslibras.educacao.go.gov.br/api/media/ines/palavras/videos/lavar5Sm_Prog001.mp4,GoiásLibras · base nacional
LAVAR ROUPA,https://goiaslibras.educacao.go.gov.br/api/media/ines/palavras/videos/lavar6Sm_Prog001.mp4,GoiásLibras · base nacional
LAVOURA,https://goiaslibras.educacao.go.gov.br/api/media/ines/palavras/videos/lavouraSm_Prog001.mp4,GoiásLibras · base nacional
LAVRADOR,https://goiaslibras.educacao.go.gov.br/api/media/ines/palavras/videos/lavradorSm_Prog001.mp4,GoiásLibras · base nacional
LAVRAR,https://goiaslibras.educacao.go.gov.br/api/media/ines/palavras/videos/lavrarSm_Prog001.mp4,GoiásLibras · base nacional
LAÇAR,https://goiaslibras.educacao.go.gov.br/api/media/ines/palavras/videos/lacarSm_Prog001.mp4,GoiásLibras · base nacional
LAÇO,https://goiaslibras.educacao.go.gov.br/api/media/ines/palavras/videos/lacoSm_Prog001.mp4,GoiásLibras · base nacional
LEAL,https://goiaslibras.educacao.go.gov.br/api/media/ines/palavras/videos/lealSm_Prog001.mp4,GoiásLibras · base nacional
LEBRE,https://goiaslibras.educacao.go.gov.br/api/media/ines/palavras/videos/lebreSm_Prog001.mp4,GoiásLibras · base nacional
LECIONAR,https://goiaslibras.educacao.go.gov.br/api/media/ines/palavras/videos/lecionarSm_Prog001.mp4,GoiásLibras · base nacional
LEGAL1,https://goiaslibras.educacao.go.gov.br/api/media/ines/palavras/videos/legal1Sm_Prog001.mp4,GoiásLibras · base nacional
LEGAL2,https://goiaslibras.educacao.go.gov.br/api/media/ines/palavras/videos/legal2Sm_Prog001.mp4,GoiásLibras · base nacional
LEGALIZAR,https://goiaslibras.educacao.go.gov.br/api/media/ines/palavras/videos/legalizarSm_Prog001.mp4,GoiásLibras · base nacional
LEGENDA,https://goiaslibras.educacao.go.gov.br/api/media/ines/palavras/videos/legendaSm_Prog001.mp4,GoiásLibras · base nacional
LEGISLAÇÃO,https://goiaslibras.educacao.go.gov.br/api/media/ines/palavras/videos/legislacaoSm_Prog001.mp4,GoiásLibras · base nacional
LEGITIMAR,https://goiaslibras.educacao.go.gov.br/api/media/ines/palavras/videos/legitimarSm_Prog001.mp4,GoiásLibras · base nacional
LEGUME,https://dicionario.ines.gov.br/public/media/palavras/videos/legumesSm_Prog001.mp4,GoiásLibras · base nacional
LEGÍTIMO,https://goiaslibras.educacao.go.gov.br/api/media/ines/palavras/videos/legitimoSm_Prog001.mp4,GoiásLibras · base nacional
LEGÍVEL,https://goiaslibras.educacao.go.gov.br/api/media/ines/palavras/videos/legivelSm_Prog001.mp4,GoiásLibras · base nacional
LEI1,https://goiaslibras.educacao.go.gov.br/api/media/ines/palavras/videos/lei1Sm_Prog001.mp4,GoiásLibras · base nacional
LEI2,https://goiaslibras.educacao.go.gov.br/api/media/ines/palavras/videos/lei2Sm_Prog001.mp4,GoiásLibras · base nacional
LEILÃO,https://goiaslibras.educacao.go.gov.br/api/media/ines/palavras/videos/leilaoSm_Prog001.mp4,GoiásLibras · base nacional
LEITE,https://goiaslibras.educacao.go.gov.br/api/media/ines/palavras/videos/leiteSm_Prog001.mp4,GoiásLibras · base nacional
LEITE-CONDENSADO,https://goiaslibras.educacao.go.gov.br/api/media/ines/palavras/videos/leite-condensadoSm_Prog001.mp4,GoiásLibras · base nacional
LEITE-DE-COCO,https://dicionario.ines.gov.br/public/media/palavras/videos/leite-de cocoSm_Prog001.mp4,GoiásLibras · base nacional
LEITO,https://goiaslibras.educacao.go.gov.br/api/media/ines/palavras/videos/leitoSm_Prog001.mp4,GoiásLibras · base nacional
LEITURA,https://goiaslibras.educacao.go.gov.br/api/media/ines/palavras/videos/leituraSm_Prog001.mp4,GoiásLibras · base nacional
LEITÃO,https://goiaslibras.educacao.go.gov.br/api/media/ines/palavras/videos/leitaoSm_Prog001.mp4,GoiásLibras · base nacional
LEMBRANÇA,https://goiaslibras.educacao.go.gov.br/api/media/ines/palavras/videos/lembrancaSm_Prog001.mp4,GoiásLibras · base nacional
LEMBRAR-NÃO,https://goiaslibras.educacao.go.gov.br/api/media/ines/palavras/videos/lembrar_naoSm_Prog001.mp4,GoiásLibras · base nacional
LEMBRAR1,https://goiaslibras.educacao.go.gov.br/api/media/ines/palavras/videos/lembrar1Sm_Prog001.mp4,GoiásLibras · base nacional
LEMBRAR2,https://goiaslibras.educacao.go.gov.br/api/media/ines/palavras/videos/lembrar2Sm_Prog001.mp4,GoiásLibras · base nacional
LEME,https://goiaslibras.educacao.go.gov.br/api/media/ines/palavras/videos/lemeSm_Prog001.mp4,GoiásLibras · base nacional
LENDA,https://goiaslibras.educacao.go.gov.br/api/media/ines/palavras/videos/lendaSm_Prog001.mp4,GoiásLibras · base nacional
LENHA,https://goiaslibras.educacao.go.gov.br/api/media/ines/palavras/videos/lenhaSm_Prog001.mp4,GoiásLibras · base nacional
LENTE,https://goiaslibras.educacao.go.gov.br/api/media/ines/palavras/videos/lenteSm_Prog001.mp4,GoiásLibras · base nacional
LENTE-DE-CONTATO,https://goiaslibras.educacao.go.gov.br/api/media/ines/palavras/videos/lente-de-contatoSm_Prog001.mp4,GoiásLibras · base nacional
LENTIDÃO,https://goiaslibras.educacao.go.gov.br/api/media/ines/palavras/videos/lentidaoSm_Prog001.mp4,GoiásLibras · base nacional
LENTO,https://goiaslibras.educacao.go.gov.br/api/media/ines/palavras/videos/lentoSm_Prog001.mp4,GoiásLibras · base nacional
LENÇO,https://goiaslibras.educacao.go.gov.br/api/media/ines/palavras/videos/lencoSm_Prog001.mp4,GoiásLibras · base nacional
LENÇOL,https://goiaslibras.educacao.go.gov.br/api/media/ines/palavras/videos/lencolSm_Prog001.mp4,GoiásLibras · base nacional
LEPRA,https://goiaslibras.educacao.go.gov.br/api/media/ines/palavras/videos/lepraSm_Prog001.mp4,GoiásLibras · base nacional
LEQUE,https://goiaslibras.educacao.go.gov.br/api/media/ines/palavras/videos/lequeSm_Prog001.mp4,GoiásLibras · base nacional
LER1,https://goiaslibras.educacao.go.gov.br/api/media/ines/palavras/videos/ler1Sm_Prog001.mp4,GoiásLibras · base nacional
LER2,https://goiaslibras.educacao.go.gov.br/api/media/ines/palavras/videos/ler2Sm_Prog001.mp4,GoiásLibras · base nacional
LERDO,https://goiaslibras.educacao.go.gov.br/api/media/ines/palavras/videos/lerdoSm_Prog001.mp4,GoiásLibras · base nacional
LESMA,https://goiaslibras.educacao.go.gov.br/api/media/ines/palavras/videos/lesmaSm_Prog001.mp4,GoiásLibras · base nacional
LESTE,https://goiaslibras.educacao.go.gov.br/api/media/ines/palavras/videos/lesteSm_Prog001.mp4,GoiásLibras · base nacional
LESÃO,https://goiaslibras.educacao.go.gov.br/api/media/ines/palavras/videos/lesaoSm_Prog001.mp4,GoiásLibras · base nacional
LETRA,https://goiaslibras.educacao.go.gov.br/api/media/ines/palavras/videos/letra1Sm_Prog001.mp4,GoiásLibras · base nacional
LETRAS,https://dicionario.ines.gov.br/public/media/palavras/videos/letras2Sm_Prog001.mp4,GoiásLibras · base nacional
LEVADO1,https://goiaslibras.educacao.go.gov.br/api/media/ines/palavras/videos/levado1Sm_Prog001.mp4,GoiásLibras · base nacional
LEVADO2,https://goiaslibras.educacao.go.gov.br/api/media/ines/palavras/videos/levado2Sm_Prog001.mp4,GoiásLibras · base nacional
LEVANTAR1,https://goiaslibras.educacao.go.gov.br/api/media/ines/palavras/videos/levantar1Sm_Prog001.mp4,GoiásLibras · base nacional
LEVANTAR2,https://goiaslibras.educacao.go.gov.br/api/media/ines/palavras/videos/levantar2Sm_Prog001.mp4,GoiásLibras · base nacional
LEVANTAR3,https://goiaslibras.educacao.go.gov.br/api/media/ines/palavras/videos/levantar3Sm_Prog001.mp4,GoiásLibras · base nacional
LEVAR BRONCA,https://goiaslibras.educacao.go.gov.br/api/media/ines/palavras/videos/levar3Sm_Prog001.mp4,GoiásLibras · base nacional
LEVAR1,https://goiaslibras.educacao.go.gov.br/api/media/ines/palavras/videos/levar1Sm_Prog001.mp4,GoiásLibras · base nacional
LEVAR2,https://goiaslibras.educacao.go.gov.br/api/media/ines/palavras/videos/levar2Sm_Prog001.mp4,GoiásLibras · base nacional
LEVE1,https://goiaslibras.educacao.go.gov.br/api/media/ines/palavras/videos/leve1Sm_Prog001.mp4,GoiásLibras · base nacional
LEVE2,https://goiaslibras.educacao.go.gov.br/api/media/ines/palavras/videos/leve2Sm_Prog001.mp4,GoiásLibras · base nacional
LEVITAR,https://goiaslibras.educacao.go.gov.br/api/media/ines/palavras/videos/levitarSm_Prog001.mp4,GoiásLibras · base nacional
LEÃO,https://goiaslibras.educacao.go.gov.br/api/media/ines/palavras/videos/leaoSm_Prog001.mp4,GoiásLibras · base nacional
LHAMA,https://goiaslibras.educacao.go.gov.br/api/media/ines/palavras/videos/lhamaSm_Prog001.mp4,GoiásLibras · base nacional
LIBERAL,https://goiaslibras.educacao.go.gov.br/api/media/ines/palavras/videos/liberalSm_Prog001.mp4,GoiásLibras · base nacional
LIBERAR,https://goiaslibras.educacao.go.gov.br/api/media/ines/palavras/videos/liberarSm_Prog001.mp4,GoiásLibras · base nacional
LIBERDADE,https://goiaslibras.educacao.go.gov.br/api/media/ines/palavras/videos/liberdadeSm_Prog001.mp4,GoiásLibras · base nacional
LIBERTAR,https://dicionario.ines.gov.br/public/media/palavras/videos/libertarSm_Prog001.mp4,GoiásLibras · base nacional
LIBRA,https://goiaslibras.educacao.go.gov.br/api/media/ines/palavras/videos/libraSm_Prog001.mp4,GoiásLibras · base nacional
LICENÇA,https://goiaslibras.educacao.go.gov.br/api/media/ines/palavras/videos/licencaSm_Prog001.mp4,GoiásLibras · base nacional
LICENÇA-PRÊMIO,https://dicionario.ines.gov.br/public/media/palavras/videos/licenca premioSm_Prog001.mp4,GoiásLibras · base nacional
LIGAR,https://goiaslibras.educacao.go.gov.br/api/media/ines/palavras/videos/ligar4Sm_Prog001.mp4,GoiásLibras · base nacional
LIGAR APARELHO,https://goiaslibras.educacao.go.gov.br/api/media/ines/palavras/videos/ligar3Sm_Prog001.mp4,GoiásLibras · base nacional
LIGAR IGNIÇÃO,https://goiaslibras.educacao.go.gov.br/api/media/ines/palavras/videos/ligar1Sm_Prog001.mp4,GoiásLibras · base nacional
LIGAR LUZ,https://goiaslibras.educacao.go.gov.br/api/media/ines/palavras/videos/ligar2Sm_Prog001.mp4,GoiásLibras · base nacional
LIGAR TECLA,https://goiaslibras.educacao.go.gov.br/api/media/ines/palavras/videos/ligar5Sm_Prog001.mp4,GoiásLibras · base nacional
LIGAÇÃO1,https://goiaslibras.educacao.go.gov.br/api/media/ines/palavras/videos/ligacaoSm_Prog001.mp4,GoiásLibras · base nacional
LIGAÇÃO2,https://goiaslibras.educacao.go.gov.br/api/media/ines/palavras/videos/ligacao2Sm_Prog001.mp4,GoiásLibras · base nacional
LIGEIRO,https://goiaslibras.educacao.go.gov.br/api/media/ines/palavras/videos/ligeiroSm_Prog001.mp4,GoiásLibras · base nacional
LILÁS,https://dicionario.ines.gov.br/public/media/palavras/videos/lilasSm_Prog001.mp4,GoiásLibras · base nacional
LIMA,https://goiaslibras.educacao.go.gov.br/api/media/ines/palavras/videos/limaSm_Prog001.mp4,GoiásLibras · base nacional
LIMAR,https://goiaslibras.educacao.go.gov.br/api/media/ines/palavras/videos/limarSm_Prog001.mp4,GoiásLibras · base nacional
LIMITADO,https://goiaslibras.educacao.go.gov.br/api/media/ines/palavras/videos/limitadoSm_Prog001.mp4,GoiásLibras · base nacional
LIMITAR,https://goiaslibras.educacao.go.gov.br/api/media/ines/palavras/videos/limitarSm_Prog001.mp4,GoiásLibras · base nacional
LIMITE1,https://goiaslibras.educacao.go.gov.br/api/media/ines/palavras/videos/limite1Sm_Prog001.mp4,GoiásLibras · base nacional
LIMITE2,https://goiaslibras.educacao.go.gov.br/api/media/ines/palavras/videos/limite2Sm_Prog001.mp4,GoiásLibras · base nacional
LIMO,https://goiaslibras.educacao.go.gov.br/api/media/ines/palavras/videos/limoSm_Prog001.mp4,GoiásLibras · base nacional
LIMPEZA,https://goiaslibras.educacao.go.gov.br/api/media/ines/palavras/videos/limpezaSm_Prog001.mp4,GoiásLibras · base nacional
LIMPO,https://goiaslibras.educacao.go.gov.br/api/media/ines/palavras/videos/limpoSm_Prog001.mp4,GoiásLibras · base nacional
LIMUSINE,https://dicionario.ines.gov.br/public/media/palavras/videos/limuniseSm_Prog001.mp4,GoiásLibras · base nacional
LIMÃO,https://goiaslibras.educacao.go.gov.br/api/media/ines/palavras/videos/limaoSm_Prog001.mp4,GoiásLibras · base nacional
LINDO,https://goiaslibras.educacao.go.gov.br/api/media/ines/palavras/videos/lindo1Sm_Prog001.mp4,GoiásLibras · base nacional
LINGUAGEM,https://goiaslibras.educacao.go.gov.br/api/media/ines/palavras/videos/linguagemSm_Prog001.mp4,GoiásLibras · base nacional
LINGUARUDO,https://goiaslibras.educacao.go.gov.br/api/media/ines/palavras/videos/linguarudoSm_Prog001.mp4,GoiásLibras · base nacional
LINGÜIÇA,https://goiaslibras.educacao.go.gov.br/api/media/ines/palavras/videos/linguicaSm_Prog001.mp4,GoiásLibras · base nacional
LINGÜÍSTICA,https://goiaslibras.educacao.go.gov.br/api/media/ines/palavras/videos/linguisticaSm_Prog001.mp4,GoiásLibras · base nacional
LINHA1,https://goiaslibras.educacao.go.gov.br/api/media/ines/palavras/videos/linha1Sm_Prog001.mp4,GoiásLibras · base nacional
LINHA2,https://goiaslibras.educacao.go.gov.br/api/media/ines/palavras/videos/linha2Sm_Prog001.mp4,GoiásLibras · base nacional
LIQUID PAPER,https://goiaslibras.educacao.go.gov.br/api/media/ines/palavras/videos/liquid-paperSm_Prog001.mp4,GoiásLibras · base nacional
LIQUIDAÇÃO,https://goiaslibras.educacao.go.gov.br/api/media/ines/palavras/videos/liquidacaoSm_Prog001.mp4,GoiásLibras · base nacional
LIQUIDIFICADOR,https://goiaslibras.educacao.go.gov.br/api/media/ines/palavras/videos/liquidificadorSm_Prog001.mp4,GoiásLibras · base nacional
LISO,https://goiaslibras.educacao.go.gov.br/api/media/ines/palavras/videos/lisoSm_Prog001.mp4,GoiásLibras · base nacional
LISTA,https://goiaslibras.educacao.go.gov.br/api/media/ines/palavras/videos/listaSm_Prog001.mp4,GoiásLibras · base nacional
LISTAGEM,https://goiaslibras.educacao.go.gov.br/api/media/ines/palavras/videos/listagemSm_Prog001.mp4,GoiásLibras · base nacional
LISTRA,https://goiaslibras.educacao.go.gov.br/api/media/ines/palavras/videos/listraSm_Prog001.mp4,GoiásLibras · base nacional
LITRO,https://goiaslibras.educacao.go.gov.br/api/media/ines/palavras/videos/litroSm_Prog001.mp4,GoiásLibras · base nacional
LIVRAR,https://goiaslibras.educacao.go.gov.br/api/media/ines/palavras/videos/livrarSm_Prog001.mp4,GoiásLibras · base nacional
LIVRE,https://goiaslibras.educacao.go.gov.br/api/media/ines/palavras/videos/livreSm_Prog001.mp4,GoiásLibras · base nacional
LIVRO,https://goiaslibras.educacao.go.gov.br/api/media/ines/palavras/videos/livroSm_Prog001.mp4,GoiásLibras · base nacional
LIXA,https://goiaslibras.educacao.go.gov.br/api/media/ines/palavras/videos/lixaSm_Prog001.mp4,GoiásLibras · base nacional
LIXAR,https://goiaslibras.educacao.go.gov.br/api/media/ines/palavras/videos/lixarSm_Prog001.mp4,GoiásLibras · base nacional
LIXEIRA,https://goiaslibras.educacao.go.gov.br/api/media/ines/palavras/videos/lixeiraSm_Prog001.mp4,GoiásLibras · base nacional
LIXO,https://goiaslibras.educacao.go.gov.br/api/media/ines/palavras/videos/lixo2Sm_Prog001.mp4,GoiásLibras · base nacional
LIÇÃO,https://goiaslibras.educacao.go.gov.br/api/media/ines/palavras/videos/licaoSm_Prog001.mp4,GoiásLibras · base nacional
LOBISOMEM,https://goiaslibras.educacao.go.gov.br/api/media/ines/palavras/videos/lobisomemSm_Prog001.mp4,GoiásLibras · base nacional
LOBO,https://goiaslibras.educacao.go.gov.br/api/media/ines/palavras/videos/loboSm_Prog001.mp4,GoiásLibras · base nacional
LOCAL,https://goiaslibras.educacao.go.gov.br/api/media/ines/palavras/videos/localSm_Prog001.mp4,GoiásLibras · base nacional
LOCALIZAR,https://goiaslibras.educacao.go.gov.br/api/media/ines/palavras/videos/localizarSm_Prog001.mp4,GoiásLibras · base nacional
LOCOMOTIVA,https://goiaslibras.educacao.go.gov.br/api/media/ines/palavras/videos/locomotivaSm_Prog001.mp4,GoiásLibras · base nacional
LOCOMOVER,https://dicionario.ines.gov.br/public/media/palavras/videos/locomoverSm_Prog001.mp4,GoiásLibras · base nacional
LOGO1,https://goiaslibras.educacao.go.gov.br/api/media/ines/palavras/videos/logo1Sm_Prog001.mp4,GoiásLibras · base nacional
LOGO2,https://goiaslibras.educacao.go.gov.br/api/media/ines/palavras/videos/logo2Sm_Prog001.mp4,GoiásLibras · base nacional
LOJA,https://goiaslibras.educacao.go.gov.br/api/media/ines/palavras/videos/loja1Sm_Prog001.mp4,GoiásLibras · base nacional
LOMBADA,https://goiaslibras.educacao.go.gov.br/api/media/ines/palavras/videos/lombadaSm_Prog001.mp4,GoiásLibras · base nacional
LOMBRIGA,https://dicionario.ines.gov.br/public/media/palavras/videos/lombrigaSm_Prog001.mp4,GoiásLibras · base nacional
LONGE1,https://goiaslibras.educacao.go.gov.br/api/media/ines/palavras/videos/longeSm_Prog001.mp4,GoiásLibras · base nacional
LONGE2,https://goiaslibras.educacao.go.gov.br/api/media/ines/palavras/videos/longe2Sm_Prog001.mp4,GoiásLibras · base nacional
LONGE3,https://goiaslibras.educacao.go.gov.br/api/media/ines/palavras/videos/longe3Sm_Prog001.mp4,GoiásLibras · base nacional
LOSANGO,https://goiaslibras.educacao.go.gov.br/api/media/ines/palavras/videos/losangoSm_Prog001.mp4,GoiásLibras · base nacional
LOTADO,https://goiaslibras.educacao.go.gov.br/api/media/ines/palavras/videos/lotadoSm_Prog001.mp4,GoiásLibras · base nacional
LOTAR,https://goiaslibras.educacao.go.gov.br/api/media/ines/palavras/videos/lotarSm_Prog001.mp4,GoiásLibras · base nacional
LOTE,https://goiaslibras.educacao.go.gov.br/api/media/ines/palavras/videos/loteSm_Prog001.mp4,GoiásLibras · base nacional
LOTERIA,https://goiaslibras.educacao.go.gov.br/api/media/ines/palavras/videos/loteriaSm_Prog001.mp4,GoiásLibras · base nacional
LOUCO,https://goiaslibras.educacao.go.gov.br/api/media/ines/palavras/videos/loucoSm_Prog001.mp4,GoiásLibras · base nacional
LOURO,https://goiaslibras.educacao.go.gov.br/api/media/ines/palavras/videos/louroSm_Prog001.mp4,GoiásLibras · base nacional
LOUSA,https://goiaslibras.educacao.go.gov.br/api/media/ines/palavras/videos/lousaSm_Prog001.mp4,GoiásLibras · base nacional
LOUÇA,https://goiaslibras.educacao.go.gov.br/api/media/ines/palavras/videos/loucaSm_Prog001.mp4,GoiásLibras · base nacional
LUA,https://goiaslibras.educacao.go.gov.br/api/media/ines/palavras/videos/lua1Sm_Prog001.mp4,GoiásLibras · base nacional
LUA-DE-MEL,https://goiaslibras.educacao.go.gov.br/api/media/ines/palavras/videos/lua-de-melSm_Prog001.mp4,GoiásLibras · base nacional
LUBRIFICANTE,https://goiaslibras.educacao.go.gov.br/api/media/ines/palavras/videos/lubrificanteSm_Prog001.mp4,GoiásLibras · base nacional
LUBRIFICAR,https://goiaslibras.educacao.go.gov.br/api/media/ines/palavras/videos/lubrificarSm_Prog001.mp4,GoiásLibras · base nacional
LUCRAR,https://goiaslibras.educacao.go.gov.br/api/media/ines/palavras/videos/lucrarSm_Prog001.mp4,GoiásLibras · base nacional
LUCRO,https://goiaslibras.educacao.go.gov.br/api/media/ines/palavras/videos/lucroSm_Prog001.mp4,GoiásLibras · base nacional
LULA,https://goiaslibras.educacao.go.gov.br/api/media/ines/palavras/videos/lulaSm_Prog001.mp4,GoiásLibras · base nacional
LUMINOSO,https://goiaslibras.educacao.go.gov.br/api/media/ines/palavras/videos/luminosoSm_Prog001.mp4,GoiásLibras · base nacional
LUMINÁRIA,https://goiaslibras.educacao.go.gov.br/api/media/ines/palavras/videos/luminariaSm_Prog001.mp4,GoiásLibras · base nacional
LUNETA,https://goiaslibras.educacao.go.gov.br/api/media/ines/palavras/videos/lunetaSm_Prog001.mp4,GoiásLibras · base nacional
LUPA,https://goiaslibras.educacao.go.gov.br/api/media/ines/palavras/videos/lupaSm_Prog001.mp4,GoiásLibras · base nacional
LUSTRAR,https://goiaslibras.educacao.go.gov.br/api/media/ines/palavras/videos/lustrarSm_Prog001.mp4,GoiásLibras · base nacional
LUSTRE,https://goiaslibras.educacao.go.gov.br/api/media/ines/palavras/videos/lustreSm_Prog001.mp4,GoiásLibras · base nacional
LUTAR1,https://goiaslibras.educacao.go.gov.br/api/media/ines/palavras/videos/lutar1Sm_Prog001.mp4,GoiásLibras · base nacional
LUTAR2,https://goiaslibras.educacao.go.gov.br/api/media/ines/palavras/videos/lutar2Sm_Prog001.mp4,GoiásLibras · base nacional
LUTERANO,https://goiaslibras.educacao.go.gov.br/api/media/ines/palavras/videos/luteranoSm_Prog001.mp4,GoiásLibras · base nacional
LUVA,https://goiaslibras.educacao.go.gov.br/api/media/ines/palavras/videos/luvaSm_Prog001.mp4,GoiásLibras · base nacional
LUXAR,https://goiaslibras.educacao.go.gov.br/api/media/ines/palavras/videos/luxarSm_Prog001.mp4,GoiásLibras · base nacional
LUXO,https://goiaslibras.educacao.go.gov.br/api/media/ines/palavras/videos/luxoSm_Prog001.mp4,GoiásLibras · base nacional
LUZ,https://goiaslibras.educacao.go.gov.br/api/media/ines/palavras/videos/luzSm_Prog001.mp4,GoiásLibras · base nacional
LÁBIO,https://goiaslibras.educacao.go.gov.br/api/media/ines/palavras/videos/labioSm_Prog001.mp4,GoiásLibras · base nacional
LÁGRIMA,https://goiaslibras.educacao.go.gov.br/api/media/ines/palavras/videos/lagrimaSm_Prog001.mp4,GoiásLibras · base nacional
LÁPIDE,https://goiaslibras.educacao.go.gov.br/api/media/ines/palavras/videos/lapideSm_Prog001.mp4,GoiásLibras · base nacional
LÁPIS,https://goiaslibras.educacao.go.gov.br/api/media/ines/palavras/videos/lapisSm_Prog001.mp4,GoiásLibras · base nacional
LÁPIS-DE-COR,https://dicionario.ines.gov.br/public/media/palavras/videos/lapis de corSm_Prog001.mp4,GoiásLibras · base nacional
LÂMINA,https://goiaslibras.educacao.go.gov.br/api/media/ines/palavras/videos/laminaSm_Prog001.mp4,GoiásLibras · base nacional
LÂMPADA,https://goiaslibras.educacao.go.gov.br/api/media/ines/palavras/videos/lampadaSm_Prog001.mp4,GoiásLibras · base nacional
LÃ,https://goiaslibras.educacao.go.gov.br/api/media/ines/palavras/videos/laSm_Prog001.mp4,GoiásLibras · base nacional
LÉSBICA,https://goiaslibras.educacao.go.gov.br/api/media/ines/palavras/videos/lesbicaSm_Prog001.mp4,GoiásLibras · base nacional
LÍDER1,https://goiaslibras.educacao.go.gov.br/api/media/ines/palavras/videos/liderSm_Prog001.mp4,GoiásLibras · base nacional
LÍDER2,https://goiaslibras.educacao.go.gov.br/api/media/ines/palavras/videos/lider2Sm_Prog001.mp4,GoiásLibras · base nacional
LÍNGUA,https://goiaslibras.educacao.go.gov.br/api/media/video/2026-08-nas/lingua.mp4,GoiásLibras · base nacional
LÍNGUA DE SINAIS,https://goiaslibras.educacao.go.gov.br/api/media/ines/palavras/videos/lingua-de-sinaisSm_Prog001.mp4,GoiásLibras · base nacional
LÍNGUA ESTRANGEIRA,https://goiaslibras.educacao.go.gov.br/api/media/ines/palavras/videos/lingua_estrangeiraSm_Prog001.mp4,GoiásLibras · base nacional
LÍVIDO,https://goiaslibras.educacao.go.gov.br/api/media/ines/palavras/videos/lividoSm_Prog001.mp4,GoiásLibras · base nacional
M,https://goiaslibras.educacao.go.gov.br/api/media/ines/palavras/videos/mSm_Prog001.mp4,GoiásLibras · base nacional
MACA,https://dicionario.ines.gov.br/public/media/palavras/videos/maca_Sm_Prog001.mp4,GoiásLibras · base nacional
MACACO,https://goiaslibras.educacao.go.gov.br/api/media/ines/palavras/videos/macacoSm_Prog001.mp4,GoiásLibras · base nacional
MACACO MECÂNICO,https://goiaslibras.educacao.go.gov.br/api/media/ines/palavras/videos/macaco_mecanicoSm_Prog001.mp4,GoiásLibras · base nacional
MACACÃO,https://goiaslibras.educacao.go.gov.br/api/media/ines/palavras/videos/macacaoSm_Prog001.mp4,GoiásLibras · base nacional
MACARRÃO,https://goiaslibras.educacao.go.gov.br/api/media/ines/palavras/videos/macarraoSm_Prog001.mp4,GoiásLibras · base nacional
MACEIÓ,https://goiaslibras.educacao.go.gov.br/api/media/ines/palavras/videos/maceioSm_Prog001.mp4,GoiásLibras · base nacional
MACHADO,https://goiaslibras.educacao.go.gov.br/api/media/ines/palavras/videos/machadoSm_Prog001.mp4,GoiásLibras · base nacional
MACHISTA,https://goiaslibras.educacao.go.gov.br/api/media/ines/palavras/videos/machistaSm_Prog001.mp4,GoiásLibras · base nacional
MACHO,https://goiaslibras.educacao.go.gov.br/api/media/ines/palavras/videos/machoSm_Prog001.mp4,GoiásLibras · base nacional
MACHUCAR1,https://goiaslibras.educacao.go.gov.br/api/media/ines/palavras/videos/machucar1Sm_Prog001.mp4,GoiásLibras · base nacional
MACHUCAR2,https://goiaslibras.educacao.go.gov.br/api/media/ines/palavras/videos/machucar2Sm_Prog001.mp4,GoiásLibras · base nacional
MACHÃO,https://goiaslibras.educacao.go.gov.br/api/media/ines/palavras/videos/machaoSm_Prog001.mp4,GoiásLibras · base nacional
MACIO,https://goiaslibras.educacao.go.gov.br/api/media/ines/palavras/videos/macioSm_Prog001.mp4,GoiásLibras · base nacional
MACONHA1,https://goiaslibras.educacao.go.gov.br/api/media/ines/palavras/videos/maconha1Sm_Prog001.mp4,GoiásLibras · base nacional
MACONHA2,https://goiaslibras.educacao.go.gov.br/api/media/ines/palavras/videos/maconha2Sm_Prog001.mp4,GoiásLibras · base nacional
MACUMBA,https://goiaslibras.educacao.go.gov.br/api/media/ines/palavras/videos/macumbaSm_Prog001.mp4,GoiásLibras · base nacional
MADEIRA,https://goiaslibras.educacao.go.gov.br/api/media/ines/palavras/videos/madeiraSm_Prog001.mp4,GoiásLibras · base nacional
MADRASTA,https://goiaslibras.educacao.go.gov.br/api/media/ines/palavras/videos/madrastaSm_Prog001.mp4,GoiásLibras · base nacional
MADRE,https://goiaslibras.educacao.go.gov.br/api/media/ines/palavras/videos/madreSm_Prog001.mp4,GoiásLibras · base nacional
MADRINHA,https://goiaslibras.educacao.go.gov.br/api/media/ines/palavras/videos/madrinhaSm_Prog001.mp4,GoiásLibras · base nacional
MADRUGADA,https://goiaslibras.educacao.go.gov.br/api/media/ines/palavras/videos/madrugadaSm_Prog001.mp4,GoiásLibras · base nacional
MADURO,https://goiaslibras.educacao.go.gov.br/api/media/ines/palavras/videos/maduroSm_Prog001.mp4,GoiásLibras · base nacional
MAESTRO,https://goiaslibras.educacao.go.gov.br/api/media/ines/palavras/videos/maestroSm_Prog001.mp4,GoiásLibras · base nacional
MAGISTÉRIO,https://goiaslibras.educacao.go.gov.br/api/media/ines/palavras/videos/magisterioSm_Prog001.mp4,GoiásLibras · base nacional
MAGNÍFICO,https://goiaslibras.educacao.go.gov.br/api/media/ines/palavras/videos/magnificoSm_Prog001.mp4,GoiásLibras · base nacional
MAGOAR,https://goiaslibras.educacao.go.gov.br/api/media/ines/palavras/videos/magoarSm_Prog001.mp4,GoiásLibras · base nacional
MAGRO,https://goiaslibras.educacao.go.gov.br/api/media/ines/palavras/videos/magroSm_Prog001.mp4,GoiásLibras · base nacional
MAIO,https://goiaslibras.educacao.go.gov.br/api/media/ines/palavras/videos/maioSm_Prog001.mp4,GoiásLibras · base nacional
MAIONESE,https://goiaslibras.educacao.go.gov.br/api/media/ines/palavras/videos/maioneseSm_Prog001.mp4,GoiásLibras · base nacional
MAIOR1,https://goiaslibras.educacao.go.gov.br/api/media/ines/palavras/videos/maior1Sm_Prog001.mp4,GoiásLibras · base nacional
MAIOR2,https://goiaslibras.educacao.go.gov.br/api/media/ines/palavras/videos/maior2Sm_Prog001.mp4,GoiásLibras · base nacional
MAIORIA,https://goiaslibras.educacao.go.gov.br/api/media/ines/palavras/videos/maioriaSm_Prog001.mp4,GoiásLibras · base nacional
MAIS 1,https://goiaslibras.educacao.go.gov.br/api/media/ines/palavras/videos/mais1Sm_Prog001.mp4,GoiásLibras · base nacional
MAIS2,https://goiaslibras.educacao.go.gov.br/api/media/ines/palavras/videos/mais2Sm_Prog001.mp4,GoiásLibras · base nacional
MAIS3,https://goiaslibras.educacao.go.gov.br/api/media/ines/palavras/videos/mais3Sm_Prog001.mp4,GoiásLibras · base nacional
MAIS4,https://goiaslibras.educacao.go.gov.br/api/media/ines/palavras/videos/mais4Sm_Prog001.mp4,GoiásLibras · base nacional
MAIS5,https://goiaslibras.educacao.go.gov.br/api/media/ines/palavras/videos/mais5Sm_Prog001.mp4,GoiásLibras · base nacional
MAIS6,https://goiaslibras.educacao.go.gov.br/api/media/ines/palavras/videos/mais6Sm_Prog001.mp4,GoiásLibras · base nacional
MAIÔ,https://dicionario.ines.gov.br/public/media/palavras/videos/maiôSm_Prog001.mp4,GoiásLibras · base nacional
MAL1,https://goiaslibras.educacao.go.gov.br/api/media/ines/palavras/videos/malSm_Prog001.mp4,GoiásLibras · base nacional
MAL2,https://goiaslibras.educacao.go.gov.br/api/media/ines/palavras/videos/mal2Sm_Prog001.mp4,GoiásLibras · base nacional
MALA,https://goiaslibras.educacao.go.gov.br/api/media/ines/palavras/videos/malaSm_Prog001.mp4,GoiásLibras · base nacional
MALANDRO,https://goiaslibras.educacao.go.gov.br/api/media/ines/palavras/videos/malandroSm_Prog001.mp4,GoiásLibras · base nacional
MALCRIADO,https://goiaslibras.educacao.go.gov.br/api/media/ines/palavras/videos/malcriadoSm_Prog001.mp4,GoiásLibras · base nacional
MALDADE,https://goiaslibras.educacao.go.gov.br/api/media/ines/palavras/videos/maldadeSm_Prog001.mp4,GoiásLibras · base nacional
MALFEITOR,https://goiaslibras.educacao.go.gov.br/api/media/ines/palavras/videos/malfeitorSm_Prog001.mp4,GoiásLibras · base nacional
MALTRATAR,https://goiaslibras.educacao.go.gov.br/api/media/ines/palavras/videos/maltratarSm_Prog001.mp4,GoiásLibras · base nacional
MALUCO,https://goiaslibras.educacao.go.gov.br/api/media/ines/palavras/videos/malucoSm_Prog001.mp4,GoiásLibras · base nacional
MALVADO,https://goiaslibras.educacao.go.gov.br/api/media/ines/palavras/videos/malvadoSm_Prog001.mp4,GoiásLibras · base nacional
MALÁSIA,https://goiaslibras.educacao.go.gov.br/api/media/ines/palavras/videos/malasiaSm_Prog001.mp4,GoiásLibras · base nacional
MAMA,https://goiaslibras.educacao.go.gov.br/api/media/ines/palavras/videos/mamaSm_Prog001.mp4,GoiásLibras · base nacional
MAMADEIRA,https://goiaslibras.educacao.go.gov.br/api/media/ines/palavras/videos/mamadeiraSm_Prog001.mp4,GoiásLibras · base nacional
MAMAR,https://goiaslibras.educacao.go.gov.br/api/media/ines/palavras/videos/mamarSm_Prog001.mp4,GoiásLibras · base nacional
MAMÃE1,https://goiaslibras.educacao.go.gov.br/api/media/ines/palavras/videos/mamae1Sm_Prog001.mp4,GoiásLibras · base nacional
MAMÃE2,https://goiaslibras.educacao.go.gov.br/api/media/ines/palavras/videos/mamae2Sm_Prog001.mp4,GoiásLibras · base nacional
MAMÃO,https://goiaslibras.educacao.go.gov.br/api/media/ines/palavras/videos/mamao1Sm_Prog001.mp4,GoiásLibras · base nacional
MAMÍFERO,https://goiaslibras.educacao.go.gov.br/api/media/ines/palavras/videos/mamiferoSm_Prog001.mp4,GoiásLibras · base nacional
MANAUS,https://goiaslibras.educacao.go.gov.br/api/media/ines/palavras/videos/manausSm_Prog001.mp4,GoiásLibras · base nacional
MANCAR,https://goiaslibras.educacao.go.gov.br/api/media/ines/palavras/videos/mancarSm_Prog001.mp4,GoiásLibras · base nacional
MANCHA,https://goiaslibras.educacao.go.gov.br/api/media/ines/palavras/videos/manchaSm_Prog001.mp4,GoiásLibras · base nacional
MANDAMENTOS,https://goiaslibras.educacao.go.gov.br/api/media/ines/palavras/videos/mandamentosSm_Prog001.mp4,GoiásLibras · base nacional
MANDAR,https://goiaslibras.educacao.go.gov.br/api/media/ines/palavras/videos/mandarSm_Prog001.mp4,GoiásLibras · base nacional
MANDIOCA,https://goiaslibras.educacao.go.gov.br/api/media/ines/palavras/videos/mandiocaSm_Prog001.mp4,GoiásLibras · base nacional
MANGA1,https://goiaslibras.educacao.go.gov.br/api/media/ines/palavras/videos/manga1Sm_Prog001.mp4,GoiásLibras · base nacional
MANGA2,https://goiaslibras.educacao.go.gov.br/api/media/ines/palavras/videos/manga2Sm_Prog001.mp4,GoiásLibras · base nacional
MANGUEIRA,https://goiaslibras.educacao.go.gov.br/api/media/ines/palavras/videos/mangueiraSm_Prog001.mp4,GoiásLibras · base nacional
MANHÃ,https://goiaslibras.educacao.go.gov.br/api/media/ines/palavras/videos/manhaSm_Prog001.mp4,GoiásLibras · base nacional
MANIA,https://goiaslibras.educacao.go.gov.br/api/media/ines/palavras/videos/maniaSm_Prog001.mp4,GoiásLibras · base nacional
MANICURE,https://goiaslibras.educacao.go.gov.br/api/media/ines/palavras/videos/manicureSm_Prog001.mp4,GoiásLibras · base nacional
MANIFESTAR1,https://goiaslibras.educacao.go.gov.br/api/media/ines/palavras/videos/manifestar1Sm_Prog001.mp4,GoiásLibras · base nacional
MANIFESTAR2,https://goiaslibras.educacao.go.gov.br/api/media/ines/palavras/videos/manifestar2Sm_Prog001.mp4,GoiásLibras · base nacional
MANIFESTAÇÃO1,https://goiaslibras.educacao.go.gov.br/api/media/ines/palavras/videos/manifestacao1Sm_Prog001.mp4,GoiásLibras · base nacional
MANIFESTAÇÃO2,https://goiaslibras.educacao.go.gov.br/api/media/ines/palavras/videos/manifestacao2Sm_Prog001.mp4,GoiásLibras · base nacional
MANO,https://goiaslibras.educacao.go.gov.br/api/media/ines/palavras/videos/manoSm_Prog001.mp4,GoiásLibras · base nacional
MANOBRA,https://goiaslibras.educacao.go.gov.br/api/media/ines/palavras/videos/manobraSm_Prog001.mp4,GoiásLibras · base nacional
MANOBRAR,https://goiaslibras.educacao.go.gov.br/api/media/ines/palavras/videos/manobrarSm_Prog001.mp4,GoiásLibras · base nacional
MANSO,https://goiaslibras.educacao.go.gov.br/api/media/ines/palavras/videos/mansoSm_Prog001.mp4,GoiásLibras · base nacional
MANTEIGA,https://goiaslibras.educacao.go.gov.br/api/media/ines/palavras/videos/manteigaSm_Prog001.mp4,GoiásLibras · base nacional
MANTER,https://goiaslibras.educacao.go.gov.br/api/media/ines/palavras/videos/manterSm_Prog001.mp4,GoiásLibras · base nacional
MANUTENÇÃO,https://goiaslibras.educacao.go.gov.br/api/media/ines/palavras/videos/manutencaoSm_Prog001.mp4,GoiásLibras · base nacional
MANÍACO,https://goiaslibras.educacao.go.gov.br/api/media/ines/palavras/videos/maniacoSm_Prog001.mp4,GoiásLibras · base nacional
MAPA,https://goiaslibras.educacao.go.gov.br/api/media/ines/palavras/videos/mapaSm_Prog001.mp4,GoiásLibras · base nacional
MAQUIAGEM,https://goiaslibras.educacao.go.gov.br/api/media/ines/palavras/videos/maquiagemSm_Prog001.mp4,GoiásLibras · base nacional
MAR,https://goiaslibras.educacao.go.gov.br/api/media/ines/palavras/videos/marSm_Prog001.mp4,GoiásLibras · base nacional
MARACUJÁ,https://goiaslibras.educacao.go.gov.br/api/media/ines/palavras/videos/maracujaSm_Prog001.mp4,GoiásLibras · base nacional
MARAJÁ,https://goiaslibras.educacao.go.gov.br/api/media/ines/palavras/videos/marajaSm_Prog001.mp4,GoiásLibras · base nacional
MARANHÃO,https://goiaslibras.educacao.go.gov.br/api/media/ines/palavras/videos/maranhaoSm_Prog001.mp4,GoiásLibras · base nacional
MARAVILHOSO,https://goiaslibras.educacao.go.gov.br/api/media/ines/palavras/videos/maravilhosoSm_Prog001.mp4,GoiásLibras · base nacional
MARCA,https://goiaslibras.educacao.go.gov.br/api/media/ines/palavras/videos/marcaSm_Prog001.mp4,GoiásLibras · base nacional
MARCAR1,https://goiaslibras.educacao.go.gov.br/api/media/ines/palavras/videos/marcar1Sm_Prog001.mp4,GoiásLibras · base nacional
MARCAR2,https://goiaslibras.educacao.go.gov.br/api/media/ines/palavras/videos/marcar2Sm_Prog001.mp4,GoiásLibras · base nacional
MARCENEIRO,https://goiaslibras.educacao.go.gov.br/api/media/ines/palavras/videos/marceneiroSm_Prog001.mp4,GoiásLibras · base nacional
MARCHAR,https://goiaslibras.educacao.go.gov.br/api/media/ines/palavras/videos/marcharSm_Prog001.mp4,GoiásLibras · base nacional
MAREMOTO,https://goiaslibras.educacao.go.gov.br/api/media/ines/palavras/videos/maremotoSm_Prog001.mp4,GoiásLibras · base nacional
MARGARINA,https://goiaslibras.educacao.go.gov.br/api/media/ines/palavras/videos/margarinaSm_Prog001.mp4,GoiásLibras · base nacional
MARIA-FUMAÇA,https://goiaslibras.educacao.go.gov.br/api/media/ines/palavras/videos/maria_fumacaSm_Prog001.mp4,GoiásLibras · base nacional
MARIDO1,https://goiaslibras.educacao.go.gov.br/api/media/ines/palavras/videos/marido1Sm_Prog001.mp4,GoiásLibras · base nacional
MARIDO2,https://goiaslibras.educacao.go.gov.br/api/media/ines/palavras/videos/marido2Sm_Prog001.mp4,GoiásLibras · base nacional
MARINHA,https://goiaslibras.educacao.go.gov.br/api/media/ines/palavras/videos/marinhaSm_Prog001.mp4,GoiásLibras · base nacional
MARIONETE,https://goiaslibras.educacao.go.gov.br/api/media/ines/palavras/videos/marioneteSm_Prog001.mp4,GoiásLibras · base nacional
MARMITA,https://goiaslibras.educacao.go.gov.br/api/media/ines/palavras/videos/marmitaSm_Prog001.mp4,GoiásLibras · base nacional
MARROM,https://goiaslibras.educacao.go.gov.br/api/media/ines/palavras/videos/marromSm_Prog001.mp4,GoiásLibras · base nacional
MARTELAR,https://goiaslibras.educacao.go.gov.br/api/media/ines/palavras/videos/martelarSm_Prog001.mp4,GoiásLibras · base nacional
MARTELO,https://goiaslibras.educacao.go.gov.br/api/media/ines/palavras/videos/marteloSm_Prog001.mp4,GoiásLibras · base nacional
MARÇO,https://goiaslibras.educacao.go.gov.br/api/media/ines/palavras/videos/marcoSm_Prog001.mp4,GoiásLibras · base nacional
MAS1,https://goiaslibras.educacao.go.gov.br/api/media/ines/palavras/videos/mas1Sm_Prog001.mp4,GoiásLibras · base nacional
MAS2,https://goiaslibras.educacao.go.gov.br/api/media/ines/palavras/videos/mas2Sm_Prog001.mp4,GoiásLibras · base nacional
MASCULINO,https://goiaslibras.educacao.go.gov.br/api/media/ines/palavras/videos/masculinoSm_Prog001.mp4,GoiásLibras · base nacional
MASSA,https://goiaslibras.educacao.go.gov.br/api/media/ines/palavras/videos/massaSm_Prog001.mp4,GoiásLibras · base nacional
MASSAGEAR,https://goiaslibras.educacao.go.gov.br/api/media/ines/palavras/videos/massagearSm_Prog001.mp4,GoiásLibras · base nacional
MASSAGEM,https://goiaslibras.educacao.go.gov.br/api/media/ines/palavras/videos/massagemSm_Prog001.mp4,GoiásLibras · base nacional
MASTIGAR,https://goiaslibras.educacao.go.gov.br/api/media/ines/palavras/videos/mastigarSm_Prog001.mp4,GoiásLibras · base nacional
MASTURBAR1,https://goiaslibras.educacao.go.gov.br/api/media/ines/palavras/videos/masturbar1Sm_Prog001.mp4,GoiásLibras · base nacional
MASTURBAR2,https://goiaslibras.educacao.go.gov.br/api/media/ines/palavras/videos/masturbar2Sm_Prog001.mp4,GoiásLibras · base nacional
MASTURBAÇÃO1,https://goiaslibras.educacao.go.gov.br/api/media/ines/palavras/videos/masturbacao1Sm_Prog001.mp4,GoiásLibras · base nacional
MASTURBAÇÃO2,https://goiaslibras.educacao.go.gov.br/api/media/ines/palavras/videos/masturbacao2Sm_Prog001.mp4,GoiásLibras · base nacional
MATA,https://goiaslibras.educacao.go.gov.br/api/media/ines/palavras/videos/mataSm_Prog001.mp4,GoiásLibras · base nacional
MATAR1,https://goiaslibras.educacao.go.gov.br/api/media/ines/palavras/videos/matar1Sm_Prog001.mp4,GoiásLibras · base nacional
MATAR2,https://goiaslibras.educacao.go.gov.br/api/media/ines/palavras/videos/matar2Sm_Prog001.mp4,GoiásLibras · base nacional
MATE,https://goiaslibras.educacao.go.gov.br/api/media/ines/palavras/videos/mateSm_Prog001.mp4,GoiásLibras · base nacional
MATEMÁTICA,https://goiaslibras.educacao.go.gov.br/api/media/ines/palavras/videos/matematicaSm_Prog001.mp4,GoiásLibras · base nacional
MATERIAL1,https://dicionario.ines.gov.br/public/media/palavras/videos/material1Sm_Prog001.mp4,GoiásLibras · base nacional
MATERIAL2,https://goiaslibras.educacao.go.gov.br/api/media/ines/palavras/videos/materialSm_Prog001.mp4,GoiásLibras · base nacional
MATO,https://goiaslibras.educacao.go.gov.br/api/media/ines/palavras/videos/matoSm_Prog001.mp4,GoiásLibras · base nacional
MATO GROSSO,https://goiaslibras.educacao.go.gov.br/api/media/ines/palavras/videos/mato grossoSm_Prog001.mp4,GoiásLibras · base nacional
MATO GROSSO DO SUL,https://goiaslibras.educacao.go.gov.br/api/media/ines/palavras/videos/mato-grosso-do-sulSm_Prog001.mp4,GoiásLibras · base nacional
MATRICULAR,https://goiaslibras.educacao.go.gov.br/api/media/ines/palavras/videos/matricularSm_Prog001.mp4,GoiásLibras · base nacional
MATRIZ1,https://dicionario.ines.gov.br/public/media/palavras/videos/matrizSm_Prog001.mp4,GoiásLibras · base nacional
MATRIZ2,https://goiaslibras.educacao.go.gov.br/api/media/ines/palavras/videos/matriz2Sm_Prog001.mp4,GoiásLibras · base nacional
MATRÍCULA,https://goiaslibras.educacao.go.gov.br/api/media/ines/palavras/videos/matriculaSm_Prog001.mp4,GoiásLibras · base nacional
MAU1,https://goiaslibras.educacao.go.gov.br/api/media/ines/palavras/videos/mau1Sm_Prog001.mp4,GoiásLibras · base nacional
MAU2,https://goiaslibras.educacao.go.gov.br/api/media/ines/palavras/videos/mau2Sm_Prog001.mp4,GoiásLibras · base nacional
MAÇÃ,https://dicionario.ines.gov.br/public/media/palavras/videos/macaSm_Prog001.mp4,GoiásLibras · base nacional
MECÂNICO,https://dicionario.ines.gov.br/public/media/palavras/videos/mecânicoSm_Prog001.mp4,GoiásLibras · base nacional
MEDALHA,https://goiaslibras.educacao.go.gov.br/api/media/ines/palavras/videos/medalhaSm_Prog001.mp4,GoiásLibras · base nacional
MEDICINA,https://goiaslibras.educacao.go.gov.br/api/media/ines/palavras/videos/medicinaSm_Prog001.mp4,GoiásLibras · base nacional
MEDIR,https://goiaslibras.educacao.go.gov.br/api/media/ines/palavras/videos/medirSm_Prog001.mp4,GoiásLibras · base nacional
MEDITAR,https://dicionario.ines.gov.br/public/media/palavras/videos/meditarSm_Prog001.mp4,GoiásLibras · base nacional
MEDITAÇÃO,https://goiaslibras.educacao.go.gov.br/api/media/ines/palavras/videos/meditacaoSm_Prog001.mp4,GoiásLibras · base nacional
MEDO,https://goiaslibras.educacao.go.gov.br/api/media/ines/palavras/videos/medoSm_Prog001.mp4,GoiásLibras · base nacional
MEDONHO,https://dicionario.ines.gov.br/public/media/palavras/videos/medonhoSm_Prog001.mp4,GoiásLibras · base nacional
MEGAFONE,https://goiaslibras.educacao.go.gov.br/api/media/ines/palavras/videos/megafoneSm_Prog001.mp4,GoiásLibras · base nacional
MEIA,https://goiaslibras.educacao.go.gov.br/api/media/ines/palavras/videos/meiaSm_Prog001.mp4,GoiásLibras · base nacional
MEIA-CALÇA,https://goiaslibras.educacao.go.gov.br/api/media/ines/palavras/videos/meia_calcaSm_Prog001.mp4,GoiásLibras · base nacional
MEIA-HORA,https://dicionario.ines.gov.br/public/media/palavras/videos/meia-horaSm_Prog001.mp4,GoiásLibras · base nacional
MEIA-NOITE,https://goiaslibras.educacao.go.gov.br/api/media/ines/palavras/videos/meia_noiteSm_Prog001.mp4,GoiásLibras · base nacional
MEIO-DIA,https://dicionario.ines.gov.br/public/media/palavras/videos/meio_diaSm_Prog001.mp4,GoiásLibras · base nacional
MEIO1,https://goiaslibras.educacao.go.gov.br/api/media/ines/palavras/videos/meio1Sm_Prog001.mp4,GoiásLibras · base nacional
MEIO2,https://goiaslibras.educacao.go.gov.br/api/media/ines/palavras/videos/meio2Sm_Prog001.mp4,GoiásLibras · base nacional
MEL,https://goiaslibras.educacao.go.gov.br/api/media/ines/palavras/videos/melSm_Prog001.mp4,GoiásLibras · base nacional
MELANCIA,https://goiaslibras.educacao.go.gov.br/api/media/ines/palavras/videos/melanciaSm_Prog001.mp4,GoiásLibras · base nacional
MELHOR,https://goiaslibras.educacao.go.gov.br/api/media/ines/palavras/videos/melhorSm_Prog001.mp4,GoiásLibras · base nacional
MELÃO,https://dicionario.ines.gov.br/public/media/palavras/videos/melao1Sm_Prog001.mp4,GoiásLibras · base nacional
MEMBRO,https://goiaslibras.educacao.go.gov.br/api/media/ines/palavras/videos/membroSm_Prog001.mp4,GoiásLibras · base nacional
MEMORIZAR,https://goiaslibras.educacao.go.gov.br/api/media/ines/palavras/videos/memorizarSm_Prog001.mp4,GoiásLibras · base nacional
MEMÓRIA,https://goiaslibras.educacao.go.gov.br/api/media/ines/palavras/videos/memoriaSm_Prog001.mp4,GoiásLibras · base nacional
MENDIGAR,https://goiaslibras.educacao.go.gov.br/api/media/ines/palavras/videos/mendigarSm_Prog001.mp4,GoiásLibras · base nacional
MENDIGO,https://goiaslibras.educacao.go.gov.br/api/media/ines/palavras/videos/mendigoSm_Prog001.mp4,GoiásLibras · base nacional
MENINA1,https://goiaslibras.educacao.go.gov.br/api/media/ines/palavras/videos/menina1Sm_Prog001.mp4,GoiásLibras · base nacional
MENINA2,https://goiaslibras.educacao.go.gov.br/api/media/ines/palavras/videos/menina2Sm_Prog001.mp4,GoiásLibras · base nacional
MENINO1,https://goiaslibras.educacao.go.gov.br/api/media/ines/palavras/videos/menino1Sm_Prog001.mp4,GoiásLibras · base nacional
MENINO2,https://goiaslibras.educacao.go.gov.br/api/media/ines/palavras/videos/menino2Sm_Prog001.mp4,GoiásLibras · base nacional
MENOR1,https://goiaslibras.educacao.go.gov.br/api/media/ines/palavras/videos/menorSm_Prog001.mp4,GoiásLibras · base nacional
MENOR2,https://goiaslibras.educacao.go.gov.br/api/media/ines/palavras/videos/menor2Sm_Prog001.mp4,GoiásLibras · base nacional
MENOS1,https://goiaslibras.educacao.go.gov.br/api/media/ines/palavras/videos/menos1Sm_Prog001.mp4,GoiásLibras · base nacional
MENOS2,https://goiaslibras.educacao.go.gov.br/api/media/ines/palavras/videos/menos2Sm_Prog001.mp4,GoiásLibras · base nacional
MENOS3,https://goiaslibras.educacao.go.gov.br/api/media/ines/palavras/videos/menos3Sm_Prog001.mp4,GoiásLibras · base nacional
MENOSPREZAR,https://goiaslibras.educacao.go.gov.br/api/media/ines/palavras/videos/menosprezarSm_Prog001.mp4,GoiásLibras · base nacional
MENSAL,https://goiaslibras.educacao.go.gov.br/api/media/ines/palavras/videos/mensalSm_Prog001.mp4,GoiásLibras · base nacional
MENSTRUAR,https://goiaslibras.educacao.go.gov.br/api/media/ines/palavras/videos/menstruarSm_Prog001.mp4,GoiásLibras · base nacional
MENSTRUAÇÃO,https://goiaslibras.educacao.go.gov.br/api/media/ines/palavras/videos/menstruacaoSm_Prog001.mp4,GoiásLibras · base nacional
MENTE,https://goiaslibras.educacao.go.gov.br/api/media/ines/palavras/videos/menteSm_Prog001.mp4,GoiásLibras · base nacional
MENTIR,https://goiaslibras.educacao.go.gov.br/api/media/ines/palavras/videos/mentirSm_Prog001.mp4,GoiásLibras · base nacional
MERCADO,https://goiaslibras.educacao.go.gov.br/api/media/ines/palavras/videos/mercadoSm_Prog001.mp4,GoiásLibras · base nacional
MERDA,https://goiaslibras.educacao.go.gov.br/api/media/ines/palavras/videos/merdaSm_Prog001.mp4,GoiásLibras · base nacional
MERETRIZ1,https://goiaslibras.educacao.go.gov.br/api/media/ines/palavras/videos/meretriz1Sm_Prog001.mp4,GoiásLibras · base nacional
MERETRIZ2,https://goiaslibras.educacao.go.gov.br/api/media/ines/palavras/videos/meretriz2Sm_Prog001.mp4,GoiásLibras · base nacional
MERGULHAR,https://goiaslibras.educacao.go.gov.br/api/media/ines/palavras/videos/mergulharSm_Prog001.mp4,GoiásLibras · base nacional
MESA1,https://goiaslibras.educacao.go.gov.br/api/media/ines/palavras/videos/mesaSm_Prog001.mp4,GoiásLibras · base nacional
MESA2,https://goiaslibras.educacao.go.gov.br/api/media/ines/palavras/videos/mesa2Sm_Prog001.mp4,GoiásLibras · base nacional
MESMO,https://goiaslibras.educacao.go.gov.br/api/media/ines/palavras/videos/mesmoSm_Prog001.mp4,GoiásLibras · base nacional
MESQUINHO,https://goiaslibras.educacao.go.gov.br/api/media/ines/palavras/videos/mesquinhoSm_Prog001.mp4,GoiásLibras · base nacional
MESTRADO,https://goiaslibras.educacao.go.gov.br/api/media/ines/palavras/videos/mestradoSm_Prog001.mp4,GoiásLibras · base nacional
MESTRE,https://goiaslibras.educacao.go.gov.br/api/media/ines/palavras/videos/mestreSm_Prog001.mp4,GoiásLibras · base nacional
METADE1,https://goiaslibras.educacao.go.gov.br/api/media/ines/palavras/videos/metade1Sm_Prog001.mp4,GoiásLibras · base nacional
METADE2,https://goiaslibras.educacao.go.gov.br/api/media/ines/palavras/videos/metade2Sm_Prog001.mp4,GoiásLibras · base nacional
METAIS,https://goiaslibras.educacao.go.gov.br/api/media/ines/palavras/videos/metaisSm_Prog001.mp4,GoiásLibras · base nacional
METER,https://goiaslibras.educacao.go.gov.br/api/media/ines/palavras/videos/meterSm_Prog001.mp4,GoiásLibras · base nacional
METIDO,https://goiaslibras.educacao.go.gov.br/api/media/ines/palavras/videos/metidoSm_Prog001.mp4,GoiásLibras · base nacional
METODOLOGIA,https://goiaslibras.educacao.go.gov.br/api/media/ines/palavras/videos/metodologiaSm_Prog001.mp4,GoiásLibras · base nacional
METRALHADORA,https://goiaslibras.educacao.go.gov.br/api/media/ines/palavras/videos/metralhadoraSm_Prog001.mp4,GoiásLibras · base nacional
METRO,https://goiaslibras.educacao.go.gov.br/api/media/ines/palavras/videos/metroSm_Prog001.mp4,GoiásLibras · base nacional
METRÔ1,https://goiaslibras.educacao.go.gov.br/api/media/ines/palavras/videos/metro1Sm_Prog001.mp4,GoiásLibras · base nacional
METRÔ2,https://goiaslibras.educacao.go.gov.br/api/media/ines/palavras/videos/metro2Sm_Prog001.mp4,GoiásLibras · base nacional
MEU1,https://goiaslibras.educacao.go.gov.br/api/media/ines/palavras/videos/meu1Sm_Prog001.mp4,GoiásLibras · base nacional
MEU2,https://goiaslibras.educacao.go.gov.br/api/media/ines/palavras/videos/meu2Sm_Prog001.mp4,GoiásLibras · base nacional
MEXER,https://goiaslibras.educacao.go.gov.br/api/media/ines/palavras/videos/mexerSm_Prog001.mp4,GoiásLibras · base nacional
MEXERICA,https://goiaslibras.educacao.go.gov.br/api/media/ines/palavras/videos/mexericaSm_Prog001.mp4,GoiásLibras · base nacional
MEXICANO,https://goiaslibras.educacao.go.gov.br/api/media/ines/palavras/videos/mexicanoSm_Prog001.mp4,GoiásLibras · base nacional
MEXILHÃO,https://goiaslibras.educacao.go.gov.br/api/media/ines/palavras/videos/mexilhaoSm_Prog001.mp4,GoiásLibras · base nacional
MICO,https://goiaslibras.educacao.go.gov.br/api/media/ines/palavras/videos/micoSm_Prog001.mp4,GoiásLibras · base nacional
MICROFONE,https://goiaslibras.educacao.go.gov.br/api/media/ines/palavras/videos/microfoneSm_Prog001.mp4,GoiásLibras · base nacional
MICROONDAS,https://goiaslibras.educacao.go.gov.br/api/media/ines/palavras/videos/microondasSm_Prog001.mp4,GoiásLibras · base nacional
MICROSCÓPIO,https://goiaslibras.educacao.go.gov.br/api/media/ines/palavras/videos/microscopioSm_Prog001.mp4,GoiásLibras · base nacional
MICROÔNIBUS,https://goiaslibras.educacao.go.gov.br/api/media/ines/palavras/videos/microoinbusSm_Prog001.mp4,GoiásLibras · base nacional
MIJAR,https://goiaslibras.educacao.go.gov.br/api/media/ines/palavras/videos/mijarSm_Prog001.mp4,GoiásLibras · base nacional
MIL,https://goiaslibras.educacao.go.gov.br/api/media/ines/palavras/videos/milSm_Prog001.mp4,GoiásLibras · base nacional
MILAGRE,https://goiaslibras.educacao.go.gov.br/api/media/ines/palavras/videos/milagreSm_Prog001.mp4,GoiásLibras · base nacional
MILHO,https://goiaslibras.educacao.go.gov.br/api/media/ines/palavras/videos/milhoSm_Prog001.mp4,GoiásLibras · base nacional
MILHÃO,https://goiaslibras.educacao.go.gov.br/api/media/ines/palavras/videos/milhaoSm_Prog001.mp4,GoiásLibras · base nacional
MILIONÁRIO,https://goiaslibras.educacao.go.gov.br/api/media/ines/palavras/videos/milionarioSm_Prog001.mp4,GoiásLibras · base nacional
MILITAR,https://goiaslibras.educacao.go.gov.br/api/media/ines/palavras/videos/militarSm_Prog001.mp4,GoiásLibras · base nacional
MIM,https://goiaslibras.educacao.go.gov.br/api/media/ines/palavras/videos/mimSm_Prog001.mp4,GoiásLibras · base nacional
MIMADO,https://goiaslibras.educacao.go.gov.br/api/media/ines/palavras/videos/mimadoSm_Prog001.mp4,GoiásLibras · base nacional
MINAS GERAIS,https://dicionario.ines.gov.br/public/media/palavras/videos/minas-geraisSm_Prog001.mp4,GoiásLibras · base nacional
MINGAU,https://goiaslibras.educacao.go.gov.br/api/media/ines/palavras/videos/mingauSm_Prog001.mp4,GoiásLibras · base nacional
MINHOCA,https://goiaslibras.educacao.go.gov.br/api/media/ines/palavras/videos/minhocaSm_Prog001.mp4,GoiásLibras · base nacional
MINI-SAIA,https://goiaslibras.educacao.go.gov.br/api/media/ines/palavras/videos/mini_saiaSm_Prog001.mp4,GoiásLibras · base nacional
MINISTRO,https://goiaslibras.educacao.go.gov.br/api/media/ines/palavras/videos/ministroSm_Prog001.mp4,GoiásLibras · base nacional
MINISTÉRIO,https://goiaslibras.educacao.go.gov.br/api/media/ines/palavras/videos/ministerioSm_Prog001.mp4,GoiásLibras · base nacional
MINUTO,https://goiaslibras.educacao.go.gov.br/api/media/ines/palavras/videos/minutoSm_Prog001.mp4,GoiásLibras · base nacional
MISERICÓDIA,https://goiaslibras.educacao.go.gov.br/api/media/ines/palavras/videos/misericordiaSm_Prog001.mp4,GoiásLibras · base nacional
MISSA,https://goiaslibras.educacao.go.gov.br/api/media/ines/palavras/videos/missaSm_Prog001.mp4,GoiásLibras · base nacional
MISSIONÁRIO,https://goiaslibras.educacao.go.gov.br/api/media/ines/palavras/videos/missionarioSm_Prog001.mp4,GoiásLibras · base nacional
MISTO-QUENTE,https://dicionario.ines.gov.br/public/media/palavras/videos/misto_quenteSm_Prog001.mp4,GoiásLibras · base nacional
MISTURA,https://goiaslibras.educacao.go.gov.br/api/media/ines/palavras/videos/misturaSm_Prog001.mp4,GoiásLibras · base nacional
MISTURAR1,https://goiaslibras.educacao.go.gov.br/api/media/ines/palavras/videos/misturar1Sm_Prog001.mp4,GoiásLibras · base nacional
MISTURAR2,https://goiaslibras.educacao.go.gov.br/api/media/ines/palavras/videos/misturar2Sm_Prog001.mp4,GoiásLibras · base nacional
MISTÉRIO,https://goiaslibras.educacao.go.gov.br/api/media/ines/palavras/videos/misterioSm_Prog001.mp4,GoiásLibras · base nacional
MISÉRIA,https://goiaslibras.educacao.go.gov.br/api/media/ines/palavras/videos/miseriaSm_Prog001.mp4,GoiásLibras · base nacional
MOBÍLIA,https://goiaslibras.educacao.go.gov.br/api/media/ines/palavras/videos/mobiliaSm_Prog001.mp4,GoiásLibras · base nacional
MOCHILA,https://goiaslibras.educacao.go.gov.br/api/media/ines/palavras/videos/mochilaSm_Prog001.mp4,GoiásLibras · base nacional
MODA1,https://goiaslibras.educacao.go.gov.br/api/media/ines/palavras/videos/modaSm_Prog001.mp4,GoiásLibras · base nacional
MODA2,https://goiaslibras.educacao.go.gov.br/api/media/ines/palavras/videos/moda2Sm_Prog001.mp4,GoiásLibras · base nacional
MODELAR,https://goiaslibras.educacao.go.gov.br/api/media/ines/palavras/videos/modelarSm_Prog001.mp4,GoiásLibras · base nacional
MODELO,https://goiaslibras.educacao.go.gov.br/api/media/ines/palavras/videos/modeloSm_Prog001.mp4,GoiásLibras · base nacional
MODERNO,https://goiaslibras.educacao.go.gov.br/api/media/ines/palavras/videos/modernoSm_Prog001.mp4,GoiásLibras · base nacional
MODESTO,https://goiaslibras.educacao.go.gov.br/api/media/ines/palavras/videos/modestoSm_Prog001.mp4,GoiásLibras · base nacional
MODIFICAR,https://goiaslibras.educacao.go.gov.br/api/media/ines/palavras/videos/modificarSm_Prog001.mp4,GoiásLibras · base nacional
MOEDA,https://goiaslibras.educacao.go.gov.br/api/media/ines/palavras/videos/moedaSm_Prog001.mp4,GoiásLibras · base nacional
MOER,https://goiaslibras.educacao.go.gov.br/api/media/ines/palavras/videos/moerSm_Prog001.mp4,GoiásLibras · base nacional
MOINHO,https://goiaslibras.educacao.go.gov.br/api/media/ines/palavras/videos/moinhoSm_Prog001.mp4,GoiásLibras · base nacional
MOISES,https://goiaslibras.educacao.go.gov.br/api/media/ines/palavras/videos/moisesSm_Prog001.mp4,GoiásLibras · base nacional
MOLA,https://goiaslibras.educacao.go.gov.br/api/media/ines/palavras/videos/molaSm_Prog001.mp4,GoiásLibras · base nacional
MOLE1,https://goiaslibras.educacao.go.gov.br/api/media/ines/palavras/videos/mole1Sm_Prog001.mp4,GoiásLibras · base nacional
MOLE2,https://goiaslibras.educacao.go.gov.br/api/media/ines/palavras/videos/mole2Sm_Prog001.mp4,GoiásLibras · base nacional
MOLE3,https://goiaslibras.educacao.go.gov.br/api/media/ines/palavras/videos/mole3Sm_Prog001.mp4,GoiásLibras · base nacional
MOLEQUE,https://goiaslibras.educacao.go.gov.br/api/media/ines/palavras/videos/molequeSm_Prog001.mp4,GoiásLibras · base nacional
MOLHADO,https://goiaslibras.educacao.go.gov.br/api/media/ines/palavras/videos/molhadoSm_Prog001.mp4,GoiásLibras · base nacional
MOLHAR,https://goiaslibras.educacao.go.gov.br/api/media/ines/palavras/videos/molharSm_Prog001.mp4,GoiásLibras · base nacional
MOLHO,https://goiaslibras.educacao.go.gov.br/api/media/ines/palavras/videos/molhoSm_Prog001.mp4,GoiásLibras · base nacional
MONARCA,https://goiaslibras.educacao.go.gov.br/api/media/ines/palavras/videos/monarcaSm_Prog001.mp4,GoiásLibras · base nacional
MONITOR1,https://goiaslibras.educacao.go.gov.br/api/media/ines/palavras/videos/monitor1Sm_Prog001.mp4,GoiásLibras · base nacional
MONITOR2,https://goiaslibras.educacao.go.gov.br/api/media/ines/palavras/videos/monitor2Sm_Prog001.mp4,GoiásLibras · base nacional
MONSTRO,https://goiaslibras.educacao.go.gov.br/api/media/ines/palavras/videos/monstroSm_Prog001.mp4,GoiásLibras · base nacional
MONTAGEM,https://goiaslibras.educacao.go.gov.br/api/media/ines/palavras/videos/montagemSm_Prog001.mp4,GoiásLibras · base nacional
MONTANHA,https://goiaslibras.educacao.go.gov.br/api/media/ines/palavras/videos/montanhaSm_Prog001.mp4,GoiásLibras · base nacional
MONTAR1,https://dicionario.ines.gov.br/public/media/palavras/videos/montarSm_Prog001.mp4,GoiásLibras · base nacional
MONÓLOGO,https://goiaslibras.educacao.go.gov.br/api/media/ines/palavras/videos/monologoSm_Prog001.mp4,GoiásLibras · base nacional
MORANGO,https://goiaslibras.educacao.go.gov.br/api/media/ines/palavras/videos/morangoSm_Prog001.mp4,GoiásLibras · base nacional
MORAR,https://goiaslibras.educacao.go.gov.br/api/media/ines/palavras/videos/morarSm_Prog001.mp4,GoiásLibras · base nacional
MORCEGO,https://goiaslibras.educacao.go.gov.br/api/media/ines/palavras/videos/morcegoSm_Prog001.mp4,GoiásLibras · base nacional
MORDER,https://goiaslibras.educacao.go.gov.br/api/media/ines/palavras/videos/morderSm_Prog001.mp4,GoiásLibras · base nacional
MORENO,https://goiaslibras.educacao.go.gov.br/api/media/ines/palavras/videos/morenoSm_Prog001.mp4,GoiásLibras · base nacional
MORNO,https://goiaslibras.educacao.go.gov.br/api/media/ines/palavras/videos/mornoSm_Prog001.mp4,GoiásLibras · base nacional
MORRER,https://goiaslibras.educacao.go.gov.br/api/media/ines/palavras/videos/morrerSm_Prog001.mp4,GoiásLibras · base nacional
MORRO1,https://goiaslibras.educacao.go.gov.br/api/media/ines/palavras/videos/morroSm_Prog001.mp4,GoiásLibras · base nacional
MORRO2,https://goiaslibras.educacao.go.gov.br/api/media/ines/palavras/videos/morro2Sm_Prog001.mp4,GoiásLibras · base nacional
MORTE,https://goiaslibras.educacao.go.gov.br/api/media/ines/palavras/videos/morteSm_Prog001.mp4,GoiásLibras · base nacional
MOSCA,https://goiaslibras.educacao.go.gov.br/api/media/ines/palavras/videos/moscaSm_Prog001.mp4,GoiásLibras · base nacional
MOSQUITO,https://goiaslibras.educacao.go.gov.br/api/media/ines/palavras/videos/mosquitoSm_Prog001.mp4,GoiásLibras · base nacional
MOSTARDA,https://goiaslibras.educacao.go.gov.br/api/media/ines/palavras/videos/mostardaSm_Prog001.mp4,GoiásLibras · base nacional
MOSTRAR1,https://goiaslibras.educacao.go.gov.br/api/media/ines/palavras/videos/mostrar1Sm_Prog001.mp4,GoiásLibras · base nacional
MOSTRAR2,https://goiaslibras.educacao.go.gov.br/api/media/ines/palavras/videos/mostrar2Sm_Prog001.mp4,GoiásLibras · base nacional
MOTEL,https://goiaslibras.educacao.go.gov.br/api/media/ines/palavras/videos/motelSm_Prog001.mp4,GoiásLibras · base nacional
MOTIVO,https://goiaslibras.educacao.go.gov.br/api/media/ines/palavras/videos/motivoSm_Prog001.mp4,GoiásLibras · base nacional
MOTO,https://goiaslibras.educacao.go.gov.br/api/media/ines/palavras/videos/motoSm_Prog001.mp4,GoiásLibras · base nacional
MOTOCICLETA,https://goiaslibras.educacao.go.gov.br/api/media/ines/palavras/videos/motocicletaSm_Prog001.mp4,GoiásLibras · base nacional
MOTOR1,https://goiaslibras.educacao.go.gov.br/api/media/ines/palavras/videos/motor1Sm_Prog001.mp4,GoiásLibras · base nacional
MOTOR2,https://goiaslibras.educacao.go.gov.br/api/media/ines/palavras/videos/motor2Sm_Prog001.mp4,GoiásLibras · base nacional
MOTORISTA,https://goiaslibras.educacao.go.gov.br/api/media/ines/palavras/videos/motoristaSm_Prog001.mp4,GoiásLibras · base nacional
MOUSE,https://goiaslibras.educacao.go.gov.br/api/media/ines/palavras/videos/mouseSm_Prog001.mp4,GoiásLibras · base nacional
MOVEDIÇA,https://goiaslibras.educacao.go.gov.br/api/media/ines/palavras/videos/movedicaSm_Prog001.mp4,GoiásLibras · base nacional
MOVER,https://goiaslibras.educacao.go.gov.br/api/media/ines/palavras/videos/mover-pessoaSm_Prog001.mp4,GoiásLibras · base nacional
MOVIMENTO,https://goiaslibras.educacao.go.gov.br/api/media/ines/palavras/videos/movimentoSm_Prog001.mp4,GoiásLibras · base nacional
MOÇA,https://goiaslibras.educacao.go.gov.br/api/media/ines/palavras/videos/mocaSm_Prog001.mp4,GoiásLibras · base nacional
MOÍDO,https://goiaslibras.educacao.go.gov.br/api/media/ines/palavras/videos/moidoSm_Prog001.mp4,GoiásLibras · base nacional
MUDAR1,https://goiaslibras.educacao.go.gov.br/api/media/ines/palavras/videos/mudar1Sm_Prog001.mp4,GoiásLibras · base nacional
MUDAR2,https://goiaslibras.educacao.go.gov.br/api/media/ines/palavras/videos/mudar2Sm_Prog001.mp4,GoiásLibras · base nacional
MUDAR3,https://goiaslibras.educacao.go.gov.br/api/media/ines/palavras/videos/mudar3Sm_Prog001.mp4,GoiásLibras · base nacional
MUDO1,https://goiaslibras.educacao.go.gov.br/api/media/ines/palavras/videos/mudo1Sm_Prog001.mp4,GoiásLibras · base nacional
MUDO2,https://goiaslibras.educacao.go.gov.br/api/media/ines/palavras/videos/mudo2Sm_Prog001.mp4,GoiásLibras · base nacional
MUITO1,https://goiaslibras.educacao.go.gov.br/api/media/ines/palavras/videos/muito1Sm_Prog001.mp4,GoiásLibras · base nacional
MUITO2,https://goiaslibras.educacao.go.gov.br/api/media/ines/palavras/videos/muito2Sm_Prog001.mp4,GoiásLibras · base nacional
MUITO3,https://goiaslibras.educacao.go.gov.br/api/media/ines/palavras/videos/muito3Sm_Prog001.mp4,GoiásLibras · base nacional
MULATO,https://goiaslibras.educacao.go.gov.br/api/media/ines/palavras/videos/mulatoSm_Prog001.mp4,GoiásLibras · base nacional
MULETA,https://goiaslibras.educacao.go.gov.br/api/media/ines/palavras/videos/muletaSm_Prog001.mp4,GoiásLibras · base nacional
MULHER,https://goiaslibras.educacao.go.gov.br/api/media/ines/palavras/videos/mulherSm_Prog001.mp4,GoiásLibras · base nacional
MULHERENGO,https://goiaslibras.educacao.go.gov.br/api/media/ines/palavras/videos/mulherengoSm_Prog001.mp4,GoiásLibras · base nacional
MULTA,https://goiaslibras.educacao.go.gov.br/api/media/ines/palavras/videos/multaSm_Prog001.mp4,GoiásLibras · base nacional
MULTAR,https://goiaslibras.educacao.go.gov.br/api/media/ines/palavras/videos/multarSm_Prog001.mp4,GoiásLibras · base nacional
MULTIDÃO,https://goiaslibras.educacao.go.gov.br/api/media/ines/palavras/videos/multidaoSm_Prog001.mp4,GoiásLibras · base nacional
MULTIPLICAR,https://goiaslibras.educacao.go.gov.br/api/media/ines/palavras/videos/multiplicarSm_Prog001.mp4,GoiásLibras · base nacional
MUNDO,https://goiaslibras.educacao.go.gov.br/api/media/ines/palavras/videos/mundoSm_Prog001.mp4,GoiásLibras · base nacional
MUNICÍPIO,https://goiaslibras.educacao.go.gov.br/api/media/ines/palavras/videos/municipioSm_Prog001.mp4,GoiásLibras · base nacional
MURAL,https://goiaslibras.educacao.go.gov.br/api/media/ines/palavras/videos/muralSm_Prog001.mp4,GoiásLibras · base nacional
MURCHAR,https://goiaslibras.educacao.go.gov.br/api/media/ines/palavras/videos/murcharSm_Prog001.mp4,GoiásLibras · base nacional
MURO,https://goiaslibras.educacao.go.gov.br/api/media/ines/palavras/videos/muroSm_Prog001.mp4,GoiásLibras · base nacional
MURRO,https://goiaslibras.educacao.go.gov.br/api/media/ines/palavras/videos/murroSm_Prog001.mp4,GoiásLibras · base nacional
MUSEU,https://dicionario.ines.gov.br/public/media/palavras/videos/museu1Sm_Prog001.mp4,GoiásLibras · base nacional
MUTILAR,https://goiaslibras.educacao.go.gov.br/api/media/ines/palavras/videos/mutilarSm_Prog001.mp4,GoiásLibras · base nacional
MÁGICA,https://goiaslibras.educacao.go.gov.br/api/media/ines/palavras/videos/magicaSm_Prog001.mp4,GoiásLibras · base nacional
MÁGICO,https://goiaslibras.educacao.go.gov.br/api/media/ines/palavras/videos/magicoSm_Prog001.mp4,GoiásLibras · base nacional
MÁGOA,https://goiaslibras.educacao.go.gov.br/api/media/ines/palavras/videos/magoaSm_Prog001.mp4,GoiásLibras · base nacional
MÁQUINA,https://goiaslibras.educacao.go.gov.br/api/media/ines/palavras/videos/maquina1Sm_Prog001.mp4,GoiásLibras · base nacional
MÁQUINA DE COSTURA,https://dicionario.ines.gov.br/public/media/palavras/videos/maquina_de_costurarSm_Prog001.mp4,GoiásLibras · base nacional
MÁQUINA DE ESCREVER,https://goiaslibras.educacao.go.gov.br/api/media/ines/palavras/videos/maquina-de_escreverSm_Prog001.mp4,GoiásLibras · base nacional
MÁQUINA DE LAVAR ROUPA,https://goiaslibras.educacao.go.gov.br/api/media/ines/palavras/videos/maquina_de_lavar_roupaSm_Prog001.mp4,GoiásLibras · base nacional
MÁQUINA FOTOGRÁFICA,https://dicionario.ines.gov.br/public/media/palavras/videos/maquina_de_fotografiaSm_Prog001.mp4,GoiásLibras · base nacional
MÁSCARA,https://goiaslibras.educacao.go.gov.br/api/media/ines/palavras/videos/mascaraSm_Prog001.mp4,GoiásLibras · base nacional
MÁXIMO,https://goiaslibras.educacao.go.gov.br/api/media/ines/palavras/videos/maximoSm_Prog001.mp4,GoiásLibras · base nacional
MÃO,https://goiaslibras.educacao.go.gov.br/api/media/ines/palavras/videos/maoSm_Prog001.mp4,GoiásLibras · base nacional
MÉDICO,https://goiaslibras.educacao.go.gov.br/api/media/ines/palavras/videos/medicoSm_Prog001.mp4,GoiásLibras · base nacional
MÉDIO1,https://goiaslibras.educacao.go.gov.br/api/media/ines/palavras/videos/medio1Sm_Prog001.mp4,GoiásLibras · base nacional
MÉDIO2,https://goiaslibras.educacao.go.gov.br/api/media/ines/palavras/videos/medio2Sm_Prog001.mp4,GoiásLibras · base nacional
MÉXICO,https://goiaslibras.educacao.go.gov.br/api/media/ines/palavras/videos/mexicoSm_Prog001.mp4,GoiásLibras · base nacional
MÊS,https://goiaslibras.educacao.go.gov.br/api/media/ines/palavras/videos/mesSm_Prog001.mp4,GoiásLibras · base nacional
MÍMICA,https://goiaslibras.educacao.go.gov.br/api/media/ines/palavras/videos/mimicaSm_Prog001.mp4,GoiásLibras · base nacional
MÍNIMO1,https://goiaslibras.educacao.go.gov.br/api/media/ines/palavras/videos/minimo1Sm_Prog001.mp4,GoiásLibras · base nacional
MÍNIMO2,https://goiaslibras.educacao.go.gov.br/api/media/ines/palavras/videos/minimo2Sm_Prog001.mp4,GoiásLibras · base nacional
MÍSSIL,https://goiaslibras.educacao.go.gov.br/api/media/ines/palavras/videos/missilSm_Prog001.mp4,GoiásLibras · base nacional
MÓVEIS,https://goiaslibras.educacao.go.gov.br/api/media/ines/palavras/videos/moveisSm_Prog001.mp4,GoiásLibras · base nacional
MÚSCULO,https://goiaslibras.educacao.go.gov.br/api/media/ines/palavras/videos/musculoSm_Prog001.mp4,GoiásLibras · base nacional
MÚSICA1,https://goiaslibras.educacao.go.gov.br/api/media/ines/palavras/videos/musica1Sm_Prog001.mp4,GoiásLibras · base nacional
MÚSICA2,https://goiaslibras.educacao.go.gov.br/api/media/ines/palavras/videos/musica2Sm_Prog001.mp4,GoiásLibras · base nacional
N,https://goiaslibras.educacao.go.gov.br/api/media/ines/palavras/videos/nSm_Prog001.mp4,GoiásLibras · base nacional
NACIONALIDADE,https://goiaslibras.educacao.go.gov.br/api/media/ines/palavras/videos/nacionalidadeSm_Prog001.mp4,GoiásLibras · base nacional
NADA,https://goiaslibras.educacao.go.gov.br/api/media/ines/palavras/videos/nadaSm_Prog001.mp4,GoiásLibras · base nacional
NADA1,https://dicionario.ines.gov.br/public/media/palavras/videos/nada1Sm_Prog001.mp4,GoiásLibras · base nacional
NADAR,https://goiaslibras.educacao.go.gov.br/api/media/ines/palavras/videos/nadarSm_Prog001.mp4,GoiásLibras · base nacional
NAMORADO,https://goiaslibras.educacao.go.gov.br/api/media/ines/palavras/videos/namoradoSm_Prog001.mp4,GoiásLibras · base nacional
NAMORAR,https://goiaslibras.educacao.go.gov.br/api/media/ines/palavras/videos/namorarSm_Prog001.mp4,GoiásLibras · base nacional
NAMORO,https://goiaslibras.educacao.go.gov.br/api/media/ines/palavras/videos/namoroSm_Prog001.mp4,GoiásLibras · base nacional
NARIZ,https://goiaslibras.educacao.go.gov.br/api/media/ines/palavras/videos/narizSm_Prog001.mp4,GoiásLibras · base nacional
NARRAR,https://goiaslibras.educacao.go.gov.br/api/media/ines/palavras/videos/narrarSm_Prog001.mp4,GoiásLibras · base nacional
NASCER,https://goiaslibras.educacao.go.gov.br/api/media/ines/palavras/videos/nascerSm_Prog001.mp4,GoiásLibras · base nacional
NASCIMENTO,https://goiaslibras.educacao.go.gov.br/api/media/ines/palavras/videos/nascimentoSm_Prog001.mp4,GoiásLibras · base nacional
NATAL1,https://goiaslibras.educacao.go.gov.br/api/media/ines/palavras/videos/natalSm_Prog001.mp4,GoiásLibras · base nacional
NATAL2,https://goiaslibras.educacao.go.gov.br/api/media/ines/palavras/videos/natal2Sm_Prog001.mp4,GoiásLibras · base nacional
NATAÇÃO,https://goiaslibras.educacao.go.gov.br/api/media/ines/palavras/videos/natacaoSm_Prog001.mp4,GoiásLibras · base nacional
NATURAL,https://goiaslibras.educacao.go.gov.br/api/media/video/2026-08-nas/natural.mp4,GoiásLibras · base nacional
NATUREZA,https://goiaslibras.educacao.go.gov.br/api/media/ines/palavras/videos/naturezaSm_Prog001.mp4,GoiásLibras · base nacional
NAUFRAGAR,https://goiaslibras.educacao.go.gov.br/api/media/ines/palavras/videos/naufragarSm_Prog001.mp4,GoiásLibras · base nacional
NAVALHA,https://goiaslibras.educacao.go.gov.br/api/media/ines/palavras/videos/navalhaSm_Prog001.mp4,GoiásLibras · base nacional
NAVE1,https://goiaslibras.educacao.go.gov.br/api/media/ines/palavras/videos/nave1Sm_Prog001.mp4,GoiásLibras · base nacional
NAVEGAÇÃO,https://goiaslibras.educacao.go.gov.br/api/media/ines/palavras/videos/navegacaoSm_Prog001.mp4,GoiásLibras · base nacional
NAVIO,https://goiaslibras.educacao.go.gov.br/api/media/ines/palavras/videos/navioSm_Prog001.mp4,GoiásLibras · base nacional
NEBLINA,https://goiaslibras.educacao.go.gov.br/api/media/ines/palavras/videos/neblinaSm_Prog001.mp4,GoiásLibras · base nacional
NECESSITAR,https://goiaslibras.educacao.go.gov.br/api/media/ines/palavras/videos/necessitarSm_Prog001.mp4,GoiásLibras · base nacional
NECESSÁRIO,https://goiaslibras.educacao.go.gov.br/api/media/ines/palavras/videos/necessarioSm_Prog001.mp4,GoiásLibras · base nacional
NEGATIVO1,https://goiaslibras.educacao.go.gov.br/api/media/ines/palavras/videos/negativo1Sm_Prog001.mp4,GoiásLibras · base nacional
NEGATIVO3,https://goiaslibras.educacao.go.gov.br/api/media/ines/palavras/videos/negativo3Sm_Prog001.mp4,GoiásLibras · base nacional
NEGLICENCIAR,https://goiaslibras.educacao.go.gov.br/api/media/ines/palavras/videos/negligenciarSm_Prog001.mp4,GoiásLibras · base nacional
NEGOCIAR,https://goiaslibras.educacao.go.gov.br/api/media/ines/palavras/videos/negociarSm_Prog001.mp4,GoiásLibras · base nacional
NEGRO,https://goiaslibras.educacao.go.gov.br/api/media/ines/palavras/videos/negroSm_Prog001.mp4,GoiásLibras · base nacional
NEGÓCIO,https://goiaslibras.educacao.go.gov.br/api/media/ines/palavras/videos/negocioSm_Prog001.mp4,GoiásLibras · base nacional
NENHUM,https://goiaslibras.educacao.go.gov.br/api/media/ines/palavras/videos/nenhumSm_Prog001.mp4,GoiásLibras · base nacional
NENÊ OU NENÉM,https://goiaslibras.educacao.go.gov.br/api/media/ines/palavras/videos/neneSm_Prog001.mp4,GoiásLibras · base nacional
NERVOSO,https://goiaslibras.educacao.go.gov.br/api/media/ines/palavras/videos/nervosoSm_Prog001.mp4,GoiásLibras · base nacional
NETO,https://goiaslibras.educacao.go.gov.br/api/media/ines/palavras/videos/netoSm_Prog001.mp4,GoiásLibras · base nacional
NEUTRO,https://goiaslibras.educacao.go.gov.br/api/media/ines/palavras/videos/neutroSm_Prog001.mp4,GoiásLibras · base nacional
NEVAR,https://goiaslibras.educacao.go.gov.br/api/media/ines/palavras/videos/nevarSm_Prog001.mp4,GoiásLibras · base nacional
NEVE,https://goiaslibras.educacao.go.gov.br/api/media/ines/palavras/videos/neveSm_Prog001.mp4,GoiásLibras · base nacional
NEVOEIRO,https://goiaslibras.educacao.go.gov.br/api/media/ines/palavras/videos/nevoeiroSm_Prog001.mp4,GoiásLibras · base nacional
NICARÁGUA,https://goiaslibras.educacao.go.gov.br/api/media/ines/palavras/videos/nicaraguaSm_Prog001.mp4,GoiásLibras · base nacional
NINAR,https://goiaslibras.educacao.go.gov.br/api/media/ines/palavras/videos/ninarSm_Prog001.mp4,GoiásLibras · base nacional
NINGUÉM1,https://goiaslibras.educacao.go.gov.br/api/media/ines/palavras/videos/ninguem1Sm_Prog001.mp4,GoiásLibras · base nacional
NINGUÉM2,https://goiaslibras.educacao.go.gov.br/api/media/ines/palavras/videos/ninguem2Sm_Prog001.mp4,GoiásLibras · base nacional
NINGUÉM3,https://goiaslibras.educacao.go.gov.br/api/media/ines/palavras/videos/ninguem4Sm_Prog001.mp4,GoiásLibras · base nacional
NINGUÉM4,https://goiaslibras.educacao.go.gov.br/api/media/ines/palavras/videos/ninguem5Sm_Prog001.mp4,GoiásLibras · base nacional
NINGUÉM5,https://goiaslibras.educacao.go.gov.br/api/media/ines/palavras/videos/ninguem6Sm_Prog001.mp4,GoiásLibras · base nacional
NOITE1,https://goiaslibras.educacao.go.gov.br/api/media/ines/palavras/videos/noite1Sm_Prog001.mp4,GoiásLibras · base nacional
NOITE2,https://goiaslibras.educacao.go.gov.br/api/media/ines/palavras/videos/noite2Sm_Prog001.mp4,GoiásLibras · base nacional
NOIVO1,https://goiaslibras.educacao.go.gov.br/api/media/ines/palavras/videos/noivo1Sm_Prog001.mp4,GoiásLibras · base nacional
NOIVO2,https://goiaslibras.educacao.go.gov.br/api/media/ines/palavras/videos/noivo2Sm_Prog001.mp4,GoiásLibras · base nacional
NOJO,https://goiaslibras.educacao.go.gov.br/api/media/ines/palavras/videos/nojoSm_Prog001.mp4,GoiásLibras · base nacional
NOME,https://goiaslibras.educacao.go.gov.br/api/media/ines/palavras/videos/nomeSm_Prog001.mp4,GoiásLibras · base nacional
NOMEADO,https://goiaslibras.educacao.go.gov.br/api/media/ines/palavras/videos/nomeadoSm_Prog001.mp4,GoiásLibras · base nacional
NOMEAR,https://goiaslibras.educacao.go.gov.br/api/media/ines/palavras/videos/nomearSm_Prog001.mp4,GoiásLibras · base nacional
NOMINAL,https://goiaslibras.educacao.go.gov.br/api/media/ines/palavras/videos/nominalSm_Prog001.mp4,GoiásLibras · base nacional
NORA,https://dicionario.ines.gov.br/public/media/palavras/videos/nora2Sm_Prog001.mp4,GoiásLibras · base nacional
NORMAL,https://goiaslibras.educacao.go.gov.br/api/media/ines/palavras/videos/normalSm_Prog001.mp4,GoiásLibras · base nacional
NORTE,https://dicionario.ines.gov.br/public/media/palavras/videos/norteSm_Prog001.mp4,GoiásLibras · base nacional
NORUEGA,https://goiaslibras.educacao.go.gov.br/api/media/ines/palavras/videos/noruegaSm_Prog001.mp4,GoiásLibras · base nacional
NORUEGUES,https://goiaslibras.educacao.go.gov.br/api/media/ines/palavras/videos/norueguesSm_Prog001.mp4,GoiásLibras · base nacional
NOSSO,https://goiaslibras.educacao.go.gov.br/api/media/ines/palavras/videos/nossoSm_Prog001.mp4,GoiásLibras · base nacional
NOTA,https://goiaslibras.educacao.go.gov.br/api/media/ines/palavras/videos/notaSm_Prog001.mp4,GoiásLibras · base nacional
NOTA FISCAL,https://goiaslibras.educacao.go.gov.br/api/media/ines/palavras/videos/nota_fiscalSm_Prog001.mp4,GoiásLibras · base nacional
NOTAR,https://goiaslibras.educacao.go.gov.br/api/media/ines/palavras/videos/notarSm_Prog001.mp4,GoiásLibras · base nacional
NOTURNO,https://goiaslibras.educacao.go.gov.br/api/media/ines/palavras/videos/noturnoSm_Prog001.mp4,GoiásLibras · base nacional
NOTÁVEL,https://goiaslibras.educacao.go.gov.br/api/media/ines/palavras/videos/notavelSm_Prog001.mp4,GoiásLibras · base nacional
NOTÍCIA,https://goiaslibras.educacao.go.gov.br/api/media/ines/palavras/videos/noticiaSm_Prog001.mp4,GoiásLibras · base nacional
NOVA ZELÂNDIA,https://goiaslibras.educacao.go.gov.br/api/media/ines/palavras/videos/nova zelandiaSm_Prog001.mp4,GoiásLibras · base nacional
NOVE,https://goiaslibras.educacao.go.gov.br/api/media/ines/palavras/videos/noveSm_Prog001.mp4,GoiásLibras · base nacional
NOVELA,https://goiaslibras.educacao.go.gov.br/api/media/ines/palavras/videos/novelaSm_Prog001.mp4,GoiásLibras · base nacional
NOVEMBRO,https://goiaslibras.educacao.go.gov.br/api/media/ines/palavras/videos/novembroSm_Prog001.mp4,GoiásLibras · base nacional
NOVIDADE,https://goiaslibras.educacao.go.gov.br/api/media/ines/palavras/videos/novidadeSm_Prog001.mp4,GoiásLibras · base nacional
NOVO1,https://goiaslibras.educacao.go.gov.br/api/media/ines/palavras/videos/novo1Sm_Prog001.mp4,GoiásLibras · base nacional
NOVO2,https://goiaslibras.educacao.go.gov.br/api/media/ines/palavras/videos/novo2Sm_Prog001.mp4,GoiásLibras · base nacional
NOZ,https://goiaslibras.educacao.go.gov.br/api/media/ines/palavras/videos/nozSm_Prog001.mp4,GoiásLibras · base nacional
NU,https://goiaslibras.educacao.go.gov.br/api/media/ines/palavras/videos/nuSm_Prog001.mp4,GoiásLibras · base nacional
NUBENTE,https://goiaslibras.educacao.go.gov.br/api/media/ines/palavras/videos/nubenteSm_Prog001.mp4,GoiásLibras · base nacional
NUBLADO,https://goiaslibras.educacao.go.gov.br/api/media/ines/palavras/videos/nubladoSm_Prog001.mp4,GoiásLibras · base nacional
NUCA,https://goiaslibras.educacao.go.gov.br/api/media/ines/palavras/videos/nucaSm_Prog001.mp4,GoiásLibras · base nacional
NUDEZ,https://goiaslibras.educacao.go.gov.br/api/media/ines/palavras/videos/nudezSm_Prog001.mp4,GoiásLibras · base nacional
NULO,https://goiaslibras.educacao.go.gov.br/api/media/ines/palavras/videos/nuloSm_Prog001.mp4,GoiásLibras · base nacional
NUNCA MAIS,https://dicionario.ines.gov.br/public/media/palavras/videos/nunca_mais1Sm_Prog001.mp4,GoiásLibras · base nacional
NUNCA1,https://goiaslibras.educacao.go.gov.br/api/media/ines/palavras/videos/nunca1Sm_Prog001.mp4,GoiásLibras · base nacional
NUNCA2,https://goiaslibras.educacao.go.gov.br/api/media/ines/palavras/videos/nunca2Sm_Prog001.mp4,GoiásLibras · base nacional
NUVEM,https://goiaslibras.educacao.go.gov.br/api/media/ines/palavras/videos/nuvemSm_Prog001.mp4,GoiásLibras · base nacional
NÁDEGA,https://goiaslibras.educacao.go.gov.br/api/media/ines/palavras/videos/nadegaSm_Prog001.mp4,GoiásLibras · base nacional
NÁUSEA,https://goiaslibras.educacao.go.gov.br/api/media/ines/palavras/videos/nauseaSm_Prog001.mp4,GoiásLibras · base nacional
NÃO LIGAR,https://dicionario.ines.gov.br/public/media/palavras/videos/ligar_naoSm_Prog001.mp4,GoiásLibras · base nacional
NÃO1,https://goiaslibras.educacao.go.gov.br/api/media/ines/palavras/videos/nao1Sm_Prog001.mp4,GoiásLibras · base nacional
NÃO2,https://goiaslibras.educacao.go.gov.br/api/media/ines/palavras/videos/nao2Sm_Prog001.mp4,GoiásLibras · base nacional
NÍVEL,https://goiaslibras.educacao.go.gov.br/api/media/ines/palavras/videos/nivelSm_Prog001.mp4,GoiásLibras · base nacional
NÓ,https://goiaslibras.educacao.go.gov.br/api/media/ines/palavras/videos/noSm_Prog001.mp4,GoiásLibras · base nacional
NÓS,https://goiaslibras.educacao.go.gov.br/api/media/ines/palavras/videos/nosSm_Prog001.mp4,GoiásLibras · base nacional
NÚMERO,https://goiaslibras.educacao.go.gov.br/api/media/ines/palavras/videos/numeroSm_Prog001.mp4,GoiásLibras · base nacional
O,https://goiaslibras.educacao.go.gov.br/api/media/ines/palavras/videos/oSm_Prog001.mp4,GoiásLibras · base nacional
OBA1,https://goiaslibras.educacao.go.gov.br/api/media/ines/palavras/videos/oba1Sm_Prog001.mp4,GoiásLibras · base nacional
OBA2,https://goiaslibras.educacao.go.gov.br/api/media/ines/palavras/videos/oba2Sm_Prog001.mp4,GoiásLibras · base nacional
OBEDECER,https://goiaslibras.educacao.go.gov.br/api/media/ines/palavras/videos/obedecerSm_Prog001.mp4,GoiásLibras · base nacional
OBEDIENTE,https://goiaslibras.educacao.go.gov.br/api/media/ines/palavras/videos/obedienteSm_Prog001.mp4,GoiásLibras · base nacional
OBESO,https://goiaslibras.educacao.go.gov.br/api/media/ines/palavras/videos/obesoSm_Prog001.mp4,GoiásLibras · base nacional
OBITUÁRIO,https://goiaslibras.educacao.go.gov.br/api/media/ines/palavras/videos/obituarioSm_Prog001.mp4,GoiásLibras · base nacional
OBJETIVO1,https://goiaslibras.educacao.go.gov.br/api/media/ines/palavras/videos/objetivo1Sm_Prog001.mp4,GoiásLibras · base nacional
OBJETIVO2,https://goiaslibras.educacao.go.gov.br/api/media/ines/palavras/videos/objetivo2Sm_Prog001.mp4,GoiásLibras · base nacional
OBJETO,https://goiaslibras.educacao.go.gov.br/api/media/ines/palavras/videos/objetoSm_Prog001.mp4,GoiásLibras · base nacional
OBRA,https://goiaslibras.educacao.go.gov.br/api/media/ines/palavras/videos/obraSm_Prog001.mp4,GoiásLibras · base nacional
OBRIGADO1,https://goiaslibras.educacao.go.gov.br/api/media/ines/palavras/videos/obrigado1Sm_Prog001.mp4,GoiásLibras · base nacional
OBRIGADO2,https://goiaslibras.educacao.go.gov.br/api/media/ines/palavras/videos/obrigado2Sm_Prog001.mp4,GoiásLibras · base nacional
OBRIGAR,https://goiaslibras.educacao.go.gov.br/api/media/ines/palavras/videos/obrigarSm_Prog001.mp4,GoiásLibras · base nacional
OBRIGATÓRIO,https://goiaslibras.educacao.go.gov.br/api/media/ines/palavras/videos/obrigatorioSm_Prog001.mp4,GoiásLibras · base nacional
OBRIGAÇÃO,https://goiaslibras.educacao.go.gov.br/api/media/ines/palavras/videos/obrigacaoSm_Prog001.mp4,GoiásLibras · base nacional
OBSERVAR1,https://goiaslibras.educacao.go.gov.br/api/media/ines/palavras/videos/observar1Sm_Prog001.mp4,GoiásLibras · base nacional
OBSERVAR2,https://goiaslibras.educacao.go.gov.br/api/media/ines/palavras/videos/observar2Sm_Prog001.mp4,GoiásLibras · base nacional
OBSERVATÓRIO,https://goiaslibras.educacao.go.gov.br/api/media/ines/palavras/videos/observatorioSm_Prog001.mp4,GoiásLibras · base nacional
OBTER,https://goiaslibras.educacao.go.gov.br/api/media/ines/palavras/videos/obterSm_Prog001.mp4,GoiásLibras · base nacional
OBTURAR,https://goiaslibras.educacao.go.gov.br/api/media/ines/palavras/videos/obturarSm_Prog001.mp4,GoiásLibras · base nacional
OBTURAÇÃO,https://goiaslibras.educacao.go.gov.br/api/media/ines/palavras/videos/obturacaoSm_Prog001.mp4,GoiásLibras · base nacional
OCA,https://goiaslibras.educacao.go.gov.br/api/media/ines/palavras/videos/ocaSm_Prog001.mp4,GoiásLibras · base nacional
OCEANO,https://goiaslibras.educacao.go.gov.br/api/media/ines/palavras/videos/oceanoSm_Prog001.mp4,GoiásLibras · base nacional
OCIOSO,https://goiaslibras.educacao.go.gov.br/api/media/ines/palavras/videos/ociosoSm_Prog001.mp4,GoiásLibras · base nacional
OCO,https://goiaslibras.educacao.go.gov.br/api/media/ines/palavras/videos/ocoSm_Prog001.mp4,GoiásLibras · base nacional
OCULISTA,https://goiaslibras.educacao.go.gov.br/api/media/ines/palavras/videos/oculistaSm_Prog001.mp4,GoiásLibras · base nacional
OCULTO,https://goiaslibras.educacao.go.gov.br/api/media/ines/palavras/videos/ocultoSm_Prog001.mp4,GoiásLibras · base nacional
OCUPADO,https://goiaslibras.educacao.go.gov.br/api/media/ines/palavras/videos/ocupadoSm_Prog001.mp4,GoiásLibras · base nacional
OCUPAR,https://goiaslibras.educacao.go.gov.br/api/media/ines/palavras/videos/ocuparSm_Prog001.mp4,GoiásLibras · base nacional
ODIAR,https://dicionario.ines.gov.br/public/media/palavras/videos/odiar2Sm_Prog001.mp4,GoiásLibras · base nacional
ODONTOLOGIA,https://goiaslibras.educacao.go.gov.br/api/media/ines/palavras/videos/odontologiaSm_Prog001.mp4,GoiásLibras · base nacional
OESTE1,https://goiaslibras.educacao.go.gov.br/api/media/ines/palavras/videos/oeste1Sm_Prog001.mp4,GoiásLibras · base nacional
OESTE2,https://goiaslibras.educacao.go.gov.br/api/media/ines/palavras/videos/oeste2Sm_Prog001.mp4,GoiásLibras · base nacional
OFEGANTE,https://goiaslibras.educacao.go.gov.br/api/media/ines/palavras/videos/ofeganteSm_Prog001.mp4,GoiásLibras · base nacional
OFEGAR,https://goiaslibras.educacao.go.gov.br/api/media/ines/palavras/videos/ofegarSm_Prog001.mp4,GoiásLibras · base nacional
OFENDER,https://goiaslibras.educacao.go.gov.br/api/media/ines/palavras/videos/ofenderSm_Prog001.mp4,GoiásLibras · base nacional
OFENDIDO,https://goiaslibras.educacao.go.gov.br/api/media/ines/palavras/videos/ofendidoSm_Prog001.mp4,GoiásLibras · base nacional
OFENSA,https://goiaslibras.educacao.go.gov.br/api/media/ines/palavras/videos/ofensaSm_Prog001.mp4,GoiásLibras · base nacional
OFERECER,https://goiaslibras.educacao.go.gov.br/api/media/ines/palavras/videos/oferecerSm_Prog001.mp4,GoiásLibras · base nacional
OFERTA,https://goiaslibras.educacao.go.gov.br/api/media/ines/palavras/videos/ofertaSm_Prog001.mp4,GoiásLibras · base nacional
OFFICE BOY,https://goiaslibras.educacao.go.gov.br/api/media/ines/palavras/videos/office_boySm_Prog001.mp4,GoiásLibras · base nacional
OFICIAL1,https://goiaslibras.educacao.go.gov.br/api/media/ines/palavras/videos/oficial1Sm_Prog001.mp4,GoiásLibras · base nacional
OFICIAL2,https://goiaslibras.educacao.go.gov.br/api/media/ines/palavras/videos/oficial2Sm_Prog001.mp4,GoiásLibras · base nacional
OFICIAL3,https://goiaslibras.educacao.go.gov.br/api/media/ines/palavras/videos/oficial3Sm_Prog001.mp4,GoiásLibras · base nacional
OFICIALIZAR,https://goiaslibras.educacao.go.gov.br/api/media/ines/palavras/videos/oficializarSm_Prog001.mp4,GoiásLibras · base nacional
OFICIALIZAÇÃO,https://goiaslibras.educacao.go.gov.br/api/media/ines/palavras/videos/oficializacaoSm_Prog001.mp4,GoiásLibras · base nacional
OFICINA,https://goiaslibras.educacao.go.gov.br/api/media/ines/palavras/videos/oficina2Sm_Prog001.mp4,GoiásLibras · base nacional
OFTALMOLOGIA,https://goiaslibras.educacao.go.gov.br/api/media/ines/palavras/videos/oftalmologiaSm_Prog001.mp4,GoiásLibras · base nacional
OFTAMOLOGISTA,https://dicionario.ines.gov.br/public/media/palavras/videos/oftamologistaSm_Prog001.mp4,GoiásLibras · base nacional
OFUSCAR,https://goiaslibras.educacao.go.gov.br/api/media/ines/palavras/videos/ofuscarSm_Prog001.mp4,GoiásLibras · base nacional
OFÍCIO,https://goiaslibras.educacao.go.gov.br/api/media/ines/palavras/videos/oficioSm_Prog001.mp4,GoiásLibras · base nacional
OI,https://goiaslibras.educacao.go.gov.br/api/media/ines/palavras/videos/oiSm_Prog001.mp4,GoiásLibras · base nacional
OITAVA-SÉRIE,https://dicionario.ines.gov.br/public/media/palavras/videos/oitava_serieSm_Prog001.mp4,GoiásLibras · base nacional
OITAVO,https://goiaslibras.educacao.go.gov.br/api/media/ines/palavras/videos/oitavoSm_Prog001.mp4,GoiásLibras · base nacional
OITENTA,https://goiaslibras.educacao.go.gov.br/api/media/ines/palavras/videos/oitentaSm_Prog001.mp4,GoiásLibras · base nacional
OITO,https://goiaslibras.educacao.go.gov.br/api/media/ines/palavras/videos/oitoSm_Prog001.mp4,GoiásLibras · base nacional
OK,https://dicionario.ines.gov.br/public/media/palavras/videos/okSm_Prog001.mp4,GoiásLibras · base nacional
OLEOSO,https://goiaslibras.educacao.go.gov.br/api/media/ines/palavras/videos/oleosoSm_Prog001.mp4,GoiásLibras · base nacional
OLFATO,https://goiaslibras.educacao.go.gov.br/api/media/ines/palavras/videos/olfatoSm_Prog001.mp4,GoiásLibras · base nacional
OLHAR1,https://goiaslibras.educacao.go.gov.br/api/media/ines/palavras/videos/olharSm_Prog001.mp4,GoiásLibras · base nacional
OLHAR2,https://goiaslibras.educacao.go.gov.br/api/media/ines/palavras/videos/olhar2Sm_Prog001.mp4,GoiásLibras · base nacional
OLHEIRAS,https://goiaslibras.educacao.go.gov.br/api/media/ines/palavras/videos/olheirasSm_Prog001.mp4,GoiásLibras · base nacional
OLHO1,https://goiaslibras.educacao.go.gov.br/api/media/ines/palavras/videos/olhoSm_Prog001.mp4,GoiásLibras · base nacional
OLHO2,https://goiaslibras.educacao.go.gov.br/api/media/ines/palavras/videos/olho2Sm_Prog001.mp4,GoiásLibras · base nacional
OLIMPÍADAS,https://goiaslibras.educacao.go.gov.br/api/media/ines/palavras/videos/ombreiraSm_Prog001.mp4,GoiásLibras · base nacional
OLÁ,https://goiaslibras.educacao.go.gov.br/api/media/ines/palavras/videos/olaSm_Prog001.mp4,GoiásLibras · base nacional
OMBREIRA,https://goiaslibras.educacao.go.gov.br/api/media/ines/palavras/videos/ombreiraSm_Prog001.mp4,GoiásLibras · base nacional
OMBRO,https://goiaslibras.educacao.go.gov.br/api/media/ines/palavras/videos/ombroSm_Prog001.mp4,GoiásLibras · base nacional
OMITIR,https://goiaslibras.educacao.go.gov.br/api/media/ines/palavras/videos/omitirSm_Prog001.mp4,GoiásLibras · base nacional
ONDA,https://goiaslibras.educacao.go.gov.br/api/media/ines/palavras/videos/ondaSm_Prog001.mp4,GoiásLibras · base nacional
ONDE,https://goiaslibras.educacao.go.gov.br/api/media/ines/palavras/videos/ondeSm_Prog001.mp4,GoiásLibras · base nacional
ONDULADO,https://goiaslibras.educacao.go.gov.br/api/media/ines/palavras/videos/onduladoSm_Prog001.mp4,GoiásLibras · base nacional
ONDULAR,https://goiaslibras.educacao.go.gov.br/api/media/ines/palavras/videos/ondularSm_Prog001.mp4,GoiásLibras · base nacional
ONTEM,https://goiaslibras.educacao.go.gov.br/api/media/ines/palavras/videos/ontemSm_Prog001.mp4,GoiásLibras · base nacional
ONZE,https://goiaslibras.educacao.go.gov.br/api/media/ines/palavras/videos/onzeSm_Prog001.mp4,GoiásLibras · base nacional
ONÇA,https://goiaslibras.educacao.go.gov.br/api/media/ines/palavras/videos/oncaSm_Prog001.mp4,GoiásLibras · base nacional
OPACO,https://goiaslibras.educacao.go.gov.br/api/media/ines/palavras/videos/opacoSm_Prog001.mp4,GoiásLibras · base nacional
OPERAR1,https://goiaslibras.educacao.go.gov.br/api/media/ines/palavras/videos/operar1Sm_Prog001.mp4,GoiásLibras · base nacional
OPERAR2,https://goiaslibras.educacao.go.gov.br/api/media/ines/palavras/videos/operar2Sm_Prog001.mp4,GoiásLibras · base nacional
OPERAÇÃO,https://goiaslibras.educacao.go.gov.br/api/media/ines/palavras/videos/operacaoSm_Prog001.mp4,GoiásLibras · base nacional
OPINAR,https://dicionario.ines.gov.br/public/media/palavras/videos/opiniarSm_Prog001.mp4,GoiásLibras · base nacional
OPINIÃO,https://goiaslibras.educacao.go.gov.br/api/media/ines/palavras/videos/opiniaoSm_Prog001.mp4,GoiásLibras · base nacional
OPOR,https://goiaslibras.educacao.go.gov.br/api/media/ines/palavras/videos/oporSm_Prog001.mp4,GoiásLibras · base nacional
OPORTUNIDADE1,https://goiaslibras.educacao.go.gov.br/api/media/ines/palavras/videos/oportunidade1Sm_Prog001.mp4,GoiásLibras · base nacional
OPORTUNIDADE2,https://goiaslibras.educacao.go.gov.br/api/media/ines/palavras/videos/oportunidade2Sm_Prog001.mp4,GoiásLibras · base nacional
OPOSIÇÃO,https://goiaslibras.educacao.go.gov.br/api/media/ines/palavras/videos/oposicaoSm_Prog001.mp4,GoiásLibras · base nacional
OPOSTO,https://goiaslibras.educacao.go.gov.br/api/media/ines/palavras/videos/opostoSm_Prog001.mp4,GoiásLibras · base nacional
OPRIMIR,https://goiaslibras.educacao.go.gov.br/api/media/ines/palavras/videos/oprimirSm_Prog001.mp4,GoiásLibras · base nacional
OPTAR,https://goiaslibras.educacao.go.gov.br/api/media/ines/palavras/videos/optarSm_Prog001.mp4,GoiásLibras · base nacional
OPÇÃO,https://goiaslibras.educacao.go.gov.br/api/media/ines/palavras/videos/opcaoSm_Prog001.mp4,GoiásLibras · base nacional
ORAL,https://goiaslibras.educacao.go.gov.br/api/media/ines/palavras/videos/oralSm_Prog001.mp4,GoiásLibras · base nacional
ORALISMO,https://goiaslibras.educacao.go.gov.br/api/media/ines/palavras/videos/oralismoSm_Prog001.mp4,GoiásLibras · base nacional
ORAR,https://goiaslibras.educacao.go.gov.br/api/media/ines/palavras/videos/orarSm_Prog001.mp4,GoiásLibras · base nacional
ORAÇÃO,https://goiaslibras.educacao.go.gov.br/api/media/ines/palavras/videos/oracaoSm_Prog001.mp4,GoiásLibras · base nacional
ORDEM1,https://goiaslibras.educacao.go.gov.br/api/media/ines/palavras/videos/ordemSm_Prog001.mp4,GoiásLibras · base nacional
ORDEM2,https://goiaslibras.educacao.go.gov.br/api/media/ines/palavras/videos/ordem2Sm_Prog001.mp4,GoiásLibras · base nacional
ORDENADO,https://goiaslibras.educacao.go.gov.br/api/media/ines/palavras/videos/ordenado_mensalSm_Prog001.mp4,GoiásLibras · base nacional
ORDENAR1,https://goiaslibras.educacao.go.gov.br/api/media/ines/palavras/videos/ordenarSm_Prog001.mp4,GoiásLibras · base nacional
ORDENAR2,https://goiaslibras.educacao.go.gov.br/api/media/ines/palavras/videos/ordenar2Sm_Prog001.mp4,GoiásLibras · base nacional
ORELHA,https://goiaslibras.educacao.go.gov.br/api/media/ines/palavras/videos/orelhaSm_Prog001.mp4,GoiásLibras · base nacional
ORELHUDO,https://goiaslibras.educacao.go.gov.br/api/media/ines/palavras/videos/orelhudoSm_Prog001.mp4,GoiásLibras · base nacional
ORELHÃO ( TELEFONE PÚBLICO ),https://goiaslibras.educacao.go.gov.br/api/media/ines/palavras/videos/orelhaoSm_Prog001.mp4,GoiásLibras · base nacional
ORGANISMO,https://goiaslibras.educacao.go.gov.br/api/media/ines/palavras/videos/organismoSm_Prog001.mp4,GoiásLibras · base nacional
ORGANIZAR,https://goiaslibras.educacao.go.gov.br/api/media/ines/palavras/videos/organizarSm_Prog001.mp4,GoiásLibras · base nacional
ORGANIZAÇÃO,https://goiaslibras.educacao.go.gov.br/api/media/ines/palavras/videos/organizacaoSm_Prog001.mp4,GoiásLibras · base nacional
ORGASMO,https://goiaslibras.educacao.go.gov.br/api/media/ines/palavras/videos/orgasmoSm_Prog001.mp4,GoiásLibras · base nacional
ORGULHAR,https://goiaslibras.educacao.go.gov.br/api/media/ines/palavras/videos/orgulharSm_Prog001.mp4,GoiásLibras · base nacional
ORGULHO1,https://goiaslibras.educacao.go.gov.br/api/media/ines/palavras/videos/orgulhoSm_Prog001.mp4,GoiásLibras · base nacional
ORGULHO2,https://goiaslibras.educacao.go.gov.br/api/media/ines/palavras/videos/orgulho2Sm_Prog001.mp4,GoiásLibras · base nacional
ORGULHOSO,https://goiaslibras.educacao.go.gov.br/api/media/ines/palavras/videos/orgulhosoSm_Prog001.mp4,GoiásLibras · base nacional
ORIENTADOR,https://goiaslibras.educacao.go.gov.br/api/media/ines/palavras/videos/orientadorSm_Prog001.mp4,GoiásLibras · base nacional
ORIENTAR,https://goiaslibras.educacao.go.gov.br/api/media/ines/palavras/videos/orientarSm_Prog001.mp4,GoiásLibras · base nacional
ORIGEM,https://goiaslibras.educacao.go.gov.br/api/media/ines/palavras/videos/origemSm_Prog001.mp4,GoiásLibras · base nacional
ORIGINAL,https://goiaslibras.educacao.go.gov.br/api/media/ines/palavras/videos/originalSm_Prog001.mp4,GoiásLibras · base nacional
ORQUESTRA,https://goiaslibras.educacao.go.gov.br/api/media/ines/palavras/videos/orquestraSm_Prog001.mp4,GoiásLibras · base nacional
ORÇAMENTO,https://goiaslibras.educacao.go.gov.br/api/media/ines/palavras/videos/orcamentoSm_Prog001.mp4,GoiásLibras · base nacional
OSCILAR,https://goiaslibras.educacao.go.gov.br/api/media/ines/palavras/videos/oscilarSm_Prog001.mp4,GoiásLibras · base nacional
OSSO1,https://goiaslibras.educacao.go.gov.br/api/media/ines/palavras/videos/ossoSm_Prog001.mp4,GoiásLibras · base nacional
OSSO2,https://goiaslibras.educacao.go.gov.br/api/media/ines/palavras/videos/osso2Sm_Prog001.mp4,GoiásLibras · base nacional
OSTRA,https://goiaslibras.educacao.go.gov.br/api/media/ines/palavras/videos/ostraSm_Prog001.mp4,GoiásLibras · base nacional
OTIMISTA,https://goiaslibras.educacao.go.gov.br/api/media/ines/palavras/videos/otimistaSm_Prog001.mp4,GoiásLibras · base nacional
OTITE,https://goiaslibras.educacao.go.gov.br/api/media/ines/palavras/videos/otiteSm_Prog001.mp4,GoiásLibras · base nacional
OU,https://goiaslibras.educacao.go.gov.br/api/media/ines/palavras/videos/ouSm_Prog001.mp4,GoiásLibras · base nacional
OURO1,https://goiaslibras.educacao.go.gov.br/api/media/ines/palavras/videos/ouroSm_Prog001.mp4,GoiásLibras · base nacional
OURO2,https://goiaslibras.educacao.go.gov.br/api/media/ines/palavras/videos/ouro2Sm_Prog001.mp4,GoiásLibras · base nacional
OUSADA,https://goiaslibras.educacao.go.gov.br/api/media/ines/palavras/videos/ousadaSm_Prog001.mp4,GoiásLibras · base nacional
OUSADIA,https://goiaslibras.educacao.go.gov.br/api/media/ines/palavras/videos/ousadiaSm_Prog001.mp4,GoiásLibras · base nacional
OUTONO1,https://dicionario.ines.gov.br/public/media/palavras/videos/outonoSm_Prog001.mp4,GoiásLibras · base nacional
OUTONO2,https://goiaslibras.educacao.go.gov.br/api/media/ines/palavras/videos/outono2Sm_Prog001.mp4,GoiásLibras · base nacional
OUTORGAR,https://goiaslibras.educacao.go.gov.br/api/media/ines/palavras/videos/outorgarSm_Prog001.mp4,GoiásLibras · base nacional
OUTRA VEZ,https://dicionario.ines.gov.br/public/media/palavras/videos/outra-vezSm_Prog001.mp4,GoiásLibras · base nacional
OUTRO,https://goiaslibras.educacao.go.gov.br/api/media/ines/palavras/videos/outroSm_Prog001.mp4,GoiásLibras · base nacional
OUTUBRO,https://goiaslibras.educacao.go.gov.br/api/media/ines/palavras/videos/outubroSm_Prog001.mp4,GoiásLibras · base nacional
OUVINTE,https://goiaslibras.educacao.go.gov.br/api/media/ines/palavras/videos/ouvinteSm_Prog001.mp4,GoiásLibras · base nacional
OUVIR,https://goiaslibras.educacao.go.gov.br/api/media/ines/palavras/videos/ouvirSm_Prog001.mp4,GoiásLibras · base nacional
OVAL,https://goiaslibras.educacao.go.gov.br/api/media/ines/palavras/videos/ovalSm_Prog001.mp4,GoiásLibras · base nacional
OVELHA,https://goiaslibras.educacao.go.gov.br/api/media/ines/palavras/videos/ovelhaSm_Prog001.mp4,GoiásLibras · base nacional
OVO1,https://goiaslibras.educacao.go.gov.br/api/media/ines/palavras/videos/ovo1Sm_Prog001.mp4,GoiásLibras · base nacional
OVO2,https://goiaslibras.educacao.go.gov.br/api/media/ines/palavras/videos/ovo2Sm_Prog001.mp4,GoiásLibras · base nacional
OVÁRIO,https://goiaslibras.educacao.go.gov.br/api/media/ines/palavras/videos/ovarioSm_Prog001.mp4,GoiásLibras · base nacional
OXIGÊNIO,https://goiaslibras.educacao.go.gov.br/api/media/ines/palavras/videos/oxigenioSm_Prog001.mp4,GoiásLibras · base nacional
P,https://goiaslibras.educacao.go.gov.br/api/media/ines/palavras/videos/pSm_Prog001.mp4,GoiásLibras · base nacional
PACIÊNCIA,https://goiaslibras.educacao.go.gov.br/api/media/ines/palavras/videos/pacienciaSm_Prog001.mp4,GoiásLibras · base nacional
PACOTE,https://goiaslibras.educacao.go.gov.br/api/media/ines/palavras/videos/pacoteSm_Prog001.mp4,GoiásLibras · base nacional
PADARIA,https://goiaslibras.educacao.go.gov.br/api/media/ines/palavras/videos/padariaSm_Prog001.mp4,GoiásLibras · base nacional
PADEIRO,https://goiaslibras.educacao.go.gov.br/api/media/ines/palavras/videos/padeiroSm_Prog001.mp4,GoiásLibras · base nacional
PADRASTO,https://goiaslibras.educacao.go.gov.br/api/media/ines/palavras/videos/padrastoSm_Prog001.mp4,GoiásLibras · base nacional
PADRE,https://goiaslibras.educacao.go.gov.br/api/media/ines/palavras/videos/padreSm_Prog001.mp4,GoiásLibras · base nacional
PADRONIZAR,https://goiaslibras.educacao.go.gov.br/api/media/ines/palavras/videos/padronizarSm_Prog001.mp4,GoiásLibras · base nacional
PADRÃO1,https://goiaslibras.educacao.go.gov.br/api/media/ines/palavras/videos/padrao1Sm_Prog001.mp4,GoiásLibras · base nacional
PADRÃO2,https://goiaslibras.educacao.go.gov.br/api/media/ines/palavras/videos/padrao2Sm_Prog001.mp4,GoiásLibras · base nacional
PAGAMENTO1,https://goiaslibras.educacao.go.gov.br/api/media/ines/palavras/videos/pagamento1Sm_Prog001.mp4,GoiásLibras · base nacional
PAGAMENTO2,https://goiaslibras.educacao.go.gov.br/api/media/ines/palavras/videos/pagamento2Sm_Prog001.mp4,GoiásLibras · base nacional
PAGAR1,https://goiaslibras.educacao.go.gov.br/api/media/ines/palavras/videos/pagar1Sm_Prog001.mp4,GoiásLibras · base nacional
PAGAR2,https://goiaslibras.educacao.go.gov.br/api/media/ines/palavras/videos/pagar2Sm_Prog001.mp4,GoiásLibras · base nacional
PAGODE,https://goiaslibras.educacao.go.gov.br/api/media/ines/palavras/videos/pagodeSm_Prog001.mp4,GoiásLibras · base nacional
PAI1,https://goiaslibras.educacao.go.gov.br/api/media/ines/palavras/videos/pai1Sm_Prog001.mp4,GoiásLibras · base nacional
PAI2,https://goiaslibras.educacao.go.gov.br/api/media/ines/palavras/videos/pai2Sm_Prog001.mp4,GoiásLibras · base nacional
PAINEL,https://goiaslibras.educacao.go.gov.br/api/media/ines/palavras/videos/painelSm_Prog001.mp4,GoiásLibras · base nacional
PAISAGEM,https://goiaslibras.educacao.go.gov.br/api/media/ines/palavras/videos/paisagemSm_Prog001.mp4,GoiásLibras · base nacional
PAIXÃO,https://goiaslibras.educacao.go.gov.br/api/media/ines/palavras/videos/paixaoSm_Prog001.mp4,GoiásLibras · base nacional
PALADAR,https://goiaslibras.educacao.go.gov.br/api/media/ines/palavras/videos/paladarSm_Prog001.mp4,GoiásLibras · base nacional
PALAVRA,https://goiaslibras.educacao.go.gov.br/api/media/ines/palavras/videos/palavraSm_Prog001.mp4,GoiásLibras · base nacional
PALAVRÃO,https://goiaslibras.educacao.go.gov.br/api/media/ines/palavras/videos/palavraoSm_Prog001.mp4,GoiásLibras · base nacional
PALCO,https://goiaslibras.educacao.go.gov.br/api/media/ines/palavras/videos/palcoSm_Prog001.mp4,GoiásLibras · base nacional
PALESTRA,https://goiaslibras.educacao.go.gov.br/api/media/ines/palavras/videos/palestraSm_Prog001.mp4,GoiásLibras · base nacional
PALESTRAR,https://goiaslibras.educacao.go.gov.br/api/media/ines/palavras/videos/palestrarSm_Prog001.mp4,GoiásLibras · base nacional
PALETÓ,https://goiaslibras.educacao.go.gov.br/api/media/ines/palavras/videos/paletoSm_Prog001.mp4,GoiásLibras · base nacional
PALHA,https://goiaslibras.educacao.go.gov.br/api/media/ines/palavras/videos/palhaSm_Prog001.mp4,GoiásLibras · base nacional
PALHAÇADA,https://goiaslibras.educacao.go.gov.br/api/media/ines/palavras/videos/palhacadaSm_Prog001.mp4,GoiásLibras · base nacional
PALHAÇO,https://goiaslibras.educacao.go.gov.br/api/media/ines/palavras/videos/palhacoSm_Prog001.mp4,GoiásLibras · base nacional
PALITO,https://goiaslibras.educacao.go.gov.br/api/media/ines/palavras/videos/palitoSm_Prog001.mp4,GoiásLibras · base nacional
PALMA1,https://goiaslibras.educacao.go.gov.br/api/media/ines/palavras/videos/palma1Sm_Prog001.mp4,GoiásLibras · base nacional
PALMA2,https://goiaslibras.educacao.go.gov.br/api/media/ines/palavras/videos/palma2Sm_Prog001.mp4,GoiásLibras · base nacional
PALMAS,https://dicionario.ines.gov.br/public/media/palavras/videos/palmas3Sm_Prog001.mp4,GoiásLibras · base nacional
PALMITO,https://goiaslibras.educacao.go.gov.br/api/media/ines/palavras/videos/palmitoSm_Prog001.mp4,GoiásLibras · base nacional
PALPITAR1,https://goiaslibras.educacao.go.gov.br/api/media/ines/palavras/videos/palpitar1Sm_Prog001.mp4,GoiásLibras · base nacional
PALPITAR2,https://goiaslibras.educacao.go.gov.br/api/media/ines/palavras/videos/palpitar2Sm_Prog001.mp4,GoiásLibras · base nacional
PALPITE,https://goiaslibras.educacao.go.gov.br/api/media/ines/palavras/videos/palpiteSm_Prog001.mp4,GoiásLibras · base nacional
PANCADA,https://goiaslibras.educacao.go.gov.br/api/media/ines/palavras/videos/pancadaSm_Prog001.mp4,GoiásLibras · base nacional
PANDA,https://goiaslibras.educacao.go.gov.br/api/media/ines/palavras/videos/pandaSm_Prog001.mp4,GoiásLibras · base nacional
PANE,https://goiaslibras.educacao.go.gov.br/api/media/ines/palavras/videos/pane1Sm_Prog001.mp4,GoiásLibras · base nacional
PANELA,https://goiaslibras.educacao.go.gov.br/api/media/ines/palavras/videos/panelaSm_Prog001.mp4,GoiásLibras · base nacional
PANO1,https://goiaslibras.educacao.go.gov.br/api/media/ines/palavras/videos/pano1Sm_Prog001.mp4,GoiásLibras · base nacional
PANO2,https://goiaslibras.educacao.go.gov.br/api/media/ines/palavras/videos/pano2Sm_Prog001.mp4,GoiásLibras · base nacional
PANO3,https://goiaslibras.educacao.go.gov.br/api/media/ines/palavras/videos/pano3Sm_Prog001.mp4,GoiásLibras · base nacional
PANQUECA,https://goiaslibras.educacao.go.gov.br/api/media/ines/palavras/videos/panquecaSm_Prog001.mp4,GoiásLibras · base nacional
PAPA,https://goiaslibras.educacao.go.gov.br/api/media/ines/palavras/videos/papaSm_Prog001.mp4,GoiásLibras · base nacional
PAPAGAIO,https://goiaslibras.educacao.go.gov.br/api/media/ines/palavras/videos/papagaioSm_Prog001.mp4,GoiásLibras · base nacional
PAPAR,https://goiaslibras.educacao.go.gov.br/api/media/ines/palavras/videos/paparSm_Prog001.mp4,GoiásLibras · base nacional
PAPEL,https://goiaslibras.educacao.go.gov.br/api/media/ines/palavras/videos/papelSm_Prog001.mp4,GoiásLibras · base nacional
PAPEL HIGIÊNICO,https://goiaslibras.educacao.go.gov.br/api/media/ines/palavras/videos/papel-higienicoSm_Prog001.mp4,GoiásLibras · base nacional
PAPELADA,https://goiaslibras.educacao.go.gov.br/api/media/ines/palavras/videos/papeladaSm_Prog001.mp4,GoiásLibras · base nacional
PAPELARIA,https://goiaslibras.educacao.go.gov.br/api/media/ines/palavras/videos/papelariaSm_Prog001.mp4,GoiásLibras · base nacional
PAPELÃO,https://goiaslibras.educacao.go.gov.br/api/media/ines/palavras/videos/papelaoSm_Prog001.mp4,GoiásLibras · base nacional
PAPO1,https://goiaslibras.educacao.go.gov.br/api/media/ines/palavras/videos/papo1Sm_Prog001.mp4,GoiásLibras · base nacional
PAPO2,https://goiaslibras.educacao.go.gov.br/api/media/ines/palavras/videos/papo2Sm_Prog001.mp4,GoiásLibras · base nacional
PAQUERAR1,https://goiaslibras.educacao.go.gov.br/api/media/ines/palavras/videos/paquerarSm_Prog001.mp4,GoiásLibras · base nacional
PAQUERAR2,https://goiaslibras.educacao.go.gov.br/api/media/ines/palavras/videos/paquerar2Sm_Prog001.mp4,GoiásLibras · base nacional
PAR1,https://goiaslibras.educacao.go.gov.br/api/media/ines/palavras/videos/par1Sm_Prog001.mp4,GoiásLibras · base nacional
PAR2,https://goiaslibras.educacao.go.gov.br/api/media/ines/palavras/videos/par2Sm_Prog001.mp4,GoiásLibras · base nacional
PARA,https://goiaslibras.educacao.go.gov.br/api/media/ines/palavras/videos/paraSm_Prog001.mp4,GoiásLibras · base nacional
PARA QUE?,https://dicionario.ines.gov.br/public/media/palavras/videos/para-queSm_Prog001.mp4,GoiásLibras · base nacional
PARABENIZAR1,https://goiaslibras.educacao.go.gov.br/api/media/ines/palavras/videos/parabenizar1Sm_Prog001.mp4,GoiásLibras · base nacional
PARABENIZAR2,https://goiaslibras.educacao.go.gov.br/api/media/ines/palavras/videos/parabenizar2Sm_Prog001.mp4,GoiásLibras · base nacional
PARABÉNS,https://goiaslibras.educacao.go.gov.br/api/media/ines/palavras/videos/parabensSm_Prog001.mp4,GoiásLibras · base nacional
PARADA,https://dicionario.ines.gov.br/public/media/palavras/videos/parada1Sm_Prog001.mp4,GoiásLibras · base nacional
PARADA DE ÔNIBUS,https://goiaslibras.educacao.go.gov.br/api/media/ines/palavras/videos/parada_de_onibusSm_Prog001.mp4,GoiásLibras · base nacional
PARADO,https://goiaslibras.educacao.go.gov.br/api/media/ines/palavras/videos/paradoSm_Prog001.mp4,GoiásLibras · base nacional
PARAFUSO,https://goiaslibras.educacao.go.gov.br/api/media/ines/palavras/videos/parafusoSm_Prog001.mp4,GoiásLibras · base nacional
PARAGUAI,https://goiaslibras.educacao.go.gov.br/api/media/ines/palavras/videos/paraguaiSm_Prog001.mp4,GoiásLibras · base nacional
PARAGUAIO,https://goiaslibras.educacao.go.gov.br/api/media/ines/palavras/videos/paraguaioSm_Prog001.mp4,GoiásLibras · base nacional
PARALELO,https://dicionario.ines.gov.br/public/media/palavras/videos/paraleloSm_Prog001.mp4,GoiásLibras · base nacional
PARALISIA CEREBRAL,https://goiaslibras.educacao.go.gov.br/api/media/ines/palavras/videos/paralisia_cerebralSm_Prog001.mp4,GoiásLibras · base nacional
PARALIZAÇÃO,https://goiaslibras.educacao.go.gov.br/api/media/ines/palavras/videos/paralizacaoSm_Prog001.mp4,GoiásLibras · base nacional
PARALÍTICO,https://goiaslibras.educacao.go.gov.br/api/media/ines/palavras/videos/paraliticoSm_Prog001.mp4,GoiásLibras · base nacional
PARANÁ,https://goiaslibras.educacao.go.gov.br/api/media/ines/palavras/videos/paranaSm_Prog001.mp4,GoiásLibras · base nacional
PARAR1,https://goiaslibras.educacao.go.gov.br/api/media/ines/palavras/videos/parar1Sm_Prog001.mp4,GoiásLibras · base nacional
PARAR2,https://goiaslibras.educacao.go.gov.br/api/media/ines/palavras/videos/parar2Sm_Prog001.mp4,GoiásLibras · base nacional
PARAR3,https://goiaslibras.educacao.go.gov.br/api/media/ines/palavras/videos/parar3Sm_Prog001.mp4,GoiásLibras · base nacional
PARAR4,https://goiaslibras.educacao.go.gov.br/api/media/ines/palavras/videos/parar4Sm_Prog001.mp4,GoiásLibras · base nacional
PARAR5,https://goiaslibras.educacao.go.gov.br/api/media/ines/palavras/videos/parar5Sm_Prog001.mp4,GoiásLibras · base nacional
PARAÍBA,https://goiaslibras.educacao.go.gov.br/api/media/ines/palavras/videos/paraibaSm_Prog001.mp4,GoiásLibras · base nacional
PARAÍSO,https://goiaslibras.educacao.go.gov.br/api/media/ines/palavras/videos/paraisoSm_Prog001.mp4,GoiásLibras · base nacional
PARCEIRO,https://goiaslibras.educacao.go.gov.br/api/media/ines/palavras/videos/parceiroSm_Prog001.mp4,GoiásLibras · base nacional
PARCELA,https://goiaslibras.educacao.go.gov.br/api/media/ines/palavras/videos/parcelasSm_Prog001.mp4,GoiásLibras · base nacional
PARCELAR,https://goiaslibras.educacao.go.gov.br/api/media/ines/palavras/videos/parcelarSm_Prog001.mp4,GoiásLibras · base nacional
PARCERIA,https://goiaslibras.educacao.go.gov.br/api/media/ines/palavras/videos/parceriaSm_Prog001.mp4,GoiásLibras · base nacional
PARCIAL,https://goiaslibras.educacao.go.gov.br/api/media/ines/palavras/videos/parcialSm_Prog001.mp4,GoiásLibras · base nacional
PARECER,https://goiaslibras.educacao.go.gov.br/api/media/ines/palavras/videos/parecerSm_Prog001.mp4,GoiásLibras · base nacional
PARECIDO,https://goiaslibras.educacao.go.gov.br/api/media/ines/palavras/videos/parecido2Sm_Prog001.mp4,GoiásLibras · base nacional
PAREDE,https://goiaslibras.educacao.go.gov.br/api/media/ines/palavras/videos/paredeSm_Prog001.mp4,GoiásLibras · base nacional
PARQUE,https://goiaslibras.educacao.go.gov.br/api/media/ines/palavras/videos/parqueSm_Prog001.mp4,GoiásLibras · base nacional
PARQUE DE DIVERSÃO,https://goiaslibras.educacao.go.gov.br/api/media/ines/palavras/videos/parque-de-diversaoSm_Prog001.mp4,GoiásLibras · base nacional
PARTE,https://goiaslibras.educacao.go.gov.br/api/media/ines/palavras/videos/parteSm_Prog001.mp4,GoiásLibras · base nacional
PARTICIPAR,https://goiaslibras.educacao.go.gov.br/api/media/ines/palavras/videos/participarSm_Prog001.mp4,GoiásLibras · base nacional
PARTICIPAÇÃO,https://dicionario.ines.gov.br/public/media/palavras/videos/participacao2Sm_Prog001.mp4,GoiásLibras · base nacional
PARTICULAR,https://goiaslibras.educacao.go.gov.br/api/media/ines/palavras/videos/particularSm_Prog001.mp4,GoiásLibras · base nacional
PARTIDA,https://goiaslibras.educacao.go.gov.br/api/media/ines/palavras/videos/partidaSm_Prog001.mp4,GoiásLibras · base nacional
PARTIR1,https://goiaslibras.educacao.go.gov.br/api/media/ines/palavras/videos/partir1Sm_Prog001.mp4,GoiásLibras · base nacional
PARTIR2,https://goiaslibras.educacao.go.gov.br/api/media/ines/palavras/videos/partir2Sm_Prog001.mp4,GoiásLibras · base nacional
PARTIR3,https://goiaslibras.educacao.go.gov.br/api/media/ines/palavras/videos/partir3Sm_Prog001.mp4,GoiásLibras · base nacional
PARTIR4,https://goiaslibras.educacao.go.gov.br/api/media/ines/palavras/videos/partir4Sm_Prog001.mp4,GoiásLibras · base nacional
PARÁ,https://goiaslibras.educacao.go.gov.br/api/media/ines/palavras/videos/paraSm_Prog001.mp4,GoiásLibras · base nacional
PARÊNTESES,https://goiaslibras.educacao.go.gov.br/api/media/ines/palavras/videos/parentesesSm_Prog001.mp4,GoiásLibras · base nacional
PASMO,https://goiaslibras.educacao.go.gov.br/api/media/ines/palavras/videos/pasmoSm_Prog001.mp4,GoiásLibras · base nacional
PASSA-TEMPO,https://goiaslibras.educacao.go.gov.br/api/media/ines/palavras/videos/passar6Sm_Prog001.mp4,GoiásLibras · base nacional
PASSADO,https://goiaslibras.educacao.go.gov.br/api/media/ines/palavras/videos/passadoSm_Prog001.mp4,GoiásLibras · base nacional
PASSAGEIRO,https://goiaslibras.educacao.go.gov.br/api/media/ines/palavras/videos/passageiroSm_Prog001.mp4,GoiásLibras · base nacional
PASSAGEM1,https://goiaslibras.educacao.go.gov.br/api/media/ines/palavras/videos/passagem1Sm_Prog001.mp4,GoiásLibras · base nacional
PASSAGEM2,https://goiaslibras.educacao.go.gov.br/api/media/ines/palavras/videos/passagem2Sm_Prog001.mp4,GoiásLibras · base nacional
PASSAGEM3,https://goiaslibras.educacao.go.gov.br/api/media/ines/palavras/videos/passagem3Sm_Prog001.mp4,GoiásLibras · base nacional
PASSAPORTE,https://goiaslibras.educacao.go.gov.br/api/media/ines/palavras/videos/passaporteSm_Prog001.mp4,GoiásLibras · base nacional
PASSAR,https://goiaslibras.educacao.go.gov.br/api/media/ines/palavras/videos/passar2Sm_Prog001.mp4,GoiásLibras · base nacional
PASSAR PESSOA,https://goiaslibras.educacao.go.gov.br/api/media/ines/palavras/videos/passar1Sm_Prog001.mp4,GoiásLibras · base nacional
PASSAR RODO,https://goiaslibras.educacao.go.gov.br/api/media/ines/palavras/videos/passar5Sm_Prog001.mp4,GoiásLibras · base nacional
PASSAR ROUPA,https://goiaslibras.educacao.go.gov.br/api/media/ines/palavras/videos/passar3Sm_Prog001.mp4,GoiásLibras · base nacional
PASSARELA,https://goiaslibras.educacao.go.gov.br/api/media/ines/palavras/videos/passarelaSm_Prog001.mp4,GoiásLibras · base nacional
PASSEAR,https://goiaslibras.educacao.go.gov.br/api/media/ines/palavras/videos/passearSm_Prog001.mp4,GoiásLibras · base nacional
PASSEATA,https://goiaslibras.educacao.go.gov.br/api/media/ines/palavras/videos/passeataSm_Prog001.mp4,GoiásLibras · base nacional
PASSEIO,https://goiaslibras.educacao.go.gov.br/api/media/ines/palavras/videos/passeioSm_Prog001.mp4,GoiásLibras · base nacional
PASSO,https://goiaslibras.educacao.go.gov.br/api/media/ines/palavras/videos/passoSm_Prog001.mp4,GoiásLibras · base nacional
PASTA,https://goiaslibras.educacao.go.gov.br/api/media/ines/palavras/videos/pastaSm_Prog001.mp4,GoiásLibras · base nacional
PASTA DENTAL,https://dicionario.ines.gov.br/public/media/palavras/videos/pasta dentalSm_Prog001.mp4,GoiásLibras · base nacional
PASTEL,https://goiaslibras.educacao.go.gov.br/api/media/ines/palavras/videos/pastelSm_Prog001.mp4,GoiásLibras · base nacional
PASTOR,https://goiaslibras.educacao.go.gov.br/api/media/ines/palavras/videos/pastorSm_Prog001.mp4,GoiásLibras · base nacional
PASTORAL,https://goiaslibras.educacao.go.gov.br/api/media/ines/palavras/videos/pastoralSm_Prog001.mp4,GoiásLibras · base nacional
PATA,https://goiaslibras.educacao.go.gov.br/api/media/ines/palavras/videos/pataSm_Prog001.mp4,GoiásLibras · base nacional
PATIM,https://dicionario.ines.gov.br/public/media/palavras/videos/patim2Sm_Prog001.mp4,GoiásLibras · base nacional
PATINAR1,https://goiaslibras.educacao.go.gov.br/api/media/ines/palavras/videos/patinar1Sm_Prog001.mp4,GoiásLibras · base nacional
PATINAR2,https://goiaslibras.educacao.go.gov.br/api/media/ines/palavras/videos/patinar2Sm_Prog001.mp4,GoiásLibras · base nacional
PATINAR3,https://goiaslibras.educacao.go.gov.br/api/media/ines/palavras/videos/patinar3Sm_Prog001.mp4,GoiásLibras · base nacional
PATINS,https://dicionario.ines.gov.br/public/media/palavras/videos/patins1Sm_Prog001.mp4,GoiásLibras · base nacional
PATO,https://goiaslibras.educacao.go.gov.br/api/media/ines/palavras/videos/patoSm_Prog001.mp4,GoiásLibras · base nacional
PATRIMÔNIO,https://goiaslibras.educacao.go.gov.br/api/media/ines/palavras/videos/patrimonioSm_Prog001.mp4,GoiásLibras · base nacional
PATRULHA,https://goiaslibras.educacao.go.gov.br/api/media/ines/palavras/videos/patrulhaSm_Prog001.mp4,GoiásLibras · base nacional
PAU,https://goiaslibras.educacao.go.gov.br/api/media/ines/palavras/videos/pauSm_Prog001.mp4,GoiásLibras · base nacional
PAULADA,https://goiaslibras.educacao.go.gov.br/api/media/ines/palavras/videos/pauladaSm_Prog001.mp4,GoiásLibras · base nacional
PAULISTA,https://goiaslibras.educacao.go.gov.br/api/media/ines/palavras/videos/paulistaSm_Prog001.mp4,GoiásLibras · base nacional
PAUSA,https://goiaslibras.educacao.go.gov.br/api/media/ines/palavras/videos/pausaSm_Prog001.mp4,GoiásLibras · base nacional
PAUTA,https://goiaslibras.educacao.go.gov.br/api/media/ines/palavras/videos/pautaSm_Prog001.mp4,GoiásLibras · base nacional
PAVOR,https://goiaslibras.educacao.go.gov.br/api/media/ines/palavras/videos/pavorSm_Prog001.mp4,GoiásLibras · base nacional
PAVÃO,https://goiaslibras.educacao.go.gov.br/api/media/ines/palavras/videos/pavaoSm_Prog001.mp4,GoiásLibras · base nacional
PAZ,https://goiaslibras.educacao.go.gov.br/api/media/ines/palavras/videos/pazSm_Prog001.mp4,GoiásLibras · base nacional
PAÍS,https://goiaslibras.educacao.go.gov.br/api/media/ines/palavras/videos/paisSm_Prog001.mp4,GoiásLibras · base nacional
PEBOLIM,https://goiaslibras.educacao.go.gov.br/api/media/ines/palavras/videos/pebolimSm_Prog001.mp4,GoiásLibras · base nacional
PECADO,https://goiaslibras.educacao.go.gov.br/api/media/ines/palavras/videos/pecadoSm_Prog001.mp4,GoiásLibras · base nacional
PECAR,https://goiaslibras.educacao.go.gov.br/api/media/ines/palavras/videos/pecarSm_Prog001.mp4,GoiásLibras · base nacional
PEDAGOGIA,https://goiaslibras.educacao.go.gov.br/api/media/ines/palavras/videos/pedagogiaSm_Prog001.mp4,GoiásLibras · base nacional
PEDAGOGICO,https://goiaslibras.educacao.go.gov.br/api/media/ines/palavras/videos/pedagogicoSm_Prog001.mp4,GoiásLibras · base nacional
PEDAGOGO,https://goiaslibras.educacao.go.gov.br/api/media/ines/palavras/videos/pedagogoSm_Prog001.mp4,GoiásLibras · base nacional
PEDAÇO,https://dicionario.ines.gov.br/public/media/palavras/videos/pedaco1Sm_Prog001.mp4,GoiásLibras · base nacional
PEDICURE,https://goiaslibras.educacao.go.gov.br/api/media/ines/palavras/videos/pedicureSm_Prog001.mp4,GoiásLibras · base nacional
PEDIDO,https://goiaslibras.educacao.go.gov.br/api/media/ines/palavras/videos/pedidoSm_Prog001.mp4,GoiásLibras · base nacional
PEDIR1,https://goiaslibras.educacao.go.gov.br/api/media/ines/palavras/videos/pedir1Sm_Prog001.mp4,GoiásLibras · base nacional
PEDIR2,https://goiaslibras.educacao.go.gov.br/api/media/ines/palavras/videos/pedir2Sm_Prog001.mp4,GoiásLibras · base nacional
PEDRA,https://goiaslibras.educacao.go.gov.br/api/media/ines/palavras/videos/pedraSm_Prog001.mp4,GoiásLibras · base nacional
PEDREIRO,https://goiaslibras.educacao.go.gov.br/api/media/ines/palavras/videos/pedreiroSm_Prog001.mp4,GoiásLibras · base nacional
PEDÁGIO,https://goiaslibras.educacao.go.gov.br/api/media/ines/palavras/videos/pedagioSm_Prog001.mp4,GoiásLibras · base nacional
PEGAR1,https://goiaslibras.educacao.go.gov.br/api/media/ines/palavras/videos/pegar1Sm_Prog001.mp4,GoiásLibras · base nacional
PEGAR2,https://goiaslibras.educacao.go.gov.br/api/media/ines/palavras/videos/pegar2Sm_Prog001.mp4,GoiásLibras · base nacional
PEGAR3,https://goiaslibras.educacao.go.gov.br/api/media/ines/palavras/videos/pegar3Sm_Prog001.mp4,GoiásLibras · base nacional
PEIDO,https://goiaslibras.educacao.go.gov.br/api/media/ines/palavras/videos/peidoSm_Prog001.mp4,GoiásLibras · base nacional
PEITO,https://goiaslibras.educacao.go.gov.br/api/media/ines/palavras/videos/peitoSm_Prog001.mp4,GoiásLibras · base nacional
PEIXE1,https://goiaslibras.educacao.go.gov.br/api/media/ines/palavras/videos/peixe1Sm_Prog001.mp4,GoiásLibras · base nacional
PEIXE2,https://goiaslibras.educacao.go.gov.br/api/media/ines/palavras/videos/peixe2Sm_Prog001.mp4,GoiásLibras · base nacional
PELADO,https://goiaslibras.educacao.go.gov.br/api/media/ines/palavras/videos/peladoSm_Prog001.mp4,GoiásLibras · base nacional
PELE,https://goiaslibras.educacao.go.gov.br/api/media/ines/palavras/videos/peleSm_Prog001.mp4,GoiásLibras · base nacional
PELICANO,https://goiaslibras.educacao.go.gov.br/api/media/ines/palavras/videos/pelicanoSm_Prog001.mp4,GoiásLibras · base nacional
PELUDO,https://goiaslibras.educacao.go.gov.br/api/media/ines/palavras/videos/peludoSm_Prog001.mp4,GoiásLibras · base nacional
PELÚCIA,https://goiaslibras.educacao.go.gov.br/api/media/ines/palavras/videos/peluciaSm_Prog001.mp4,GoiásLibras · base nacional
PENA1,https://goiaslibras.educacao.go.gov.br/api/media/ines/palavras/videos/pena1Sm_Prog001.mp4,GoiásLibras · base nacional
PENA2,https://goiaslibras.educacao.go.gov.br/api/media/ines/palavras/videos/pena2Sm_Prog001.mp4,GoiásLibras · base nacional
PENA3,https://goiaslibras.educacao.go.gov.br/api/media/ines/palavras/videos/pena3Sm_Prog001.mp4,GoiásLibras · base nacional
PENA4,https://goiaslibras.educacao.go.gov.br/api/media/ines/palavras/videos/pena4Sm_Prog001.mp4,GoiásLibras · base nacional
PENDURAR1,https://goiaslibras.educacao.go.gov.br/api/media/ines/palavras/videos/pendurar1Sm_Prog001.mp4,GoiásLibras · base nacional
PENDURAR2,https://goiaslibras.educacao.go.gov.br/api/media/ines/palavras/videos/pendurar2Sm_Prog001.mp4,GoiásLibras · base nacional
PENEIRA,https://goiaslibras.educacao.go.gov.br/api/media/ines/palavras/videos/peneiraSm_Prog001.mp4,GoiásLibras · base nacional
PENEIRAR,https://goiaslibras.educacao.go.gov.br/api/media/ines/palavras/videos/peneirarSm_Prog001.mp4,GoiásLibras · base nacional
PENETRA,https://goiaslibras.educacao.go.gov.br/api/media/ines/palavras/videos/penetraSm_Prog001.mp4,GoiásLibras · base nacional
PENETRAR,https://goiaslibras.educacao.go.gov.br/api/media/ines/palavras/videos/penetrarSm_Prog001.mp4,GoiásLibras · base nacional
PENICO,https://goiaslibras.educacao.go.gov.br/api/media/ines/palavras/videos/penicoSm_Prog001.mp4,GoiásLibras · base nacional
PENITÊNCIARIA,https://goiaslibras.educacao.go.gov.br/api/media/ines/palavras/videos/penitenciariaSm_Prog001.mp4,GoiásLibras · base nacional
PENSAMENTO1,https://goiaslibras.educacao.go.gov.br/api/media/ines/palavras/videos/pensamento1Sm_Prog001.mp4,GoiásLibras · base nacional
PENSAMENTO2,https://goiaslibras.educacao.go.gov.br/api/media/ines/palavras/videos/pensamento2Sm_Prog001.mp4,GoiásLibras · base nacional
PENSAR1,https://goiaslibras.educacao.go.gov.br/api/media/ines/palavras/videos/pensar1Sm_Prog001.mp4,GoiásLibras · base nacional
PENSAR2,https://goiaslibras.educacao.go.gov.br/api/media/ines/palavras/videos/pensar2Sm_Prog001.mp4,GoiásLibras · base nacional
PENSIONATO,https://goiaslibras.educacao.go.gov.br/api/media/ines/palavras/videos/pensionatoSm_Prog001.mp4,GoiásLibras · base nacional
PENSIONISTA,https://goiaslibras.educacao.go.gov.br/api/media/ines/palavras/videos/pensionistaSm_Prog001.mp4,GoiásLibras · base nacional
PENSÃO1,https://goiaslibras.educacao.go.gov.br/api/media/ines/palavras/videos/pensao1Sm_Prog001.mp4,GoiásLibras · base nacional
PENSÃO2,https://goiaslibras.educacao.go.gov.br/api/media/ines/palavras/videos/pensao2Sm_Prog001.mp4,GoiásLibras · base nacional
PENTE,https://goiaslibras.educacao.go.gov.br/api/media/ines/palavras/videos/penteSm_Prog001.mp4,GoiásLibras · base nacional
PENTEADO,https://goiaslibras.educacao.go.gov.br/api/media/ines/palavras/videos/penteadoSm_Prog001.mp4,GoiásLibras · base nacional
PENTEAR,https://goiaslibras.educacao.go.gov.br/api/media/ines/palavras/videos/pentearSm_Prog001.mp4,GoiásLibras · base nacional
PENTELHO,https://goiaslibras.educacao.go.gov.br/api/media/ines/palavras/videos/pentelhoSm_Prog001.mp4,GoiásLibras · base nacional
PEPINO,https://goiaslibras.educacao.go.gov.br/api/media/ines/palavras/videos/pepinoSm_Prog001.mp4,GoiásLibras · base nacional
PEQUENINO,https://goiaslibras.educacao.go.gov.br/api/media/ines/palavras/videos/pequeninoSm_Prog001.mp4,GoiásLibras · base nacional
PEQUENO1,https://goiaslibras.educacao.go.gov.br/api/media/ines/palavras/videos/pequeno1Sm_Prog001.mp4,GoiásLibras · base nacional
PEQUENO2,https://goiaslibras.educacao.go.gov.br/api/media/ines/palavras/videos/pequeno2Sm_Prog001.mp4,GoiásLibras · base nacional
PEQUENO3,https://goiaslibras.educacao.go.gov.br/api/media/ines/palavras/videos/pequeno3Sm_Prog001.mp4,GoiásLibras · base nacional
PERAMBULAR,https://goiaslibras.educacao.go.gov.br/api/media/ines/palavras/videos/perambularSm_Prog001.mp4,GoiásLibras · base nacional
PERCEBER1,https://goiaslibras.educacao.go.gov.br/api/media/ines/palavras/videos/perceber1Sm_Prog001.mp4,GoiásLibras · base nacional
PERCEBER2,https://goiaslibras.educacao.go.gov.br/api/media/ines/palavras/videos/perceber2Sm_Prog001.mp4,GoiásLibras · base nacional
PERCENTAGEM,https://goiaslibras.educacao.go.gov.br/api/media/ines/palavras/videos/percentagemSm_Prog001.mp4,GoiásLibras · base nacional
PERCEPÇÃO,https://goiaslibras.educacao.go.gov.br/api/media/ines/palavras/videos/percepcaoSm_Prog001.mp4,GoiásLibras · base nacional
PERCURSO,https://goiaslibras.educacao.go.gov.br/api/media/ines/palavras/videos/percursoSm_Prog001.mp4,GoiásLibras · base nacional
PERDER,https://goiaslibras.educacao.go.gov.br/api/media/ines/palavras/videos/perderSm_Prog001.mp4,GoiásLibras · base nacional
PERDIDO,https://goiaslibras.educacao.go.gov.br/api/media/ines/palavras/videos/perdidoSm_Prog001.mp4,GoiásLibras · base nacional
PERDOAR,https://goiaslibras.educacao.go.gov.br/api/media/ines/palavras/videos/perdoarSm_Prog001.mp4,GoiásLibras · base nacional
PERDÃO,https://goiaslibras.educacao.go.gov.br/api/media/ines/palavras/videos/perdaoSm_Prog001.mp4,GoiásLibras · base nacional
PERFEITO,https://goiaslibras.educacao.go.gov.br/api/media/ines/palavras/videos/perfeitoSm_Prog001.mp4,GoiásLibras · base nacional
PERFUME,https://goiaslibras.educacao.go.gov.br/api/media/ines/palavras/videos/perfumeSm_Prog001.mp4,GoiásLibras · base nacional
PERFURAR,https://goiaslibras.educacao.go.gov.br/api/media/ines/palavras/videos/perfurarSm_Prog001.mp4,GoiásLibras · base nacional
PERFURATRIZ,https://goiaslibras.educacao.go.gov.br/api/media/ines/palavras/videos/perfuratrizSm_Prog001.mp4,GoiásLibras · base nacional
PERGUNTAR,https://goiaslibras.educacao.go.gov.br/api/media/ines/palavras/videos/perguntarSm_Prog001.mp4,GoiásLibras · base nacional
PERIGO,https://goiaslibras.educacao.go.gov.br/api/media/ines/palavras/videos/perigoSm_Prog001.mp4,GoiásLibras · base nacional
PERIGOSO,https://goiaslibras.educacao.go.gov.br/api/media/ines/palavras/videos/perigosoSm_Prog001.mp4,GoiásLibras · base nacional
PERIQUITO,https://goiaslibras.educacao.go.gov.br/api/media/ines/palavras/videos/periquitoSm_Prog001.mp4,GoiásLibras · base nacional
PERMANECER,https://goiaslibras.educacao.go.gov.br/api/media/ines/palavras/videos/permanecerSm_Prog001.mp4,GoiásLibras · base nacional
PERMANENTE,https://goiaslibras.educacao.go.gov.br/api/media/ines/palavras/videos/permanenteSm_Prog001.mp4,GoiásLibras · base nacional
PERMITIR,https://goiaslibras.educacao.go.gov.br/api/media/ines/palavras/videos/permitirSm_Prog001.mp4,GoiásLibras · base nacional
PERNA,https://goiaslibras.educacao.go.gov.br/api/media/ines/palavras/videos/pernaSm_Prog001.mp4,GoiásLibras · base nacional
PERNAMBUCO,https://goiaslibras.educacao.go.gov.br/api/media/ines/palavras/videos/pernambucoSm_Prog001.mp4,GoiásLibras · base nacional
PERNILONGO,https://goiaslibras.educacao.go.gov.br/api/media/ines/palavras/videos/pernilongoSm_Prog001.mp4,GoiásLibras · base nacional
PERPÉTUO,https://goiaslibras.educacao.go.gov.br/api/media/ines/palavras/videos/perpetuoSm_Prog001.mp4,GoiásLibras · base nacional
PERSEGUIR,https://goiaslibras.educacao.go.gov.br/api/media/ines/palavras/videos/perseguirSm_Prog001.mp4,GoiásLibras · base nacional
PERSEGUIÇÃO,https://goiaslibras.educacao.go.gov.br/api/media/ines/palavras/videos/perseguicaoSm_Prog001.mp4,GoiásLibras · base nacional
PERSIANA,https://goiaslibras.educacao.go.gov.br/api/media/ines/palavras/videos/persianaSm_Prog001.mp4,GoiásLibras · base nacional
PERSISTENTE,https://goiaslibras.educacao.go.gov.br/api/media/ines/palavras/videos/persistenteSm_Prog001.mp4,GoiásLibras · base nacional
PERSISTIR,https://dicionario.ines.gov.br/public/media/palavras/videos/persistir2Sm_Prog001.mp4,GoiásLibras · base nacional
PERSONAGEM,https://goiaslibras.educacao.go.gov.br/api/media/ines/palavras/videos/personagemSm_Prog001.mp4,GoiásLibras · base nacional
PERSONALIDADE,https://goiaslibras.educacao.go.gov.br/api/media/ines/palavras/videos/personalidadeSm_Prog001.mp4,GoiásLibras · base nacional
PERSPECTIVA,https://goiaslibras.educacao.go.gov.br/api/media/ines/palavras/videos/perspectivaSm_Prog001.mp4,GoiásLibras · base nacional
PERTENCER,https://goiaslibras.educacao.go.gov.br/api/media/ines/palavras/videos/pertencerSm_Prog001.mp4,GoiásLibras · base nacional
PERTO1,https://goiaslibras.educacao.go.gov.br/api/media/ines/palavras/videos/perto1Sm_Prog001.mp4,GoiásLibras · base nacional
PERTO2,https://goiaslibras.educacao.go.gov.br/api/media/ines/palavras/videos/perto2Sm_Prog001.mp4,GoiásLibras · base nacional
PERTURBAR,https://goiaslibras.educacao.go.gov.br/api/media/ines/palavras/videos/pertubarSm_Prog001.mp4,GoiásLibras · base nacional
PERU1,https://goiaslibras.educacao.go.gov.br/api/media/ines/palavras/videos/peru1Sm_Prog001.mp4,GoiásLibras · base nacional
PERU2,https://goiaslibras.educacao.go.gov.br/api/media/ines/palavras/videos/peru2Sm_Prog001.mp4,GoiásLibras · base nacional
PERUANO,https://goiaslibras.educacao.go.gov.br/api/media/ines/palavras/videos/peruanoSm_Prog001.mp4,GoiásLibras · base nacional
PERUCA,https://goiaslibras.educacao.go.gov.br/api/media/ines/palavras/videos/perucaSm_Prog001.mp4,GoiásLibras · base nacional
PERVERSO,https://goiaslibras.educacao.go.gov.br/api/media/ines/palavras/videos/perversoSm_Prog001.mp4,GoiásLibras · base nacional
PESADO,https://goiaslibras.educacao.go.gov.br/api/media/ines/palavras/videos/pesadoSm_Prog001.mp4,GoiásLibras · base nacional
PESCADOR,https://goiaslibras.educacao.go.gov.br/api/media/ines/palavras/videos/pescadorSm_Prog001.mp4,GoiásLibras · base nacional
PESCAR,https://goiaslibras.educacao.go.gov.br/api/media/ines/palavras/videos/pescarSm_Prog001.mp4,GoiásLibras · base nacional
PESCOÇO,https://goiaslibras.educacao.go.gov.br/api/media/ines/palavras/videos/pescocoSm_Prog001.mp4,GoiásLibras · base nacional
PESO1,https://goiaslibras.educacao.go.gov.br/api/media/ines/palavras/videos/peso1Sm_Prog001.mp4,GoiásLibras · base nacional
PESO2,https://goiaslibras.educacao.go.gov.br/api/media/ines/palavras/videos/peso2Sm_Prog001.mp4,GoiásLibras · base nacional
PESQUISA,https://goiaslibras.educacao.go.gov.br/api/media/ines/palavras/videos/pesquisaSm_Prog001.mp4,GoiásLibras · base nacional
PESSOA1,https://dicionario.ines.gov.br/public/media/palavras/videos/pessoaSm_Prog001.mp4,GoiásLibras · base nacional
PESSOA2,https://goiaslibras.educacao.go.gov.br/api/media/ines/palavras/videos/pessoa2Sm_Prog001.mp4,GoiásLibras · base nacional
PESSOAL,https://goiaslibras.educacao.go.gov.br/api/media/ines/palavras/videos/pessoalSm_Prog001.mp4,GoiásLibras · base nacional
PESTANEJAR,https://goiaslibras.educacao.go.gov.br/api/media/ines/palavras/videos/pestanejarSm_Prog001.mp4,GoiásLibras · base nacional
PETECA,https://goiaslibras.educacao.go.gov.br/api/media/ines/palavras/videos/petecaSm_Prog001.mp4,GoiásLibras · base nacional
PETISCAR,https://goiaslibras.educacao.go.gov.br/api/media/ines/palavras/videos/petiscarSm_Prog001.mp4,GoiásLibras · base nacional
PIA,https://goiaslibras.educacao.go.gov.br/api/media/ines/palavras/videos/piaSm_Prog001.mp4,GoiásLibras · base nacional
PIADA,https://goiaslibras.educacao.go.gov.br/api/media/ines/palavras/videos/piadaSm_Prog001.mp4,GoiásLibras · base nacional
PIANO,https://goiaslibras.educacao.go.gov.br/api/media/ines/palavras/videos/pianoSm_Prog001.mp4,GoiásLibras · base nacional
PIAUÍ,https://goiaslibras.educacao.go.gov.br/api/media/ines/palavras/videos/piauiSm_Prog001.mp4,GoiásLibras · base nacional
PICA-PAU,https://goiaslibras.educacao.go.gov.br/api/media/ines/palavras/videos/pica-pauSm_Prog001.mp4,GoiásLibras · base nacional
PICADA,https://goiaslibras.educacao.go.gov.br/api/media/ines/palavras/videos/picadaSm_Prog001.mp4,GoiásLibras · base nacional
PICAR1,https://goiaslibras.educacao.go.gov.br/api/media/ines/palavras/videos/picar1Sm_Prog001.mp4,GoiásLibras · base nacional
PICAR2,https://goiaslibras.educacao.go.gov.br/api/media/ines/palavras/videos/picar2Sm_Prog001.mp4,GoiásLibras · base nacional
PICAR3,https://goiaslibras.educacao.go.gov.br/api/media/ines/palavras/videos/picar3Sm_Prog001.mp4,GoiásLibras · base nacional
PICHAR,https://goiaslibras.educacao.go.gov.br/api/media/ines/palavras/videos/picharSm_Prog001.mp4,GoiásLibras · base nacional
PICOLÉ,https://goiaslibras.educacao.go.gov.br/api/media/ines/palavras/videos/picoleSm_Prog001.mp4,GoiásLibras · base nacional
PIEDADE,https://goiaslibras.educacao.go.gov.br/api/media/ines/palavras/videos/piedadeSm_Prog001.mp4,GoiásLibras · base nacional
PIJAMA,https://goiaslibras.educacao.go.gov.br/api/media/ines/palavras/videos/pijamaSm_Prog001.mp4,GoiásLibras · base nacional
PILAR,https://goiaslibras.educacao.go.gov.br/api/media/ines/palavras/videos/pilarSm_Prog001.mp4,GoiásLibras · base nacional
PILEQUE,https://goiaslibras.educacao.go.gov.br/api/media/ines/palavras/videos/pilequeSm_Prog001.mp4,GoiásLibras · base nacional
PILHA1,https://goiaslibras.educacao.go.gov.br/api/media/ines/palavras/videos/pilha1Sm_Prog001.mp4,GoiásLibras · base nacional
PILHA2,https://goiaslibras.educacao.go.gov.br/api/media/ines/palavras/videos/pilha2Sm_Prog001.mp4,GoiásLibras · base nacional
PILHA3,https://goiaslibras.educacao.go.gov.br/api/media/ines/palavras/videos/pilha3Sm_Prog001.mp4,GoiásLibras · base nacional
PILOTAR,https://goiaslibras.educacao.go.gov.br/api/media/ines/palavras/videos/pilotarSm_Prog001.mp4,GoiásLibras · base nacional
PILOTO,https://goiaslibras.educacao.go.gov.br/api/media/ines/palavras/videos/pilotoSm_Prog001.mp4,GoiásLibras · base nacional
PIMENTA,https://goiaslibras.educacao.go.gov.br/api/media/ines/palavras/videos/pimentaSm_Prog001.mp4,GoiásLibras · base nacional
PIMENTÃO,https://goiaslibras.educacao.go.gov.br/api/media/ines/palavras/videos/pimentaoSm_Prog001.mp4,GoiásLibras · base nacional
PINCEL1,https://goiaslibras.educacao.go.gov.br/api/media/ines/palavras/videos/pincel1Sm_Prog001.mp4,GoiásLibras · base nacional
PINCEL2,https://goiaslibras.educacao.go.gov.br/api/media/ines/palavras/videos/pincel2Sm_Prog001.mp4,GoiásLibras · base nacional
PINGA,https://goiaslibras.educacao.go.gov.br/api/media/ines/palavras/videos/pingaSm_Prog001.mp4,GoiásLibras · base nacional
PINGAR,https://goiaslibras.educacao.go.gov.br/api/media/ines/palavras/videos/pingarSm_Prog001.mp4,GoiásLibras · base nacional
PINGO,https://dicionario.ines.gov.br/public/media/palavras/videos/pingoSm_Prog001.mp4,GoiásLibras · base nacional
PINGUE-PONGUE,https://goiaslibras.educacao.go.gov.br/api/media/ines/palavras/videos/pingue-pongueSm_Prog001.mp4,GoiásLibras · base nacional
PINGÜIM,https://goiaslibras.educacao.go.gov.br/api/media/ines/palavras/videos/pinguimSm_Prog001.mp4,GoiásLibras · base nacional
PINTA,https://goiaslibras.educacao.go.gov.br/api/media/ines/palavras/videos/pintaSm_Prog001.mp4,GoiásLibras · base nacional
PINTAR1,https://goiaslibras.educacao.go.gov.br/api/media/ines/palavras/videos/pintar1Sm_Prog001.mp4,GoiásLibras · base nacional
PINTAR2,https://goiaslibras.educacao.go.gov.br/api/media/ines/palavras/videos/pintar2Sm_Prog001.mp4,GoiásLibras · base nacional
PINTAR3,https://goiaslibras.educacao.go.gov.br/api/media/ines/palavras/videos/pintar3Sm_Prog001.mp4,GoiásLibras · base nacional
PINTAR4,https://goiaslibras.educacao.go.gov.br/api/media/ines/palavras/videos/pintar4Sm_Prog001.mp4,GoiásLibras · base nacional
PINTAR5,https://goiaslibras.educacao.go.gov.br/api/media/ines/palavras/videos/pintar5Sm_Prog001.mp4,GoiásLibras · base nacional
PINTAR6,https://goiaslibras.educacao.go.gov.br/api/media/ines/palavras/videos/pintar6Sm_Prog001.mp4,GoiásLibras · base nacional
PINTAR7,https://goiaslibras.educacao.go.gov.br/api/media/ines/palavras/videos/pintar7Sm_Prog001.mp4,GoiásLibras · base nacional
PINTAR8,https://goiaslibras.educacao.go.gov.br/api/media/ines/palavras/videos/pintar8Sm_Prog001.mp4,GoiásLibras · base nacional
PINTAR9,https://goiaslibras.educacao.go.gov.br/api/media/ines/palavras/videos/pintar9Sm_Prog001.mp4,GoiásLibras · base nacional
PINTO,https://goiaslibras.educacao.go.gov.br/api/media/ines/palavras/videos/pintoSm_Prog001.mp4,GoiásLibras · base nacional
PINTOR1,https://goiaslibras.educacao.go.gov.br/api/media/ines/palavras/videos/pintor1Sm_Prog001.mp4,GoiásLibras · base nacional
PINTOR2,https://goiaslibras.educacao.go.gov.br/api/media/ines/palavras/videos/pintor2Sm_Prog001.mp4,GoiásLibras · base nacional
PINTURA,https://goiaslibras.educacao.go.gov.br/api/media/ines/palavras/videos/pinturaSm_Prog001.mp4,GoiásLibras · base nacional
PINÇA,https://goiaslibras.educacao.go.gov.br/api/media/ines/palavras/videos/pincaSm_Prog001.mp4,GoiásLibras · base nacional
PIOLHO,https://goiaslibras.educacao.go.gov.br/api/media/ines/palavras/videos/piolhoSm_Prog001.mp4,GoiásLibras · base nacional
PIONEIRO,https://goiaslibras.educacao.go.gov.br/api/media/ines/palavras/videos/pioneiroSm_Prog001.mp4,GoiásLibras · base nacional
PIOR1,https://goiaslibras.educacao.go.gov.br/api/media/ines/palavras/videos/pior1Sm_Prog001.mp4,GoiásLibras · base nacional
PIOR2,https://goiaslibras.educacao.go.gov.br/api/media/ines/palavras/videos/pior2Sm_Prog001.mp4,GoiásLibras · base nacional
PIOR3,https://goiaslibras.educacao.go.gov.br/api/media/ines/palavras/videos/pior3Sm_Prog001.mp4,GoiásLibras · base nacional
PIORAR,https://goiaslibras.educacao.go.gov.br/api/media/ines/palavras/videos/piorarSm_Prog001.mp4,GoiásLibras · base nacional
PIPA,https://goiaslibras.educacao.go.gov.br/api/media/ines/palavras/videos/pipaSm_Prog001.mp4,GoiásLibras · base nacional
PIPOCA,https://goiaslibras.educacao.go.gov.br/api/media/ines/palavras/videos/pipocaSm_Prog001.mp4,GoiásLibras · base nacional
PIRANHA1,https://goiaslibras.educacao.go.gov.br/api/media/ines/palavras/videos/piranha1Sm_Prog001.mp4,GoiásLibras · base nacional
PIRANHA2,https://goiaslibras.educacao.go.gov.br/api/media/ines/palavras/videos/piranha2Sm_Prog001.mp4,GoiásLibras · base nacional
PIRATA,https://goiaslibras.educacao.go.gov.br/api/media/ines/palavras/videos/pirataSm_Prog001.mp4,GoiásLibras · base nacional
PIRES,https://goiaslibras.educacao.go.gov.br/api/media/ines/palavras/videos/piresSm_Prog001.mp4,GoiásLibras · base nacional
PIRULITO,https://goiaslibras.educacao.go.gov.br/api/media/ines/palavras/videos/pirulitoSm_Prog001.mp4,GoiásLibras · base nacional
PIRÂMIDE,https://dicionario.ines.gov.br/public/media/palavras/videos/pirâmideSm_Prog001.mp4,GoiásLibras · base nacional
PISAR,https://goiaslibras.educacao.go.gov.br/api/media/ines/palavras/videos/pisarSm_Prog001.mp4,GoiásLibras · base nacional
PISCINA,https://goiaslibras.educacao.go.gov.br/api/media/ines/palavras/videos/piscinaSm_Prog001.mp4,GoiásLibras · base nacional
PISO,https://goiaslibras.educacao.go.gov.br/api/media/ines/palavras/videos/pisoSm_Prog001.mp4,GoiásLibras · base nacional
PISTOLA,https://goiaslibras.educacao.go.gov.br/api/media/ines/palavras/videos/pistolaSm_Prog001.mp4,GoiásLibras · base nacional
PITADA,https://goiaslibras.educacao.go.gov.br/api/media/ines/palavras/videos/pitadaSm_Prog001.mp4,GoiásLibras · base nacional
PIZZA1,https://goiaslibras.educacao.go.gov.br/api/media/ines/palavras/videos/pizza1Sm_Prog001.mp4,GoiásLibras · base nacional
PIZZA2,https://goiaslibras.educacao.go.gov.br/api/media/ines/palavras/videos/pizza2Sm_Prog001.mp4,GoiásLibras · base nacional
PIÃO,https://goiaslibras.educacao.go.gov.br/api/media/ines/palavras/videos/piaoSm_Prog001.mp4,GoiásLibras · base nacional
PLACA,https://goiaslibras.educacao.go.gov.br/api/media/ines/palavras/videos/placaSm_Prog001.mp4,GoiásLibras · base nacional
PLACAR,https://goiaslibras.educacao.go.gov.br/api/media/ines/palavras/videos/placarSm_Prog001.mp4,GoiásLibras · base nacional
PLANEJAMENTO,https://goiaslibras.educacao.go.gov.br/api/media/ines/palavras/videos/planejamentoSm_Prog001.mp4,GoiásLibras · base nacional
PLANEJAR,https://goiaslibras.educacao.go.gov.br/api/media/ines/palavras/videos/planejarSm_Prog001.mp4,GoiásLibras · base nacional
PLANETA,https://goiaslibras.educacao.go.gov.br/api/media/ines/palavras/videos/planetaSm_Prog001.mp4,GoiásLibras · base nacional
PLANILHA,https://goiaslibras.educacao.go.gov.br/api/media/ines/palavras/videos/planilhaSm_Prog001.mp4,GoiásLibras · base nacional
PLANO,https://goiaslibras.educacao.go.gov.br/api/media/ines/palavras/videos/planoSm_Prog001.mp4,GoiásLibras · base nacional
PLANTA1,https://goiaslibras.educacao.go.gov.br/api/media/ines/palavras/videos/planta1Sm_Prog001.mp4,GoiásLibras · base nacional
PLANTA2,https://goiaslibras.educacao.go.gov.br/api/media/ines/palavras/videos/planta2Sm_Prog001.mp4,GoiásLibras · base nacional
PLANTAR,https://goiaslibras.educacao.go.gov.br/api/media/ines/palavras/videos/plantarSm_Prog001.mp4,GoiásLibras · base nacional
PLANTAÇÃO,https://goiaslibras.educacao.go.gov.br/api/media/ines/palavras/videos/plantacaoSm_Prog001.mp4,GoiásLibras · base nacional
PLASTIFICAR,https://goiaslibras.educacao.go.gov.br/api/media/ines/palavras/videos/plastificarSm_Prog001.mp4,GoiásLibras · base nacional
PLATÉIA,https://goiaslibras.educacao.go.gov.br/api/media/ines/palavras/videos/plateiaSm_Prog001.mp4,GoiásLibras · base nacional
PLÁSTICO,https://goiaslibras.educacao.go.gov.br/api/media/ines/palavras/videos/plasticoSm_Prog001.mp4,GoiásLibras · base nacional
PNEU,https://dicionario.ines.gov.br/public/media/palavras/videos/pneuSm_Prog001.mp4,GoiásLibras · base nacional
POBRE,https://goiaslibras.educacao.go.gov.br/api/media/ines/palavras/videos/pobreSm_Prog001.mp4,GoiásLibras · base nacional
POBREZA,https://goiaslibras.educacao.go.gov.br/api/media/ines/palavras/videos/pobrezaSm_Prog001.mp4,GoiásLibras · base nacional
PODAR,https://goiaslibras.educacao.go.gov.br/api/media/ines/palavras/videos/podarSm_Prog001.mp4,GoiásLibras · base nacional
PODER-NÃO,https://dicionario.ines.gov.br/public/media/palavras/videos/poder_naoSm_Prog001.mp4,GoiásLibras · base nacional
PODER1,https://goiaslibras.educacao.go.gov.br/api/media/ines/palavras/videos/poder1Sm_Prog001.mp4,GoiásLibras · base nacional
PODER2,https://goiaslibras.educacao.go.gov.br/api/media/ines/palavras/videos/poder2Sm_Prog001.mp4,GoiásLibras · base nacional
PODEROSO,https://goiaslibras.educacao.go.gov.br/api/media/ines/palavras/videos/poderosoSm_Prog001.mp4,GoiásLibras · base nacional
PODRE,https://goiaslibras.educacao.go.gov.br/api/media/ines/palavras/videos/podreSm_Prog001.mp4,GoiásLibras · base nacional
POEIRA,https://goiaslibras.educacao.go.gov.br/api/media/ines/palavras/videos/poeiraSm_Prog001.mp4,GoiásLibras · base nacional
POESIA,https://dicionario.ines.gov.br/public/media/palavras/videos/poesia1Sm_Prog001.mp4,GoiásLibras · base nacional
POESIA,https://goiaslibras.educacao.go.gov.br/api/media/ines/palavras/videos/poesia2Sm_Prog001.mp4,GoiásLibras · base nacional
POLEGAR,https://goiaslibras.educacao.go.gov.br/api/media/ines/palavras/videos/polegarSm_Prog001.mp4,GoiásLibras · base nacional
POLICIAL,https://goiaslibras.educacao.go.gov.br/api/media/ines/palavras/videos/policialSm_Prog001.mp4,GoiásLibras · base nacional
POLIDO,https://goiaslibras.educacao.go.gov.br/api/media/ines/palavras/videos/polidoSm_Prog001.mp4,GoiásLibras · base nacional
POLIGAMIA,https://goiaslibras.educacao.go.gov.br/api/media/ines/palavras/videos/poligamiaSm_Prog001.mp4,GoiásLibras · base nacional
POLIGLOTA,https://goiaslibras.educacao.go.gov.br/api/media/ines/palavras/videos/poliglotaSm_Prog001.mp4,GoiásLibras · base nacional
POLIR,https://dicionario.ines.gov.br/public/media/palavras/videos/polirSm_Prog001.mp4,GoiásLibras · base nacional
POLONÊS,https://goiaslibras.educacao.go.gov.br/api/media/ines/palavras/videos/polonesSm_Prog001.mp4,GoiásLibras · base nacional
POLTRONA,https://goiaslibras.educacao.go.gov.br/api/media/ines/palavras/videos/poltronaSm_Prog001.mp4,GoiásLibras · base nacional
POLUIÇÃO,https://goiaslibras.educacao.go.gov.br/api/media/ines/palavras/videos/poluicaoSm_Prog001.mp4,GoiásLibras · base nacional
POLUÍDO,https://goiaslibras.educacao.go.gov.br/api/media/ines/palavras/videos/poluidoSm_Prog001.mp4,GoiásLibras · base nacional
POLVO,https://goiaslibras.educacao.go.gov.br/api/media/ines/palavras/videos/polvoSm_Prog001.mp4,GoiásLibras · base nacional
POLÊMICA,https://goiaslibras.educacao.go.gov.br/api/media/ines/palavras/videos/polemicaSm_Prog001.mp4,GoiásLibras · base nacional
POLÍCIA CIVIL,https://goiaslibras.educacao.go.gov.br/api/media/ines/palavras/videos/policia_civilSm_Prog001.mp4,GoiásLibras · base nacional
POLÍCIA MILITAR,https://goiaslibras.educacao.go.gov.br/api/media/ines/palavras/videos/policia_militarSm_Prog001.mp4,GoiásLibras · base nacional
POLÍTICA,https://goiaslibras.educacao.go.gov.br/api/media/ines/palavras/videos/politicaSm_Prog001.mp4,GoiásLibras · base nacional
POLÍTICO,https://goiaslibras.educacao.go.gov.br/api/media/ines/palavras/videos/politicoSm_Prog001.mp4,GoiásLibras · base nacional
POLÔNIA,https://goiaslibras.educacao.go.gov.br/api/media/ines/palavras/videos/poloniaSm_Prog001.mp4,GoiásLibras · base nacional
POMADA,https://goiaslibras.educacao.go.gov.br/api/media/ines/palavras/videos/pomadaSm_Prog001.mp4,GoiásLibras · base nacional
POMBO,https://goiaslibras.educacao.go.gov.br/api/media/ines/palavras/videos/pomboSm_Prog001.mp4,GoiásLibras · base nacional
PONTA,https://goiaslibras.educacao.go.gov.br/api/media/ines/palavras/videos/pontaSm_Prog001.mp4,GoiásLibras · base nacional
PONTAPÉ,https://goiaslibras.educacao.go.gov.br/api/media/ines/palavras/videos/pontapeSm_Prog001.mp4,GoiásLibras · base nacional
PONTE,https://goiaslibras.educacao.go.gov.br/api/media/ines/palavras/videos/ponteSm_Prog001.mp4,GoiásLibras · base nacional
PONTEIRO1,https://goiaslibras.educacao.go.gov.br/api/media/ines/palavras/videos/ponteiro1Sm_Prog001.mp4,GoiásLibras · base nacional
PONTEIRO2,https://goiaslibras.educacao.go.gov.br/api/media/ines/palavras/videos/ponteiro2Sm_Prog001.mp4,GoiásLibras · base nacional
PONTO-1,https://dicionario.ines.gov.br/public/media/palavras/videos/dois4Sm_Prog001.mp4,GoiásLibras · base nacional
PONTO1,https://goiaslibras.educacao.go.gov.br/api/media/ines/palavras/videos/ponto1Sm_Prog001.mp4,GoiásLibras · base nacional
PONTO2,https://goiaslibras.educacao.go.gov.br/api/media/ines/palavras/videos/ponto2Sm_Prog001.mp4,GoiásLibras · base nacional
PONTO3,https://goiaslibras.educacao.go.gov.br/api/media/ines/palavras/videos/ponto3Sm_Prog001.mp4,GoiásLibras · base nacional
PONTO4,https://goiaslibras.educacao.go.gov.br/api/media/ines/palavras/videos/ponto4Sm_Prog001.mp4,GoiásLibras · base nacional
PONTO5,https://goiaslibras.educacao.go.gov.br/api/media/ines/palavras/videos/ponto5Sm_Prog001.mp4,GoiásLibras · base nacional
PONTO6,https://goiaslibras.educacao.go.gov.br/api/media/ines/palavras/videos/ponto6Sm_Prog001.mp4,GoiásLibras · base nacional
PONTO7,https://goiaslibras.educacao.go.gov.br/api/media/ines/palavras/videos/ponto7Sm_Prog001.mp4,GoiásLibras · base nacional
PONTUAL,https://goiaslibras.educacao.go.gov.br/api/media/ines/palavras/videos/pontualSm_Prog001.mp4,GoiásLibras · base nacional
PONTUAÇÃO,https://goiaslibras.educacao.go.gov.br/api/media/ines/palavras/videos/pontuacaoSm_Prog001.mp4,GoiásLibras · base nacional
POPULAÇÃO,https://goiaslibras.educacao.go.gov.br/api/media/ines/palavras/videos/populacaoSm_Prog001.mp4,GoiásLibras · base nacional
POR ACASO,https://goiaslibras.educacao.go.gov.br/api/media/ines/palavras/videos/por_acasoSm_Prog001.mp4,GoiásLibras · base nacional
POR CAUSA,https://goiaslibras.educacao.go.gov.br/api/media/ines/palavras/videos/por_causaSm_Prog001.mp4,GoiásLibras · base nacional
POR FAVOR,https://goiaslibras.educacao.go.gov.br/api/media/ines/palavras/videos/por_favorSm_Prog001.mp4,GoiásLibras · base nacional
POR ISSO,https://goiaslibras.educacao.go.gov.br/api/media/ines/palavras/videos/por_issoSm_Prog001.mp4,GoiásLibras · base nacional
PORCARIA,https://goiaslibras.educacao.go.gov.br/api/media/ines/palavras/videos/porcariaSm_Prog001.mp4,GoiásLibras · base nacional
PORCENTAGEM,https://goiaslibras.educacao.go.gov.br/api/media/ines/palavras/videos/porcentagemSm_Prog001.mp4,GoiásLibras · base nacional
PORCO,https://goiaslibras.educacao.go.gov.br/api/media/ines/palavras/videos/porcoSm_Prog001.mp4,GoiásLibras · base nacional
PORCO-ESPINHO,https://goiaslibras.educacao.go.gov.br/api/media/ines/palavras/videos/porco-espinhoSm_Prog001.mp4,GoiásLibras · base nacional
PORNOGRAFIA,https://goiaslibras.educacao.go.gov.br/api/media/ines/palavras/videos/pornografiaSm_Prog001.mp4,GoiásLibras · base nacional
PORQUE,https://goiaslibras.educacao.go.gov.br/api/media/ines/palavras/videos/porqueSm_Prog001.mp4,GoiásLibras · base nacional
PORRADA,https://goiaslibras.educacao.go.gov.br/api/media/ines/palavras/videos/porradaSm_Prog001.mp4,GoiásLibras · base nacional
PORRE,https://goiaslibras.educacao.go.gov.br/api/media/ines/palavras/videos/porreSm_Prog001.mp4,GoiásLibras · base nacional
PORTA-MALAS,https://dicionario.ines.gov.br/public/media/palavras/videos/porta_malaSm_Prog001.mp4,GoiásLibras · base nacional
PORTA-RETRATO,https://goiaslibras.educacao.go.gov.br/api/media/ines/palavras/videos/porta-retratoSm_Prog001.mp4,GoiásLibras · base nacional
PORTA1,https://goiaslibras.educacao.go.gov.br/api/media/ines/palavras/videos/portaSm_Prog001.mp4,GoiásLibras · base nacional
PORTARIA,https://goiaslibras.educacao.go.gov.br/api/media/ines/palavras/videos/portariaSm_Prog001.mp4,GoiásLibras · base nacional
PORTEIRO,https://goiaslibras.educacao.go.gov.br/api/media/ines/palavras/videos/porteiroSm_Prog001.mp4,GoiásLibras · base nacional
PORTO,https://goiaslibras.educacao.go.gov.br/api/media/ines/palavras/videos/portoSm_Prog001.mp4,GoiásLibras · base nacional
PORTO ALEGRE,https://goiaslibras.educacao.go.gov.br/api/media/ines/palavras/videos/porto alegreSm_Prog001.mp4,GoiásLibras · base nacional
PORTO VELHO,https://goiaslibras.educacao.go.gov.br/api/media/ines/palavras/videos/porto_velhoSm_Prog001.mp4,GoiásLibras · base nacional
PORTUGAL,https://goiaslibras.educacao.go.gov.br/api/media/ines/palavras/videos/portugalSm_Prog001.mp4,GoiásLibras · base nacional
PORTUGUÊS,https://goiaslibras.educacao.go.gov.br/api/media/ines/palavras/videos/portuguesSm_Prog001.mp4,GoiásLibras · base nacional
PORTÃO,https://goiaslibras.educacao.go.gov.br/api/media/ines/palavras/videos/portaoSm_Prog001.mp4,GoiásLibras · base nacional
PORTÃO AUTOMÁTICO,https://goiaslibras.educacao.go.gov.br/api/media/ines/palavras/videos/portao_automaticoSm_Prog001.mp4,GoiásLibras · base nacional
POSITIVO,https://goiaslibras.educacao.go.gov.br/api/media/ines/palavras/videos/positivoSm_Prog001.mp4,GoiásLibras · base nacional
POSIÇÃO,https://goiaslibras.educacao.go.gov.br/api/media/ines/palavras/videos/posicaoSm_Prog001.mp4,GoiásLibras · base nacional
POSSIBILIDADE,https://goiaslibras.educacao.go.gov.br/api/media/ines/palavras/videos/possibilidadeSm_Prog001.mp4,GoiásLibras · base nacional
POSSÍVEL,https://goiaslibras.educacao.go.gov.br/api/media/ines/palavras/videos/possivelSm_Prog001.mp4,GoiásLibras · base nacional
POSTE,https://goiaslibras.educacao.go.gov.br/api/media/ines/palavras/videos/posteSm_Prog001.mp4,GoiásLibras · base nacional
POSTERIOR,https://goiaslibras.educacao.go.gov.br/api/media/ines/palavras/videos/posteriorSm_Prog001.mp4,GoiásLibras · base nacional
POSTIÇO,https://goiaslibras.educacao.go.gov.br/api/media/ines/palavras/videos/posticoSm_Prog001.mp4,GoiásLibras · base nacional
POSTO DE GASOLINA,https://goiaslibras.educacao.go.gov.br/api/media/ines/palavras/videos/posto-de-gasolinaSm_Prog001.mp4,GoiásLibras · base nacional
POSTO DE SAÚDE,https://goiaslibras.educacao.go.gov.br/api/media/ines/palavras/videos/posto_de_saudeSm_Prog001.mp4,GoiásLibras · base nacional
POSTURA,https://goiaslibras.educacao.go.gov.br/api/media/ines/palavras/videos/posturaSm_Prog001.mp4,GoiásLibras · base nacional
POTE1,https://goiaslibras.educacao.go.gov.br/api/media/ines/palavras/videos/pote1Sm_Prog001.mp4,GoiásLibras · base nacional
POTE2,https://goiaslibras.educacao.go.gov.br/api/media/ines/palavras/videos/pote2Sm_Prog001.mp4,GoiásLibras · base nacional
POTENCIAL,https://goiaslibras.educacao.go.gov.br/api/media/ines/palavras/videos/potencialSm_Prog001.mp4,GoiásLibras · base nacional
POTENTE,https://goiaslibras.educacao.go.gov.br/api/media/ines/palavras/videos/potenteSm_Prog001.mp4,GoiásLibras · base nacional
POUCO1,https://goiaslibras.educacao.go.gov.br/api/media/ines/palavras/videos/pouco1Sm_Prog001.mp4,GoiásLibras · base nacional
POUCO2,https://goiaslibras.educacao.go.gov.br/api/media/ines/palavras/videos/pouco2Sm_Prog001.mp4,GoiásLibras · base nacional
POUPAR1,https://goiaslibras.educacao.go.gov.br/api/media/ines/palavras/videos/poupar1Sm_Prog001.mp4,GoiásLibras · base nacional
POUPAR2,https://goiaslibras.educacao.go.gov.br/api/media/ines/palavras/videos/poupar2Sm_Prog001.mp4,GoiásLibras · base nacional
POUSAR,https://goiaslibras.educacao.go.gov.br/api/media/ines/palavras/videos/pousarSm_Prog001.mp4,GoiásLibras · base nacional
POVO,https://goiaslibras.educacao.go.gov.br/api/media/ines/palavras/videos/povoSm_Prog001.mp4,GoiásLibras · base nacional
POÇA,https://goiaslibras.educacao.go.gov.br/api/media/ines/palavras/videos/pocaSm_Prog001.mp4,GoiásLibras · base nacional
POÇO,https://goiaslibras.educacao.go.gov.br/api/media/ines/palavras/videos/pocoSm_Prog001.mp4,GoiásLibras · base nacional
PRAIA,https://goiaslibras.educacao.go.gov.br/api/media/ines/palavras/videos/praiaSm_Prog001.mp4,GoiásLibras · base nacional
PRANCHA,https://goiaslibras.educacao.go.gov.br/api/media/ines/palavras/videos/pranchaSm_Prog001.mp4,GoiásLibras · base nacional
PRATA,https://goiaslibras.educacao.go.gov.br/api/media/ines/palavras/videos/prataSm_Prog001.mp4,GoiásLibras · base nacional
PRATEADO,https://goiaslibras.educacao.go.gov.br/api/media/ines/palavras/videos/prateadoSm_Prog001.mp4,GoiásLibras · base nacional
PRATELEIRA,https://goiaslibras.educacao.go.gov.br/api/media/ines/palavras/videos/prateleiraSm_Prog001.mp4,GoiásLibras · base nacional
PRATICAR,https://goiaslibras.educacao.go.gov.br/api/media/ines/palavras/videos/praticarSm_Prog001.mp4,GoiásLibras · base nacional
PRATO,https://goiaslibras.educacao.go.gov.br/api/media/ines/palavras/videos/pratoSm_Prog001.mp4,GoiásLibras · base nacional
PRAZER1,https://goiaslibras.educacao.go.gov.br/api/media/ines/palavras/videos/prazer1Sm_Prog001.mp4,GoiásLibras · base nacional
PRAZER2,https://goiaslibras.educacao.go.gov.br/api/media/ines/palavras/videos/prazer2Sm_Prog001.mp4,GoiásLibras · base nacional
PRAZER3,https://goiaslibras.educacao.go.gov.br/api/media/ines/palavras/videos/prazer3Sm_Prog001.mp4,GoiásLibras · base nacional
PRAZO1,https://goiaslibras.educacao.go.gov.br/api/media/ines/palavras/videos/prazo1Sm_Prog001.mp4,GoiásLibras · base nacional
PRAZO2,https://goiaslibras.educacao.go.gov.br/api/media/ines/palavras/videos/prazo2Sm_Prog001.mp4,GoiásLibras · base nacional
PRAÇA2,https://goiaslibras.educacao.go.gov.br/api/media/ines/palavras/videos/praca2Sm_Prog001.mp4,GoiásLibras · base nacional
PRAÇA3,https://goiaslibras.educacao.go.gov.br/api/media/ines/palavras/videos/praca3Sm_Prog001.mp4,GoiásLibras · base nacional
PRECE,https://goiaslibras.educacao.go.gov.br/api/media/ines/palavras/videos/preceSm_Prog001.mp4,GoiásLibras · base nacional
PRECIOSO,https://goiaslibras.educacao.go.gov.br/api/media/ines/palavras/videos/preciosoSm_Prog001.mp4,GoiásLibras · base nacional
PRECIPITAR,https://goiaslibras.educacao.go.gov.br/api/media/ines/palavras/videos/precipitarSm_Prog001.mp4,GoiásLibras · base nacional
PRECISAR,https://goiaslibras.educacao.go.gov.br/api/media/ines/palavras/videos/precisarSm_Prog001.mp4,GoiásLibras · base nacional
PRECISÃO,https://goiaslibras.educacao.go.gov.br/api/media/ines/palavras/videos/precisaoSm_Prog001.mp4,GoiásLibras · base nacional
PRECOCE,https://goiaslibras.educacao.go.gov.br/api/media/ines/palavras/videos/precoceSm_Prog001.mp4,GoiásLibras · base nacional
PRECONCEITO,https://goiaslibras.educacao.go.gov.br/api/media/ines/palavras/videos/preconceitoSm_Prog001.mp4,GoiásLibras · base nacional
PRECÁRIO,https://goiaslibras.educacao.go.gov.br/api/media/ines/palavras/videos/precarioSm_Prog001.mp4,GoiásLibras · base nacional
PREENCHER,https://goiaslibras.educacao.go.gov.br/api/media/ines/palavras/videos/preencherSm_Prog001.mp4,GoiásLibras · base nacional
PREFEITO,https://goiaslibras.educacao.go.gov.br/api/media/ines/palavras/videos/prefeitoSm_Prog001.mp4,GoiásLibras · base nacional
PREFEITURA,https://goiaslibras.educacao.go.gov.br/api/media/ines/palavras/videos/prefeituraSm_Prog001.mp4,GoiásLibras · base nacional
PREFERIR,https://goiaslibras.educacao.go.gov.br/api/media/ines/palavras/videos/preferirSm_Prog001.mp4,GoiásLibras · base nacional
PREGO,https://goiaslibras.educacao.go.gov.br/api/media/ines/palavras/videos/pregoSm_Prog001.mp4,GoiásLibras · base nacional
PREGUIÇA1,https://goiaslibras.educacao.go.gov.br/api/media/ines/palavras/videos/preguica1Sm_Prog001.mp4,GoiásLibras · base nacional
PREGUIÇA2,https://goiaslibras.educacao.go.gov.br/api/media/ines/palavras/videos/preguica2Sm_Prog001.mp4,GoiásLibras · base nacional
PREGUIÇA3,https://goiaslibras.educacao.go.gov.br/api/media/ines/palavras/videos/preguica3Sm_Prog001.mp4,GoiásLibras · base nacional
PREJUDICAR,https://goiaslibras.educacao.go.gov.br/api/media/ines/palavras/videos/prejudicarSm_Prog001.mp4,GoiásLibras · base nacional
PREJUÍZO,https://goiaslibras.educacao.go.gov.br/api/media/ines/palavras/videos/prejuizoSm_Prog001.mp4,GoiásLibras · base nacional
PREMATURO,https://goiaslibras.educacao.go.gov.br/api/media/ines/palavras/videos/prematuroSm_Prog001.mp4,GoiásLibras · base nacional
PRENDEDOR DE ROUPAS,https://dicionario.ines.gov.br/public/media/palavras/videos/prendedorSm_Prog001.mp4,GoiásLibras · base nacional
PRENDER1,https://goiaslibras.educacao.go.gov.br/api/media/ines/palavras/videos/prender1Sm_Prog001.mp4,GoiásLibras · base nacional
PRENDER2,https://goiaslibras.educacao.go.gov.br/api/media/ines/palavras/videos/prender2Sm_Prog001.mp4,GoiásLibras · base nacional
PREOCUPAR,https://goiaslibras.educacao.go.gov.br/api/media/ines/palavras/videos/preocuparSm_Prog001.mp4,GoiásLibras · base nacional
PREPARAR,https://goiaslibras.educacao.go.gov.br/api/media/ines/palavras/videos/prepararSm_Prog001.mp4,GoiásLibras · base nacional
PRESENTE1,https://goiaslibras.educacao.go.gov.br/api/media/ines/palavras/videos/presente1Sm_Prog001.mp4,GoiásLibras · base nacional
PRESENTE2,https://goiaslibras.educacao.go.gov.br/api/media/ines/palavras/videos/presente2Sm_Prog001.mp4,GoiásLibras · base nacional
PRESENTE3,https://goiaslibras.educacao.go.gov.br/api/media/ines/palavras/videos/presente3Sm_Prog001.mp4,GoiásLibras · base nacional
PRESENTEAR,https://goiaslibras.educacao.go.gov.br/api/media/ines/palavras/videos/presentearSm_Prog001.mp4,GoiásLibras · base nacional
PRESENÇA,https://goiaslibras.educacao.go.gov.br/api/media/ines/palavras/videos/presencaSm_Prog001.mp4,GoiásLibras · base nacional
PRESERVAR,https://goiaslibras.educacao.go.gov.br/api/media/ines/palavras/videos/preservarSm_Prog001.mp4,GoiásLibras · base nacional
PRESIDENTE,https://goiaslibras.educacao.go.gov.br/api/media/ines/palavras/videos/presidenteSm_Prog001.mp4,GoiásLibras · base nacional
PRESIDENTE DA REPÚBLICA,https://dicionario.ines.gov.br/public/media/palavras/videos/presidente-da-republicaSm_Prog001.mp4,GoiásLibras · base nacional
PRESIDIÁRIO,https://goiaslibras.educacao.go.gov.br/api/media/ines/palavras/videos/presidiarioSm_Prog001.mp4,GoiásLibras · base nacional
PRESO,https://goiaslibras.educacao.go.gov.br/api/media/ines/palavras/videos/presoSm_Prog001.mp4,GoiásLibras · base nacional
PRESSA,https://goiaslibras.educacao.go.gov.br/api/media/ines/palavras/videos/pressaSm_Prog001.mp4,GoiásLibras · base nacional
PRESSENTIMENTO,https://goiaslibras.educacao.go.gov.br/api/media/ines/palavras/videos/pressentimentoSm_Prog001.mp4,GoiásLibras · base nacional
PRESSENTIR,https://dicionario.ines.gov.br/public/media/palavras/videos/pressentirSm_Prog001.mp4,GoiásLibras · base nacional
PRESSÃO,https://goiaslibras.educacao.go.gov.br/api/media/ines/palavras/videos/pressaoSm_Prog001.mp4,GoiásLibras · base nacional
PRESTAR ATE NÇÃO,https://goiaslibras.educacao.go.gov.br/api/media/ines/palavras/videos/prestar2Sm_Prog001.mp4,GoiásLibras · base nacional
PRESTAR CUNCURSO,https://goiaslibras.educacao.go.gov.br/api/media/ines/palavras/videos/prestar1Sm_Prog001.mp4,GoiásLibras · base nacional
PRESTAR SERVIÇO,https://goiaslibras.educacao.go.gov.br/api/media/ines/palavras/videos/prestar3Sm_Prog001.mp4,GoiásLibras · base nacional
PRESTAÇÃO1,https://goiaslibras.educacao.go.gov.br/api/media/ines/palavras/videos/prestacao1Sm_Prog001.mp4,GoiásLibras · base nacional
PRESTAÇÃO2,https://goiaslibras.educacao.go.gov.br/api/media/ines/palavras/videos/prestacao2Sm_Prog001.mp4,GoiásLibras · base nacional
PRESUNTO,https://goiaslibras.educacao.go.gov.br/api/media/ines/palavras/videos/presuntoSm_Prog001.mp4,GoiásLibras · base nacional
PRETENDER,https://goiaslibras.educacao.go.gov.br/api/media/ines/palavras/videos/pretenderSm_Prog001.mp4,GoiásLibras · base nacional
PRETO1,https://goiaslibras.educacao.go.gov.br/api/media/ines/palavras/videos/preto1Sm_Prog001.mp4,GoiásLibras · base nacional
PRETO2,https://goiaslibras.educacao.go.gov.br/api/media/ines/palavras/videos/preto2Sm_Prog001.mp4,GoiásLibras · base nacional
PREVENÇÃO,https://goiaslibras.educacao.go.gov.br/api/media/ines/palavras/videos/prevencaoSm_Prog001.mp4,GoiásLibras · base nacional
PREÇO,https://goiaslibras.educacao.go.gov.br/api/media/ines/palavras/videos/precoSm_Prog001.mp4,GoiásLibras · base nacional
PRIMAVERA,https://goiaslibras.educacao.go.gov.br/api/media/ines/palavras/videos/primaveraSm_Prog001.mp4,GoiásLibras · base nacional
PRIMEIRA VEZ,https://goiaslibras.educacao.go.gov.br/api/media/ines/palavras/videos/primeira_vezSm_Prog001.mp4,GoiásLibras · base nacional
PRIMEIRO1,https://goiaslibras.educacao.go.gov.br/api/media/ines/palavras/videos/primeiro1Sm_Prog001.mp4,GoiásLibras · base nacional
PRIMEIRO2,https://goiaslibras.educacao.go.gov.br/api/media/ines/palavras/videos/primeiro2Sm_Prog001.mp4,GoiásLibras · base nacional
PRIMO,https://goiaslibras.educacao.go.gov.br/api/media/ines/palavras/videos/primoSm_Prog001.mp4,GoiásLibras · base nacional
PRINCESA,https://goiaslibras.educacao.go.gov.br/api/media/ines/palavras/videos/princesaSm_Prog001.mp4,GoiásLibras · base nacional
PRINCIPAL,https://goiaslibras.educacao.go.gov.br/api/media/ines/palavras/videos/principalSm_Prog001.mp4,GoiásLibras · base nacional
PRINCIPE,https://goiaslibras.educacao.go.gov.br/api/media/ines/palavras/videos/principeSm_Prog001.mp4,GoiásLibras · base nacional
PRINCÍPIO,https://goiaslibras.educacao.go.gov.br/api/media/ines/palavras/videos/principioSm_Prog001.mp4,GoiásLibras · base nacional
PRIORIDADE,https://goiaslibras.educacao.go.gov.br/api/media/ines/palavras/videos/prioridadeSm_Prog001.mp4,GoiásLibras · base nacional
PRISÃO,https://goiaslibras.educacao.go.gov.br/api/media/ines/palavras/videos/prisaoSm_Prog001.mp4,GoiásLibras · base nacional
PRIVADA,https://goiaslibras.educacao.go.gov.br/api/media/ines/palavras/videos/privadaSm_Prog001.mp4,GoiásLibras · base nacional
PRIVADO,https://goiaslibras.educacao.go.gov.br/api/media/ines/palavras/videos/privadoSm_Prog001.mp4,GoiásLibras · base nacional
PROBLEMA,https://goiaslibras.educacao.go.gov.br/api/media/ines/palavras/videos/problemaSm_Prog001.mp4,GoiásLibras · base nacional
PROBLEMÁTICO,https://goiaslibras.educacao.go.gov.br/api/media/ines/palavras/videos/problematicoSm_Prog001.mp4,GoiásLibras · base nacional
PROCESSAR,https://goiaslibras.educacao.go.gov.br/api/media/ines/palavras/videos/processarSm_Prog001.mp4,GoiásLibras · base nacional
PROCURAR,https://goiaslibras.educacao.go.gov.br/api/media/ines/palavras/videos/procurarSm_Prog001.mp4,GoiásLibras · base nacional
PRODUZIR,https://goiaslibras.educacao.go.gov.br/api/media/ines/palavras/videos/produzirSm_Prog001.mp4,GoiásLibras · base nacional
PRODUÇÃO,https://goiaslibras.educacao.go.gov.br/api/media/ines/palavras/videos/producaoSm_Prog001.mp4,GoiásLibras · base nacional
PROFESSOR,https://goiaslibras.educacao.go.gov.br/api/media/ines/palavras/videos/professorSm_Prog001.mp4,GoiásLibras · base nacional
PROFISSIONAL,https://goiaslibras.educacao.go.gov.br/api/media/ines/palavras/videos/profissionalSm_Prog001.mp4,GoiásLibras · base nacional
PROFISSÃO,https://goiaslibras.educacao.go.gov.br/api/media/ines/palavras/videos/profissaoSm_Prog001.mp4,GoiásLibras · base nacional
PROFUNDO,https://goiaslibras.educacao.go.gov.br/api/media/ines/palavras/videos/profundoSm_Prog001.mp4,GoiásLibras · base nacional
PROGRAMA1,https://goiaslibras.educacao.go.gov.br/api/media/ines/palavras/videos/programaSm_Prog001.mp4,GoiásLibras · base nacional
PROGRAMA2,https://goiaslibras.educacao.go.gov.br/api/media/ines/palavras/videos/programa2Sm_Prog001.mp4,GoiásLibras · base nacional
PROGREDIR,https://goiaslibras.educacao.go.gov.br/api/media/ines/palavras/videos/progredirSm_Prog001.mp4,GoiásLibras · base nacional
PROGRESSO,https://goiaslibras.educacao.go.gov.br/api/media/ines/palavras/videos/progressoSm_Prog001.mp4,GoiásLibras · base nacional
PROIBIR,https://goiaslibras.educacao.go.gov.br/api/media/ines/palavras/videos/proibirSm_Prog001.mp4,GoiásLibras · base nacional
PROJETO,https://goiaslibras.educacao.go.gov.br/api/media/ines/palavras/videos/projetoSm_Prog001.mp4,GoiásLibras · base nacional
PROJETOR DE SLIDES,https://goiaslibras.educacao.go.gov.br/api/media/ines/palavras/videos/projetor_de_slidesSm_Prog001.mp4,GoiásLibras · base nacional
PROLONGADO,https://goiaslibras.educacao.go.gov.br/api/media/ines/palavras/videos/prolongadoSm_Prog001.mp4,GoiásLibras · base nacional
PROLONGAR,https://goiaslibras.educacao.go.gov.br/api/media/ines/palavras/videos/prolongarSm_Prog001.mp4,GoiásLibras · base nacional
PROMETER,https://goiaslibras.educacao.go.gov.br/api/media/ines/palavras/videos/prometerSm_Prog001.mp4,GoiásLibras · base nacional
PROMOVER,https://goiaslibras.educacao.go.gov.br/api/media/ines/palavras/videos/promoverSm_Prog001.mp4,GoiásLibras · base nacional
PROMOÇÃO,https://goiaslibras.educacao.go.gov.br/api/media/ines/palavras/videos/promocaoSm_Prog001.mp4,GoiásLibras · base nacional
PRONTO,https://goiaslibras.educacao.go.gov.br/api/media/ines/palavras/videos/prontoSm_Prog001.mp4,GoiásLibras · base nacional
PROPAGANDA,https://goiaslibras.educacao.go.gov.br/api/media/ines/palavras/videos/propagandaSm_Prog001.mp4,GoiásLibras · base nacional
PROPORCIONAL,https://goiaslibras.educacao.go.gov.br/api/media/ines/palavras/videos/proporcionalSm_Prog001.mp4,GoiásLibras · base nacional
PROPOSTA,https://goiaslibras.educacao.go.gov.br/api/media/ines/palavras/videos/propostaSm_Prog001.mp4,GoiásLibras · base nacional
PROPRIEDADE,https://goiaslibras.educacao.go.gov.br/api/media/ines/palavras/videos/propriedadeSm_Prog001.mp4,GoiásLibras · base nacional
PROPRIETÁRIO,https://goiaslibras.educacao.go.gov.br/api/media/ines/palavras/videos/proprietarioSm_Prog001.mp4,GoiásLibras · base nacional
PROPÓSITO,https://goiaslibras.educacao.go.gov.br/api/media/ines/palavras/videos/propositoSm_Prog001.mp4,GoiásLibras · base nacional
PRORROGAR,https://goiaslibras.educacao.go.gov.br/api/media/ines/palavras/videos/prorrogarSm_Prog001.mp4,GoiásLibras · base nacional
PROSA,https://goiaslibras.educacao.go.gov.br/api/media/ines/palavras/videos/prosaSm_Prog001.mp4,GoiásLibras · base nacional
PROSPERAR,https://goiaslibras.educacao.go.gov.br/api/media/ines/palavras/videos/prosperarSm_Prog001.mp4,GoiásLibras · base nacional
PROSSEGUIR,https://goiaslibras.educacao.go.gov.br/api/media/ines/palavras/videos/prosseguirSm_Prog001.mp4,GoiásLibras · base nacional
PROSTITUIÇÃO,https://goiaslibras.educacao.go.gov.br/api/media/ines/palavras/videos/prostituicaoSm_Prog001.mp4,GoiásLibras · base nacional
PROSTITUTA,https://goiaslibras.educacao.go.gov.br/api/media/ines/palavras/videos/prostitutaSm_Prog001.mp4,GoiásLibras · base nacional
PROTEGER1,https://goiaslibras.educacao.go.gov.br/api/media/ines/palavras/videos/protegerSm_Prog001.mp4,GoiásLibras · base nacional
PROTEGER2,https://goiaslibras.educacao.go.gov.br/api/media/ines/palavras/videos/proteger2Sm_Prog001.mp4,GoiásLibras · base nacional
PROTESTANTE,https://goiaslibras.educacao.go.gov.br/api/media/ines/palavras/videos/protestanteSm_Prog001.mp4,GoiásLibras · base nacional
PROTESTAR,https://goiaslibras.educacao.go.gov.br/api/media/ines/palavras/videos/protestarSm_Prog001.mp4,GoiásLibras · base nacional
PROTEÇÃO,https://goiaslibras.educacao.go.gov.br/api/media/ines/palavras/videos/protecaoSm_Prog001.mp4,GoiásLibras · base nacional
PROVA,https://goiaslibras.educacao.go.gov.br/api/media/ines/palavras/videos/provaSm_Prog001.mp4,GoiásLibras · base nacional
PROVAR1,https://goiaslibras.educacao.go.gov.br/api/media/ines/palavras/videos/provar1Sm_Prog001.mp4,GoiásLibras · base nacional
PROVAR2,https://goiaslibras.educacao.go.gov.br/api/media/ines/palavras/videos/provar2Sm_Prog001.mp4,GoiásLibras · base nacional
PROVAR3,https://goiaslibras.educacao.go.gov.br/api/media/ines/palavras/videos/provar3Sm_Prog001.mp4,GoiásLibras · base nacional
PROVAR4,https://goiaslibras.educacao.go.gov.br/api/media/ines/palavras/videos/provar4Sm_Prog001.mp4,GoiásLibras · base nacional
PROVIDENCIAR,https://goiaslibras.educacao.go.gov.br/api/media/ines/palavras/videos/providenciarSm_Prog001.mp4,GoiásLibras · base nacional
PROVISÓRIO,https://goiaslibras.educacao.go.gov.br/api/media/ines/palavras/videos/provisorioSm_Prog001.mp4,GoiásLibras · base nacional
PROVOCAR1,https://goiaslibras.educacao.go.gov.br/api/media/ines/palavras/videos/provocar1Sm_Prog001.mp4,GoiásLibras · base nacional
PROVOCAR2,https://goiaslibras.educacao.go.gov.br/api/media/ines/palavras/videos/provocar2Sm_Prog001.mp4,GoiásLibras · base nacional
PROVOCAÇÃO,https://goiaslibras.educacao.go.gov.br/api/media/ines/palavras/videos/provocacaoSm_Prog001.mp4,GoiásLibras · base nacional
PROVÁVEL,https://goiaslibras.educacao.go.gov.br/api/media/ines/palavras/videos/provavelSm_Prog001.mp4,GoiásLibras · base nacional
PRÁTICA,https://goiaslibras.educacao.go.gov.br/api/media/ines/palavras/videos/praticaSm_Prog001.mp4,GoiásLibras · base nacional
PRÉDIO1,https://goiaslibras.educacao.go.gov.br/api/media/ines/palavras/videos/predioSm_Prog001.mp4,GoiásLibras · base nacional
PRÉDIO2,https://goiaslibras.educacao.go.gov.br/api/media/ines/palavras/videos/predio2Sm_Prog001.mp4,GoiásLibras · base nacional
PRÊMIO1,https://goiaslibras.educacao.go.gov.br/api/media/ines/palavras/videos/premioSm_Prog001.mp4,GoiásLibras · base nacional
PRÊMIO2,https://goiaslibras.educacao.go.gov.br/api/media/ines/palavras/videos/premio2Sm_Prog001.mp4,GoiásLibras · base nacional
PRÓPRIO,https://goiaslibras.educacao.go.gov.br/api/media/ines/palavras/videos/proprioSm_Prog001.mp4,GoiásLibras · base nacional
PRÓTESE AUDITIVA,https://goiaslibras.educacao.go.gov.br/api/media/ines/palavras/videos/protese_auditivaSm_Prog001.mp4,GoiásLibras · base nacional
PRÓXIMO1,https://goiaslibras.educacao.go.gov.br/api/media/ines/palavras/videos/proximo1Sm_Prog001.mp4,GoiásLibras · base nacional
PRÓXIMO2,https://goiaslibras.educacao.go.gov.br/api/media/ines/palavras/videos/proximo2Sm_Prog001.mp4,GoiásLibras · base nacional
PSICOLOGIA,https://goiaslibras.educacao.go.gov.br/api/media/ines/palavras/videos/psicologiaSm_Prog001.mp4,GoiásLibras · base nacional
PSIQUIATRA,https://goiaslibras.educacao.go.gov.br/api/media/ines/palavras/videos/psiquiatraSm_Prog001.mp4,GoiásLibras · base nacional
PUBLICAR1,https://goiaslibras.educacao.go.gov.br/api/media/ines/palavras/videos/publicar1Sm_Prog001.mp4,GoiásLibras · base nacional
PUBLICAR2,https://goiaslibras.educacao.go.gov.br/api/media/ines/palavras/videos/publicar2Sm_Prog001.mp4,GoiásLibras · base nacional
PUBLICIDADE,https://goiaslibras.educacao.go.gov.br/api/media/ines/palavras/videos/publicidadeSm_Prog001.mp4,GoiásLibras · base nacional
PUDIM,https://goiaslibras.educacao.go.gov.br/api/media/ines/palavras/videos/pudimSm_Prog001.mp4,GoiásLibras · base nacional
PUGILISTA,https://goiaslibras.educacao.go.gov.br/api/media/ines/palavras/videos/pugilistaSm_Prog001.mp4,GoiásLibras · base nacional
PULAR1,https://goiaslibras.educacao.go.gov.br/api/media/ines/palavras/videos/pular1Sm_Prog001.mp4,GoiásLibras · base nacional
PULAR2,https://goiaslibras.educacao.go.gov.br/api/media/ines/palavras/videos/pular2Sm_Prog001.mp4,GoiásLibras · base nacional
PULAR3,https://goiaslibras.educacao.go.gov.br/api/media/ines/palavras/videos/pular3Sm_Prog001.mp4,GoiásLibras · base nacional
PULAR4,https://goiaslibras.educacao.go.gov.br/api/media/ines/palavras/videos/pular4Sm_Prog001.mp4,GoiásLibras · base nacional
PULAR5,https://goiaslibras.educacao.go.gov.br/api/media/ines/palavras/videos/pular5Sm_Prog001.mp4,GoiásLibras · base nacional
PULAR6,https://goiaslibras.educacao.go.gov.br/api/media/ines/palavras/videos/pular6Sm_Prog001.mp4,GoiásLibras · base nacional
PULAR7,https://goiaslibras.educacao.go.gov.br/api/media/ines/palavras/videos/pular7Sm_Prog001.mp4,GoiásLibras · base nacional
PULGA,https://goiaslibras.educacao.go.gov.br/api/media/ines/palavras/videos/pulgaSm_Prog001.mp4,GoiásLibras · base nacional
PULMÃO,https://goiaslibras.educacao.go.gov.br/api/media/ines/palavras/videos/pulmaoSm_Prog001.mp4,GoiásLibras · base nacional
PULSAR,https://goiaslibras.educacao.go.gov.br/api/media/ines/palavras/videos/pulsarSm_Prog001.mp4,GoiásLibras · base nacional
PULSEIRA,https://goiaslibras.educacao.go.gov.br/api/media/ines/palavras/videos/pulseiraSm_Prog001.mp4,GoiásLibras · base nacional
PULSO,https://goiaslibras.educacao.go.gov.br/api/media/ines/palavras/videos/pulsoSm_Prog001.mp4,GoiásLibras · base nacional
PUNHO,https://goiaslibras.educacao.go.gov.br/api/media/ines/palavras/videos/punhoSm_Prog001.mp4,GoiásLibras · base nacional
PUPILA,https://goiaslibras.educacao.go.gov.br/api/media/ines/palavras/videos/pupilaSm_Prog001.mp4,GoiásLibras · base nacional
PURO,https://goiaslibras.educacao.go.gov.br/api/media/ines/palavras/videos/puroSm_Prog001.mp4,GoiásLibras · base nacional
PUS,https://goiaslibras.educacao.go.gov.br/api/media/ines/palavras/videos/pusSm_Prog001.mp4,GoiásLibras · base nacional
PUTA,https://goiaslibras.educacao.go.gov.br/api/media/ines/palavras/videos/putaSm_Prog001.mp4,GoiásLibras · base nacional
PUXA SACO,https://goiaslibras.educacao.go.gov.br/api/media/ines/palavras/videos/puxa_sacoSm_Prog001.mp4,GoiásLibras · base nacional
PUXAR,https://goiaslibras.educacao.go.gov.br/api/media/ines/palavras/videos/puxarSm_Prog001.mp4,GoiásLibras · base nacional
PÁ,https://goiaslibras.educacao.go.gov.br/api/media/ines/palavras/videos/paSm_Prog001.mp4,GoiásLibras · base nacional
PÁGINA1,https://goiaslibras.educacao.go.gov.br/api/media/ines/palavras/videos/paginaSm_Prog001.mp4,GoiásLibras · base nacional
PÁLIDO,https://goiaslibras.educacao.go.gov.br/api/media/ines/palavras/videos/palidoSm_Prog001.mp4,GoiásLibras · base nacional
PÁLPEBRA,https://goiaslibras.educacao.go.gov.br/api/media/ines/palavras/videos/palpebraSm_Prog001.mp4,GoiásLibras · base nacional
PÁRA-BRISA,https://goiaslibras.educacao.go.gov.br/api/media/ines/palavras/videos/para-brisaSm_Prog001.mp4,GoiásLibras · base nacional
PÁRA-QUEDAS,https://dicionario.ines.gov.br/public/media/palavras/videos/paraquedaSm_Prog001.mp4,GoiásLibras · base nacional
PÁSCOA,https://goiaslibras.educacao.go.gov.br/api/media/ines/palavras/videos/pascoaSm_Prog001.mp4,GoiásLibras · base nacional
PÁSSARO1,https://goiaslibras.educacao.go.gov.br/api/media/ines/palavras/videos/passaroSm_Prog001.mp4,GoiásLibras · base nacional
PÁSSARO2,https://goiaslibras.educacao.go.gov.br/api/media/ines/palavras/videos/passaro2Sm_Prog001.mp4,GoiásLibras · base nacional
PÃO,https://goiaslibras.educacao.go.gov.br/api/media/ines/palavras/videos/paoSm_Prog001.mp4,GoiásLibras · base nacional
PÃO-DURO,https://goiaslibras.educacao.go.gov.br/api/media/ines/palavras/videos/pao-duroSm_Prog001.mp4,GoiásLibras · base nacional
PÉ,https://dicionario.ines.gov.br/public/media/palavras/videos/pe1Sm_Prog001.mp4,GoiásLibras · base nacional
PÉ(EM PÉ),https://dicionario.ines.gov.br/public/media/palavras/videos/pe-(em pe)Sm_Prog001.mp4,GoiásLibras · base nacional
PÉ-DE-PATO,https://dicionario.ines.gov.br/public/media/palavras/videos/pe de patoSm_Prog001.mp4,GoiásLibras · base nacional
PÉROLA,https://goiaslibras.educacao.go.gov.br/api/media/ines/palavras/videos/perolaSm_Prog001.mp4,GoiásLibras · base nacional
PÉSSIMO,https://goiaslibras.educacao.go.gov.br/api/media/ines/palavras/videos/pessimoSm_Prog001.mp4,GoiásLibras · base nacional
PÊLO,https://goiaslibras.educacao.go.gov.br/api/media/ines/palavras/videos/peloSm_Prog001.mp4,GoiásLibras · base nacional
PÊNALTI,https://dicionario.ines.gov.br/public/media/palavras/videos/penâltiSm_Prog001.mp4,GoiásLibras · base nacional
PÊNIS,https://dicionario.ines.gov.br/public/media/palavras/videos/penis1Sm_Prog001.mp4,GoiásLibras · base nacional
PÊRA,https://goiaslibras.educacao.go.gov.br/api/media/ines/palavras/videos/peraSm_Prog001.mp4,GoiásLibras · base nacional
PÊSSEGO,https://goiaslibras.educacao.go.gov.br/api/media/ines/palavras/videos/pessegoSm_Prog001.mp4,GoiásLibras · base nacional
PÍLULA,https://goiaslibras.educacao.go.gov.br/api/media/ines/palavras/videos/pilulaSm_Prog001.mp4,GoiásLibras · base nacional
PÓ1,https://goiaslibras.educacao.go.gov.br/api/media/ines/palavras/videos/poSm_Prog001.mp4,GoiásLibras · base nacional
PÓ2,https://goiaslibras.educacao.go.gov.br/api/media/ines/palavras/videos/po2Sm_Prog001.mp4,GoiásLibras · base nacional
PÓLO1,https://goiaslibras.educacao.go.gov.br/api/media/ines/palavras/videos/polo1Sm_Prog001.mp4,GoiásLibras · base nacional
PÓLO2,https://goiaslibras.educacao.go.gov.br/api/media/ines/palavras/videos/polo2Sm_Prog001.mp4,GoiásLibras · base nacional
PÓLO3,https://goiaslibras.educacao.go.gov.br/api/media/ines/palavras/videos/polo3Sm_Prog001.mp4,GoiásLibras · base nacional
PÔNEI,https://goiaslibras.educacao.go.gov.br/api/media/ines/palavras/videos/poneiSm_Prog001.mp4,GoiásLibras · base nacional
PÔR,https://goiaslibras.educacao.go.gov.br/api/media/ines/palavras/videos/porSm_Prog001.mp4,GoiásLibras · base nacional
PÔR-DO-SOL,https://goiaslibras.educacao.go.gov.br/api/media/ines/palavras/videos/por_de_solSm_Prog001.mp4,GoiásLibras · base nacional
PÚBLICO1,https://goiaslibras.educacao.go.gov.br/api/media/ines/palavras/videos/publico1Sm_Prog001.mp4,GoiásLibras · base nacional
PÚBLICO2,https://goiaslibras.educacao.go.gov.br/api/media/ines/palavras/videos/publico2Sm_Prog001.mp4,GoiásLibras · base nacional
Q,https://goiaslibras.educacao.go.gov.br/api/media/ines/palavras/videos/qSm_Prog001.mp4,GoiásLibras · base nacional
QUADRA,https://goiaslibras.educacao.go.gov.br/api/media/ines/palavras/videos/quadraSm_Prog001.mp4,GoiásLibras · base nacional
QUADRADO1,https://goiaslibras.educacao.go.gov.br/api/media/ines/palavras/videos/quadrado1Sm_Prog001.mp4,GoiásLibras · base nacional
QUADRADO2,https://goiaslibras.educacao.go.gov.br/api/media/ines/palavras/videos/quadrilha1Sm_Prog001.mp4,GoiásLibras · base nacional
QUADRADO3,https://goiaslibras.educacao.go.gov.br/api/media/ines/palavras/videos/quadrado3Sm_Prog001.mp4,GoiásLibras · base nacional
QUADRIL,https://goiaslibras.educacao.go.gov.br/api/media/ines/palavras/videos/quadrilSm_Prog001.mp4,GoiásLibras · base nacional
QUADRILHA1,https://goiaslibras.educacao.go.gov.br/api/media/ines/palavras/videos/quadrilha1Sm_Prog001.mp4,GoiásLibras · base nacional
QUADRILHA2,https://goiaslibras.educacao.go.gov.br/api/media/ines/palavras/videos/quadrilha2Sm_Prog001.mp4,GoiásLibras · base nacional
QUADRO,https://goiaslibras.educacao.go.gov.br/api/media/ines/palavras/videos/quadroSm_Prog001.mp4,GoiásLibras · base nacional
QUADRO-NEGRO,https://goiaslibras.educacao.go.gov.br/api/media/ines/palavras/videos/quadro-negroSm_Prog001.mp4,GoiásLibras · base nacional
QUAL1,https://goiaslibras.educacao.go.gov.br/api/media/ines/palavras/videos/qual1Sm_Prog001.mp4,GoiásLibras · base nacional
QUAL2,https://goiaslibras.educacao.go.gov.br/api/media/ines/palavras/videos/qual2Sm_Prog001.mp4,GoiásLibras · base nacional
QUAL3,https://goiaslibras.educacao.go.gov.br/api/media/ines/palavras/videos/qual3Sm_Prog001.mp4,GoiásLibras · base nacional
QUALIDADE,https://goiaslibras.educacao.go.gov.br/api/media/ines/palavras/videos/qualidadeSm_Prog001.mp4,GoiásLibras · base nacional
QUALQUER,https://goiaslibras.educacao.go.gov.br/api/media/ines/palavras/videos/qualquerSm_Prog001.mp4,GoiásLibras · base nacional
QUANDO1,https://goiaslibras.educacao.go.gov.br/api/media/ines/palavras/videos/quando1Sm_Prog001.mp4,GoiásLibras · base nacional
QUANDO2,https://goiaslibras.educacao.go.gov.br/api/media/ines/palavras/videos/quando2Sm_Prog001.mp4,GoiásLibras · base nacional
QUANTIDADE,https://goiaslibras.educacao.go.gov.br/api/media/ines/palavras/videos/quantidadeSm_Prog001.mp4,GoiásLibras · base nacional
QUANTO,https://goiaslibras.educacao.go.gov.br/api/media/ines/palavras/videos/quanto1Sm_Prog001.mp4,GoiásLibras · base nacional
QUANTOS,https://goiaslibras.educacao.go.gov.br/api/media/ines/palavras/videos/quantosSm_Prog001.mp4,GoiásLibras · base nacional
QUARENTA,https://goiaslibras.educacao.go.gov.br/api/media/ines/palavras/videos/quarentaSm_Prog001.mp4,GoiásLibras · base nacional
QUARTA -DE- FINAL,https://goiaslibras.educacao.go.gov.br/api/media/ines/palavras/videos/quarta-de-finalSm_Prog001.mp4,GoiásLibras · base nacional
QUARTA SÉRIE,https://goiaslibras.educacao.go.gov.br/api/media/ines/palavras/videos/quarta-serieSm_Prog001.mp4,GoiásLibras · base nacional
QUARTA-FEIRA,https://goiaslibras.educacao.go.gov.br/api/media/ines/palavras/videos/quarta-feiraSm_Prog001.mp4,GoiásLibras · base nacional
QUARTEL,https://goiaslibras.educacao.go.gov.br/api/media/ines/palavras/videos/quartelSm_Prog001.mp4,GoiásLibras · base nacional
QUARTO1,https://goiaslibras.educacao.go.gov.br/api/media/ines/palavras/videos/quarto1Sm_Prog001.mp4,GoiásLibras · base nacional
QUARTO2,https://goiaslibras.educacao.go.gov.br/api/media/ines/palavras/videos/quarto2Sm_Prog001.mp4,GoiásLibras · base nacional
QUARTO3,https://goiaslibras.educacao.go.gov.br/api/media/ines/palavras/videos/quarto3Sm_Prog001.mp4,GoiásLibras · base nacional
QUARTO4,https://goiaslibras.educacao.go.gov.br/api/media/ines/palavras/videos/quarto4Sm_Prog001.mp4,GoiásLibras · base nacional
QUASE1,https://goiaslibras.educacao.go.gov.br/api/media/ines/palavras/videos/quase1Sm_Prog001.mp4,GoiásLibras · base nacional
QUASE2,https://goiaslibras.educacao.go.gov.br/api/media/ines/palavras/videos/quase2Sm_Prog001.mp4,GoiásLibras · base nacional
QUATORZE,https://goiaslibras.educacao.go.gov.br/api/media/ines/palavras/videos/quatorzeSm_Prog001.mp4,GoiásLibras · base nacional
QUATRO,https://goiaslibras.educacao.go.gov.br/api/media/ines/palavras/videos/quatroSm_Prog001.mp4,GoiásLibras · base nacional
QUATROCENTOS,https://goiaslibras.educacao.go.gov.br/api/media/ines/palavras/videos/quatrocentosSm_Prog001.mp4,GoiásLibras · base nacional
QUE-ISSO,https://goiaslibras.educacao.go.gov.br/api/media/ines/palavras/videos/que_issoSm_Prog001.mp4,GoiásLibras · base nacional
QUE-ISTO ( COISA ),https://dicionario.ines.gov.br/public/media/palavras/videos/que-istoSm_Prog001.mp4,GoiásLibras · base nacional
QUE1,https://goiaslibras.educacao.go.gov.br/api/media/ines/palavras/videos/que1Sm_Prog001.mp4,GoiásLibras · base nacional
QUE2,https://goiaslibras.educacao.go.gov.br/api/media/ines/palavras/videos/que2Sm_Prog001.mp4,GoiásLibras · base nacional
QUEBRA-CABEÇA,https://goiaslibras.educacao.go.gov.br/api/media/ines/palavras/videos/quebra-cabecaSm_Prog001.mp4,GoiásLibras · base nacional
QUEBRA-MOLAS,https://dicionario.ines.gov.br/public/media/palavras/videos/quebra-molaSm_Prog001.mp4,GoiásLibras · base nacional
QUEBRADO,https://goiaslibras.educacao.go.gov.br/api/media/ines/palavras/videos/quebradoSm_Prog001.mp4,GoiásLibras · base nacional
QUEBRAR1,https://goiaslibras.educacao.go.gov.br/api/media/ines/palavras/videos/quebrar1Sm_Prog001.mp4,GoiásLibras · base nacional
QUEBRAR2,https://goiaslibras.educacao.go.gov.br/api/media/ines/palavras/videos/quebrar2Sm_Prog001.mp4,GoiásLibras · base nacional
QUEBRAR3,https://goiaslibras.educacao.go.gov.br/api/media/ines/palavras/videos/quebrar3Sm_Prog001.mp4,GoiásLibras · base nacional
QUEBRAR4,https://goiaslibras.educacao.go.gov.br/api/media/ines/palavras/videos/quebrar4Sm_Prog001.mp4,GoiásLibras · base nacional
QUEDA,https://goiaslibras.educacao.go.gov.br/api/media/ines/palavras/videos/quedaSm_Prog001.mp4,GoiásLibras · base nacional
QUEDA D´ ÁGUA,https://dicionario.ines.gov.br/public/media/palavras/videos/queda d´aguaSm_Prog001.mp4,GoiásLibras · base nacional
QUEIJO,https://goiaslibras.educacao.go.gov.br/api/media/ines/palavras/videos/queijoSm_Prog001.mp4,GoiásLibras · base nacional
QUEIMADO1,https://goiaslibras.educacao.go.gov.br/api/media/ines/palavras/videos/queimado1Sm_Prog001.mp4,GoiásLibras · base nacional
QUEIMADO2,https://goiaslibras.educacao.go.gov.br/api/media/ines/palavras/videos/queimado2Sm_Prog001.mp4,GoiásLibras · base nacional
QUEIMADURA,https://goiaslibras.educacao.go.gov.br/api/media/ines/palavras/videos/queimaduraSm_Prog001.mp4,GoiásLibras · base nacional
QUEIMAR,https://goiaslibras.educacao.go.gov.br/api/media/ines/palavras/videos/queimarSm_Prog001.mp4,GoiásLibras · base nacional
QUEIXO,https://goiaslibras.educacao.go.gov.br/api/media/ines/palavras/videos/queixoSm_Prog001.mp4,GoiásLibras · base nacional
QUEM1,https://goiaslibras.educacao.go.gov.br/api/media/ines/palavras/videos/quem1Sm_Prog001.mp4,GoiásLibras · base nacional
QUEM2,https://goiaslibras.educacao.go.gov.br/api/media/ines/palavras/videos/quem2Sm_Prog001.mp4,GoiásLibras · base nacional
QUEM3,https://goiaslibras.educacao.go.gov.br/api/media/ines/palavras/videos/quem3Sm_Prog001.mp4,GoiásLibras · base nacional
QUENTE,https://goiaslibras.educacao.go.gov.br/api/media/ines/palavras/videos/quenteSm_Prog001.mp4,GoiásLibras · base nacional
QUERER,https://goiaslibras.educacao.go.gov.br/api/media/ines/palavras/videos/quererSm_Prog001.mp4,GoiásLibras · base nacional
QUERER-NÃO,https://dicionario.ines.gov.br/public/media/palavras/videos/querer_naoSm_Prog001.mp4,GoiásLibras · base nacional
QUESTIONÁRIO,https://goiaslibras.educacao.go.gov.br/api/media/video/2026-08-nas/questionario.mp4,GoiásLibras · base nacional
QUESTÃO,https://goiaslibras.educacao.go.gov.br/api/media/ines/palavras/videos/questaoSm_Prog001.mp4,GoiásLibras · base nacional
QUIABO,https://goiaslibras.educacao.go.gov.br/api/media/ines/palavras/videos/quiaboSm_Prog001.mp4,GoiásLibras · base nacional
QUIBE1,https://goiaslibras.educacao.go.gov.br/api/media/ines/palavras/videos/quibe1Sm_Prog001.mp4,GoiásLibras · base nacional
QUIBE2,https://goiaslibras.educacao.go.gov.br/api/media/ines/palavras/videos/quibe2Sm_Prog001.mp4,GoiásLibras · base nacional
QUIETO,https://goiaslibras.educacao.go.gov.br/api/media/ines/palavras/videos/quietoSm_Prog001.mp4,GoiásLibras · base nacional
QUILO,https://goiaslibras.educacao.go.gov.br/api/media/ines/palavras/videos/quilo1Sm_Prog001.mp4,GoiásLibras · base nacional
QUILÔMETRO,https://goiaslibras.educacao.go.gov.br/api/media/ines/palavras/videos/quilometroSm_Prog001.mp4,GoiásLibras · base nacional
QUINTA SÉRIE,https://goiaslibras.educacao.go.gov.br/api/media/ines/palavras/videos/quinta-serieSm_Prog001.mp4,GoiásLibras · base nacional
QUINTA-FEIRA,https://goiaslibras.educacao.go.gov.br/api/media/ines/palavras/videos/quinta-feiraSm_Prog001.mp4,GoiásLibras · base nacional
QUINTAL,https://goiaslibras.educacao.go.gov.br/api/media/ines/palavras/videos/quintalSm_Prog001.mp4,GoiásLibras · base nacional
QUINTO,https://goiaslibras.educacao.go.gov.br/api/media/ines/palavras/videos/quintoSm_Prog001.mp4,GoiásLibras · base nacional
QUINZE,https://goiaslibras.educacao.go.gov.br/api/media/ines/palavras/videos/quinzeSm_Prog001.mp4,GoiásLibras · base nacional
QUINZENA,https://goiaslibras.educacao.go.gov.br/api/media/ines/palavras/videos/quinzenaSm_Prog001.mp4,GoiásLibras · base nacional
QUIOSQUE,https://goiaslibras.educacao.go.gov.br/api/media/ines/palavras/videos/quiosqueSm_Prog001.mp4,GoiásLibras · base nacional
QUITADO,https://goiaslibras.educacao.go.gov.br/api/media/ines/palavras/videos/quitadoSm_Prog001.mp4,GoiásLibras · base nacional
QUITAR1,https://goiaslibras.educacao.go.gov.br/api/media/ines/palavras/videos/quitar1Sm_Prog001.mp4,GoiásLibras · base nacional
QUITAR2,https://goiaslibras.educacao.go.gov.br/api/media/ines/palavras/videos/quitar2Sm_Prog001.mp4,GoiásLibras · base nacional
QUITAR3,https://goiaslibras.educacao.go.gov.br/api/media/ines/palavras/videos/quitar3Sm_Prog001.mp4,GoiásLibras · base nacional
QUITE,https://goiaslibras.educacao.go.gov.br/api/media/ines/palavras/videos/quiteSm_Prog001.mp4,GoiásLibras · base nacional
QUIUÍ,https://goiaslibras.educacao.go.gov.br/api/media/ines/palavras/videos/quiuiSm_Prog001.mp4,GoiásLibras · base nacional
QUÍMICA,https://goiaslibras.educacao.go.gov.br/api/media/ines/palavras/videos/quimicaSm_Prog001.mp4,GoiásLibras · base nacional
R,https://goiaslibras.educacao.go.gov.br/api/media/ines/palavras/videos/rSm_Prog001.mp4,GoiásLibras · base nacional
RABANETE,https://goiaslibras.educacao.go.gov.br/api/media/ines/palavras/videos/rabaneteSm_Prog001.mp4,GoiásLibras · base nacional
RABINO,https://goiaslibras.educacao.go.gov.br/api/media/ines/palavras/videos/rabinoSm_Prog001.mp4,GoiásLibras · base nacional
RABISCAR,https://goiaslibras.educacao.go.gov.br/api/media/ines/palavras/videos/rabiscarSm_Prog001.mp4,GoiásLibras · base nacional
RABO,https://goiaslibras.educacao.go.gov.br/api/media/ines/palavras/videos/raboSm_Prog001.mp4,GoiásLibras · base nacional
RACHAR,https://goiaslibras.educacao.go.gov.br/api/media/ines/palavras/videos/racharSm_Prog001.mp4,GoiásLibras · base nacional
RACIOCINAR,https://goiaslibras.educacao.go.gov.br/api/media/ines/palavras/videos/raciocinarSm_Prog001.mp4,GoiásLibras · base nacional
RACIOCÍNIO,https://goiaslibras.educacao.go.gov.br/api/media/ines/palavras/videos/raciocinioSm_Prog001.mp4,GoiásLibras · base nacional
RADAR1,https://goiaslibras.educacao.go.gov.br/api/media/ines/palavras/videos/radar1Sm_Prog001.mp4,GoiásLibras · base nacional
RADAR2,https://goiaslibras.educacao.go.gov.br/api/media/ines/palavras/videos/radar2Sm_Prog001.mp4,GoiásLibras · base nacional
RADICAL,https://goiaslibras.educacao.go.gov.br/api/media/ines/palavras/videos/radicalSm_Prog001.mp4,GoiásLibras · base nacional
RAINHA,https://goiaslibras.educacao.go.gov.br/api/media/ines/palavras/videos/rainhaSm_Prog001.mp4,GoiásLibras · base nacional
RAIOS X,https://goiaslibras.educacao.go.gov.br/api/media/ines/palavras/videos/raio_xSm_Prog001.mp4,GoiásLibras · base nacional
RAIVA,https://goiaslibras.educacao.go.gov.br/api/media/ines/palavras/videos/raiva2Sm_Prog001.mp4,GoiásLibras · base nacional
RAIZ,https://goiaslibras.educacao.go.gov.br/api/media/ines/palavras/videos/raiz1Sm_Prog001.mp4,GoiásLibras · base nacional
RALADOR,https://goiaslibras.educacao.go.gov.br/api/media/ines/palavras/videos/raladorSm_Prog001.mp4,GoiásLibras · base nacional
RALAR,https://goiaslibras.educacao.go.gov.br/api/media/ines/palavras/videos/ralarSm_Prog001.mp4,GoiásLibras · base nacional
RAMALHETE,https://goiaslibras.educacao.go.gov.br/api/media/ines/palavras/videos/ramalheteSm_Prog001.mp4,GoiásLibras · base nacional
RAMPA,https://goiaslibras.educacao.go.gov.br/api/media/ines/palavras/videos/rampaSm_Prog001.mp4,GoiásLibras · base nacional
RANCOR,https://goiaslibras.educacao.go.gov.br/api/media/ines/palavras/videos/rancorSm_Prog001.mp4,GoiásLibras · base nacional
RANGER,https://goiaslibras.educacao.go.gov.br/api/media/ines/palavras/videos/rangerSm_Prog001.mp4,GoiásLibras · base nacional
RAPAZ,https://goiaslibras.educacao.go.gov.br/api/media/ines/palavras/videos/rapazSm_Prog001.mp4,GoiásLibras · base nacional
RAPOSA,https://goiaslibras.educacao.go.gov.br/api/media/ines/palavras/videos/raposaSm_Prog001.mp4,GoiásLibras · base nacional
RAPTAR,https://goiaslibras.educacao.go.gov.br/api/media/ines/palavras/videos/raptarSm_Prog001.mp4,GoiásLibras · base nacional
RAPTO,https://goiaslibras.educacao.go.gov.br/api/media/ines/palavras/videos/raptoSm_Prog001.mp4,GoiásLibras · base nacional
RAQUETE,https://goiaslibras.educacao.go.gov.br/api/media/ines/palavras/videos/raqueteSm_Prog001.mp4,GoiásLibras · base nacional
RARO,https://goiaslibras.educacao.go.gov.br/api/media/ines/palavras/videos/raroSm_Prog001.mp4,GoiásLibras · base nacional
RASCUNHO,https://goiaslibras.educacao.go.gov.br/api/media/ines/palavras/videos/rascunhoSm_Prog001.mp4,GoiásLibras · base nacional
RASGAR1,https://goiaslibras.educacao.go.gov.br/api/media/ines/palavras/videos/rasgar1Sm_Prog001.mp4,GoiásLibras · base nacional
RASGAR2,https://goiaslibras.educacao.go.gov.br/api/media/ines/palavras/videos/rasgar2Sm_Prog001.mp4,GoiásLibras · base nacional
RASO,https://goiaslibras.educacao.go.gov.br/api/media/ines/palavras/videos/rasoSm_Prog001.mp4,GoiásLibras · base nacional
RASPAR,https://goiaslibras.educacao.go.gov.br/api/media/ines/palavras/videos/rasparSm_Prog001.mp4,GoiásLibras · base nacional
RASTEJAR1,https://goiaslibras.educacao.go.gov.br/api/media/ines/palavras/videos/rastejarSm_Prog001.mp4,GoiásLibras · base nacional
RASTEJAR2,https://goiaslibras.educacao.go.gov.br/api/media/ines/palavras/videos/rastejar2Sm_Prog001.mp4,GoiásLibras · base nacional
RASURA,https://goiaslibras.educacao.go.gov.br/api/media/ines/palavras/videos/rasuraSm_Prog001.mp4,GoiásLibras · base nacional
RATAZANA,https://goiaslibras.educacao.go.gov.br/api/media/ines/palavras/videos/ratazanaSm_Prog001.mp4,GoiásLibras · base nacional
RATO,https://goiaslibras.educacao.go.gov.br/api/media/ines/palavras/videos/ratoSm_Prog001.mp4,GoiásLibras · base nacional
RATOEIRA,https://goiaslibras.educacao.go.gov.br/api/media/ines/palavras/videos/ratoeiraSm_Prog001.mp4,GoiásLibras · base nacional
RAZOÁVEL,https://goiaslibras.educacao.go.gov.br/api/media/ines/palavras/videos/razoavelSm_Prog001.mp4,GoiásLibras · base nacional
RAZÃO,https://goiaslibras.educacao.go.gov.br/api/media/ines/palavras/videos/razaoSm_Prog001.mp4,GoiásLibras · base nacional
RAÇA1,https://goiaslibras.educacao.go.gov.br/api/media/ines/palavras/videos/raca1Sm_Prog001.mp4,GoiásLibras · base nacional
RAÇA2,https://goiaslibras.educacao.go.gov.br/api/media/ines/palavras/videos/raca2Sm_Prog001.mp4,GoiásLibras · base nacional
REAGIR,https://goiaslibras.educacao.go.gov.br/api/media/ines/palavras/videos/reagirSm_Prog001.mp4,GoiásLibras · base nacional
REAL1,https://goiaslibras.educacao.go.gov.br/api/media/ines/palavras/videos/real1Sm_Prog001.mp4,GoiásLibras · base nacional
REAL2,https://goiaslibras.educacao.go.gov.br/api/media/ines/palavras/videos/real2Sm_Prog001.mp4,GoiásLibras · base nacional
REALIDADE,https://goiaslibras.educacao.go.gov.br/api/media/ines/palavras/videos/realidadeSm_Prog001.mp4,GoiásLibras · base nacional
REALIZAR,https://goiaslibras.educacao.go.gov.br/api/media/ines/palavras/videos/realizarSm_Prog001.mp4,GoiásLibras · base nacional
REBAIXADO,https://goiaslibras.educacao.go.gov.br/api/media/ines/palavras/videos/rebaixadoSm_Prog001.mp4,GoiásLibras · base nacional
REBELDE,https://goiaslibras.educacao.go.gov.br/api/media/ines/palavras/videos/rebeldeSm_Prog001.mp4,GoiásLibras · base nacional
REBELIÃO,https://goiaslibras.educacao.go.gov.br/api/media/ines/palavras/videos/rebeliaoSm_Prog001.mp4,GoiásLibras · base nacional
REBOCAR,https://goiaslibras.educacao.go.gov.br/api/media/ines/palavras/videos/rebocar_2Sm_Prog001.mp4,GoiásLibras · base nacional
REBOCAR2,https://goiaslibras.educacao.go.gov.br/api/media/ines/palavras/videos/rebocar2Sm_Prog001.mp4,GoiásLibras · base nacional
REBOLAR,https://goiaslibras.educacao.go.gov.br/api/media/ines/palavras/videos/rebolarSm_Prog001.mp4,GoiásLibras · base nacional
REBOQUE,https://goiaslibras.educacao.go.gov.br/api/media/ines/palavras/videos/reboqueSm_Prog001.mp4,GoiásLibras · base nacional
RECADO1,https://goiaslibras.educacao.go.gov.br/api/media/ines/palavras/videos/recado_1Sm_Prog001.mp4,GoiásLibras · base nacional
RECADO2,https://goiaslibras.educacao.go.gov.br/api/media/ines/palavras/videos/recado2Sm_Prog001.mp4,GoiásLibras · base nacional
RECEBER,https://goiaslibras.educacao.go.gov.br/api/media/ines/palavras/videos/receberSm_Prog001.mp4,GoiásLibras · base nacional
RECEIO,https://goiaslibras.educacao.go.gov.br/api/media/ines/palavras/videos/receioSm_Prog001.mp4,GoiásLibras · base nacional
RECEITA1,https://goiaslibras.educacao.go.gov.br/api/media/ines/palavras/videos/receita1Sm_Prog001.mp4,GoiásLibras · base nacional
RECEITA2,https://goiaslibras.educacao.go.gov.br/api/media/ines/palavras/videos/receita2Sm_Prog001.mp4,GoiásLibras · base nacional
RECENTE,https://goiaslibras.educacao.go.gov.br/api/media/ines/palavras/videos/recenteSm_Prog001.mp4,GoiásLibras · base nacional
RECHEIO,https://goiaslibras.educacao.go.gov.br/api/media/ines/palavras/videos/recheioSm_Prog001.mp4,GoiásLibras · base nacional
RECHONCHUDO,https://goiaslibras.educacao.go.gov.br/api/media/ines/palavras/videos/rechonchudoSm_Prog001.mp4,GoiásLibras · base nacional
RECIBO,https://goiaslibras.educacao.go.gov.br/api/media/ines/palavras/videos/reciboSm_Prog001.mp4,GoiásLibras · base nacional
RECIFE,https://goiaslibras.educacao.go.gov.br/api/media/ines/palavras/videos/recifeSm_Prog001.mp4,GoiásLibras · base nacional
RECLAMAR,https://goiaslibras.educacao.go.gov.br/api/media/ines/palavras/videos/reclamarSm_Prog001.mp4,GoiásLibras · base nacional
RECLINAR,https://dicionario.ines.gov.br/public/media/palavras/videos/reclinarSm_Prog001.mp4,GoiásLibras · base nacional
RECOLHER,https://goiaslibras.educacao.go.gov.br/api/media/ines/palavras/videos/recolherSm_Prog001.mp4,GoiásLibras · base nacional
RECONCILIAR,https://goiaslibras.educacao.go.gov.br/api/media/ines/palavras/videos/reconciliarSm_Prog001.mp4,GoiásLibras · base nacional
RECONCILIAÇÃO,https://goiaslibras.educacao.go.gov.br/api/media/ines/palavras/videos/reconciliacaoSm_Prog001.mp4,GoiásLibras · base nacional
RECONHECER,https://goiaslibras.educacao.go.gov.br/api/media/ines/palavras/videos/reconhecerSm_Prog001.mp4,GoiásLibras · base nacional
RECORDAR,https://goiaslibras.educacao.go.gov.br/api/media/ines/palavras/videos/recordarSm_Prog001.mp4,GoiásLibras · base nacional
RECORDAÇÃO,https://goiaslibras.educacao.go.gov.br/api/media/ines/palavras/videos/recordacaoSm_Prog001.mp4,GoiásLibras · base nacional
RECORTAR,https://goiaslibras.educacao.go.gov.br/api/media/ines/palavras/videos/recortarSm_Prog001.mp4,GoiásLibras · base nacional
RECREIO,https://goiaslibras.educacao.go.gov.br/api/media/ines/palavras/videos/recreioSm_Prog001.mp4,GoiásLibras · base nacional
RECUAR,https://goiaslibras.educacao.go.gov.br/api/media/ines/palavras/videos/recuarSm_Prog001.mp4,GoiásLibras · base nacional
RECUPERAR,https://goiaslibras.educacao.go.gov.br/api/media/ines/palavras/videos/recuperarSm_Prog001.mp4,GoiásLibras · base nacional
RECUPERAÇÃO1,https://goiaslibras.educacao.go.gov.br/api/media/ines/palavras/videos/recuperacao1Sm_Prog001.mp4,GoiásLibras · base nacional
RECUPERAÇÃO2,https://goiaslibras.educacao.go.gov.br/api/media/ines/palavras/videos/recuperacao2Sm_Prog001.mp4,GoiásLibras · base nacional
RECURSO1,https://goiaslibras.educacao.go.gov.br/api/media/ines/palavras/videos/recurso1Sm_Prog001.mp4,GoiásLibras · base nacional
RECURSO2,https://goiaslibras.educacao.go.gov.br/api/media/ines/palavras/videos/recurso2Sm_Prog001.mp4,GoiásLibras · base nacional
RECUSAR,https://goiaslibras.educacao.go.gov.br/api/media/ines/palavras/videos/recusar1Sm_Prog001.mp4,GoiásLibras · base nacional
RECÉM,https://goiaslibras.educacao.go.gov.br/api/media/ines/palavras/videos/recemSm_Prog001.mp4,GoiásLibras · base nacional
REDAÇÃO,https://goiaslibras.educacao.go.gov.br/api/media/ines/palavras/videos/redacaoSm_Prog001.mp4,GoiásLibras · base nacional
REDE 1,https://goiaslibras.educacao.go.gov.br/api/media/ines/palavras/videos/rede1Sm_Prog001.mp4,GoiásLibras · base nacional
REDE 2,https://goiaslibras.educacao.go.gov.br/api/media/ines/palavras/videos/rede2Sm_Prog001.mp4,GoiásLibras · base nacional
REDE3,https://goiaslibras.educacao.go.gov.br/api/media/ines/palavras/videos/rede3Sm_Prog001.mp4,GoiásLibras · base nacional
REDONDO,https://goiaslibras.educacao.go.gov.br/api/media/ines/palavras/videos/redondoSm_Prog001.mp4,GoiásLibras · base nacional
REDOR,https://goiaslibras.educacao.go.gov.br/api/media/ines/palavras/videos/redorSm_Prog001.mp4,GoiásLibras · base nacional
REDUZIR,https://goiaslibras.educacao.go.gov.br/api/media/ines/palavras/videos/reduzirSm_Prog001.mp4,GoiásLibras · base nacional
REDUÇÃO,https://goiaslibras.educacao.go.gov.br/api/media/ines/palavras/videos/reducaoSm_Prog001.mp4,GoiásLibras · base nacional
REFEIÇÃO,https://goiaslibras.educacao.go.gov.br/api/media/ines/palavras/videos/refeicaoSm_Prog001.mp4,GoiásLibras · base nacional
REFLETIR1,https://goiaslibras.educacao.go.gov.br/api/media/ines/palavras/videos/refletir1Sm_Prog001.mp4,GoiásLibras · base nacional
REFLETIR2,https://goiaslibras.educacao.go.gov.br/api/media/ines/palavras/videos/refletir2Sm_Prog001.mp4,GoiásLibras · base nacional
REFLEXO,https://goiaslibras.educacao.go.gov.br/api/media/ines/palavras/videos/reflexoSm_Prog001.mp4,GoiásLibras · base nacional
REFORMA1,https://goiaslibras.educacao.go.gov.br/api/media/ines/palavras/videos/reforma1Sm_Prog001.mp4,GoiásLibras · base nacional
REFORMA2,https://goiaslibras.educacao.go.gov.br/api/media/ines/palavras/videos/reforma2Sm_Prog001.mp4,GoiásLibras · base nacional
REFORMAR,https://goiaslibras.educacao.go.gov.br/api/media/ines/palavras/videos/reformarSm_Prog001.mp4,GoiásLibras · base nacional
REFORÇO,https://goiaslibras.educacao.go.gov.br/api/media/ines/palavras/videos/reforcoSm_Prog001.mp4,GoiásLibras · base nacional
REFRESCAR,https://goiaslibras.educacao.go.gov.br/api/media/ines/palavras/videos/refrescarSm_Prog001.mp4,GoiásLibras · base nacional
REFRIGERANTE1,https://goiaslibras.educacao.go.gov.br/api/media/ines/palavras/videos/refrigeranteSm_Prog001.mp4,GoiásLibras · base nacional
REFRIGERANTE2,https://dicionario.ines.gov.br/public/media/palavras/videos/refrigerante_lataSm_Prog001.mp4,GoiásLibras · base nacional
REGER,https://goiaslibras.educacao.go.gov.br/api/media/ines/palavras/videos/regerSm_Prog001.mp4,GoiásLibras · base nacional
REGIME,https://goiaslibras.educacao.go.gov.br/api/media/ines/palavras/videos/regimeSm_Prog001.mp4,GoiásLibras · base nacional
REGIMENTO,https://goiaslibras.educacao.go.gov.br/api/media/ines/palavras/videos/regimentoSm_Prog001.mp4,GoiásLibras · base nacional
REGIONAL,https://goiaslibras.educacao.go.gov.br/api/media/ines/palavras/videos/regionalSm_Prog001.mp4,GoiásLibras · base nacional
REGISTRO,https://goiaslibras.educacao.go.gov.br/api/media/ines/palavras/videos/registroSm_Prog001.mp4,GoiásLibras · base nacional
REGIÃO,https://goiaslibras.educacao.go.gov.br/api/media/ines/palavras/videos/regiaoSm_Prog001.mp4,GoiásLibras · base nacional
REGRA,https://goiaslibras.educacao.go.gov.br/api/media/ines/palavras/videos/regraSm_Prog001.mp4,GoiásLibras · base nacional
REGRESSAR,https://goiaslibras.educacao.go.gov.br/api/media/ines/palavras/videos/regressarSm_Prog001.mp4,GoiásLibras · base nacional
REGULAR1,https://goiaslibras.educacao.go.gov.br/api/media/ines/palavras/videos/regular1Sm_Prog001.mp4,GoiásLibras · base nacional
REGULAR2,https://goiaslibras.educacao.go.gov.br/api/media/ines/palavras/videos/regular2Sm_Prog001.mp4,GoiásLibras · base nacional
REI,https://goiaslibras.educacao.go.gov.br/api/media/ines/palavras/videos/reiSm_Prog001.mp4,GoiásLibras · base nacional
REINO,https://goiaslibras.educacao.go.gov.br/api/media/ines/palavras/videos/reinoSm_Prog001.mp4,GoiásLibras · base nacional
REITOR,https://goiaslibras.educacao.go.gov.br/api/media/ines/palavras/videos/reitorSm_Prog001.mp4,GoiásLibras · base nacional
REIVINDICAR,https://goiaslibras.educacao.go.gov.br/api/media/ines/palavras/videos/reivindicarSm_Prog001.mp4,GoiásLibras · base nacional
REJEITADO,https://goiaslibras.educacao.go.gov.br/api/media/ines/palavras/videos/rejeitado1Sm_Prog001.mp4,GoiásLibras · base nacional
REJEITAR,https://goiaslibras.educacao.go.gov.br/api/media/ines/palavras/videos/rejeitarSm_Prog001.mp4,GoiásLibras · base nacional
RELACIONAMENTO,https://goiaslibras.educacao.go.gov.br/api/media/ines/palavras/videos/relacionamentoSm_Prog001.mp4,GoiásLibras · base nacional
RELACIONAR,https://goiaslibras.educacao.go.gov.br/api/media/ines/palavras/videos/relacionarSm_Prog001.mp4,GoiásLibras · base nacional
RELATAR,https://goiaslibras.educacao.go.gov.br/api/media/ines/palavras/videos/relatarSm_Prog001.mp4,GoiásLibras · base nacional
RELATÓRIO,https://goiaslibras.educacao.go.gov.br/api/media/ines/palavras/videos/relatorioSm_Prog001.mp4,GoiásLibras · base nacional
RELAXADO1,https://goiaslibras.educacao.go.gov.br/api/media/ines/palavras/videos/relaxado1Sm_Prog001.mp4,GoiásLibras · base nacional
RELAXADO2,https://goiaslibras.educacao.go.gov.br/api/media/ines/palavras/videos/relaxado2Sm_Prog001.mp4,GoiásLibras · base nacional
RELAXAMENTO,https://goiaslibras.educacao.go.gov.br/api/media/ines/palavras/videos/relaxamentoSm_Prog001.mp4,GoiásLibras · base nacional
RELAXAR,https://goiaslibras.educacao.go.gov.br/api/media/ines/palavras/videos/relaxarSm_Prog001.mp4,GoiásLibras · base nacional
RELAÇÃO SEXUAL,https://goiaslibras.educacao.go.gov.br/api/media/ines/palavras/videos/relacao3Sm_Prog001.mp4,GoiásLibras · base nacional
RELAÇÃO1,https://goiaslibras.educacao.go.gov.br/api/media/ines/palavras/videos/relacao1Sm_Prog001.mp4,GoiásLibras · base nacional
RELAÇÃO2,https://goiaslibras.educacao.go.gov.br/api/media/ines/palavras/videos/relacao2Sm_Prog001.mp4,GoiásLibras · base nacional
RELIGIÃO,https://goiaslibras.educacao.go.gov.br/api/media/ines/palavras/videos/religiaoSm_Prog001.mp4,GoiásLibras · base nacional
RELÂMPAGO,https://goiaslibras.educacao.go.gov.br/api/media/ines/palavras/videos/relampagoSm_Prog001.mp4,GoiásLibras · base nacional
RELÓGIO1,https://goiaslibras.educacao.go.gov.br/api/media/ines/palavras/videos/relogio1Sm_Prog001.mp4,GoiásLibras · base nacional
REMAR,https://goiaslibras.educacao.go.gov.br/api/media/ines/palavras/videos/remarSm_Prog001.mp4,GoiásLibras · base nacional
REMETER,https://goiaslibras.educacao.go.gov.br/api/media/ines/palavras/videos/remeterSm_Prog001.mp4,GoiásLibras · base nacional
REMORSO,https://goiaslibras.educacao.go.gov.br/api/media/ines/palavras/videos/remorsoSm_Prog001.mp4,GoiásLibras · base nacional
REMÉDIO,https://goiaslibras.educacao.go.gov.br/api/media/ines/palavras/videos/remedioSm_Prog001.mp4,GoiásLibras · base nacional
RENDA,https://goiaslibras.educacao.go.gov.br/api/media/ines/palavras/videos/rendaSm_Prog001.mp4,GoiásLibras · base nacional
RENOVAR,https://goiaslibras.educacao.go.gov.br/api/media/ines/palavras/videos/renovarSm_Prog001.mp4,GoiásLibras · base nacional
RENUNCIAR,https://goiaslibras.educacao.go.gov.br/api/media/ines/palavras/videos/renunciarSm_Prog001.mp4,GoiásLibras · base nacional
REPARAR,https://goiaslibras.educacao.go.gov.br/api/media/ines/palavras/videos/repararSm_Prog001.mp4,GoiásLibras · base nacional
REPARTIR,https://goiaslibras.educacao.go.gov.br/api/media/ines/palavras/videos/repartirSm_Prog001.mp4,GoiásLibras · base nacional
REPETIR,https://goiaslibras.educacao.go.gov.br/api/media/ines/palavras/videos/repetirSm_Prog001.mp4,GoiásLibras · base nacional
REPETIÇÃO,https://goiaslibras.educacao.go.gov.br/api/media/ines/palavras/videos/repeticaoSm_Prog001.mp4,GoiásLibras · base nacional
REPOLHO,https://goiaslibras.educacao.go.gov.br/api/media/ines/palavras/videos/repolhoSm_Prog001.mp4,GoiásLibras · base nacional
REPOUSAR,https://goiaslibras.educacao.go.gov.br/api/media/ines/palavras/videos/repousarSm_Prog001.mp4,GoiásLibras · base nacional
REPREENDER,https://goiaslibras.educacao.go.gov.br/api/media/ines/palavras/videos/repreenderSm_Prog001.mp4,GoiásLibras · base nacional
REPRESENTANTE,https://goiaslibras.educacao.go.gov.br/api/media/ines/palavras/videos/representanteSm_Prog001.mp4,GoiásLibras · base nacional
REPRESENTAR,https://goiaslibras.educacao.go.gov.br/api/media/ines/palavras/videos/representarSm_Prog001.mp4,GoiásLibras · base nacional
REPROVADO,https://dicionario.ines.gov.br/public/media/palavras/videos/reprovado1Sm_Prog001.mp4,GoiásLibras · base nacional
REPROVAR,https://goiaslibras.educacao.go.gov.br/api/media/ines/palavras/videos/reprovarSm_Prog001.mp4,GoiásLibras · base nacional
REPÓRTER,https://goiaslibras.educacao.go.gov.br/api/media/ines/palavras/videos/reporterSm_Prog001.mp4,GoiásLibras · base nacional
RESERVA,https://goiaslibras.educacao.go.gov.br/api/media/ines/palavras/videos/reservaSm_Prog001.mp4,GoiásLibras · base nacional
RESERVADO,https://goiaslibras.educacao.go.gov.br/api/media/ines/palavras/videos/reservadoSm_Prog001.mp4,GoiásLibras · base nacional
RESERVAR1,https://dicionario.ines.gov.br/public/media/palavras/videos/reservar1Sm_Prog001.mp4,GoiásLibras · base nacional
RESERVAR2,https://goiaslibras.educacao.go.gov.br/api/media/ines/palavras/videos/reservar2Sm_Prog001.mp4,GoiásLibras · base nacional
RESERVATÓRIO,https://goiaslibras.educacao.go.gov.br/api/media/ines/palavras/videos/reservatorioSm_Prog001.mp4,GoiásLibras · base nacional
RESFRIADO,https://goiaslibras.educacao.go.gov.br/api/media/ines/palavras/videos/resfriadoSm_Prog001.mp4,GoiásLibras · base nacional
RESIDÊNCIA,https://goiaslibras.educacao.go.gov.br/api/media/ines/palavras/videos/residenciaSm_Prog001.mp4,GoiásLibras · base nacional
RESISTIR,https://goiaslibras.educacao.go.gov.br/api/media/ines/palavras/videos/resistir1Sm_Prog001.mp4,GoiásLibras · base nacional
RESOLVER,https://goiaslibras.educacao.go.gov.br/api/media/ines/palavras/videos/resolverSm_Prog001.mp4,GoiásLibras · base nacional
RESPEITAR,https://goiaslibras.educacao.go.gov.br/api/media/ines/palavras/videos/respeitarSm_Prog001.mp4,GoiásLibras · base nacional
RESPEITO,https://goiaslibras.educacao.go.gov.br/api/media/ines/palavras/videos/respeitoSm_Prog001.mp4,GoiásLibras · base nacional
RESPIRAR,https://goiaslibras.educacao.go.gov.br/api/media/ines/palavras/videos/respirarSm_Prog001.mp4,GoiásLibras · base nacional
RESPONDER,https://goiaslibras.educacao.go.gov.br/api/media/ines/palavras/videos/responderSm_Prog001.mp4,GoiásLibras · base nacional
RESPONDÃO,https://goiaslibras.educacao.go.gov.br/api/media/ines/palavras/videos/respondaoSm_Prog001.mp4,GoiásLibras · base nacional
RESPONSABILIDADE,https://goiaslibras.educacao.go.gov.br/api/media/ines/palavras/videos/responsabilidadeSm_Prog001.mp4,GoiásLibras · base nacional
RESPONSÁVEL,https://goiaslibras.educacao.go.gov.br/api/media/ines/palavras/videos/responsavelSm_Prog001.mp4,GoiásLibras · base nacional
RESPOSTA,https://goiaslibras.educacao.go.gov.br/api/media/ines/palavras/videos/respostaSm_Prog001.mp4,GoiásLibras · base nacional
RESSACA,https://goiaslibras.educacao.go.gov.br/api/media/ines/palavras/videos/ressacaSm_Prog001.mp4,GoiásLibras · base nacional
RESSENTIMENTO,https://goiaslibras.educacao.go.gov.br/api/media/ines/palavras/videos/ressentimentoSm_Prog001.mp4,GoiásLibras · base nacional
RESSURREIÇÃO,https://goiaslibras.educacao.go.gov.br/api/media/ines/palavras/videos/ressurreicaoSm_Prog001.mp4,GoiásLibras · base nacional
RESTAR,https://goiaslibras.educacao.go.gov.br/api/media/ines/palavras/videos/restarSm_Prog001.mp4,GoiásLibras · base nacional
RESTAURANTE,https://goiaslibras.educacao.go.gov.br/api/media/ines/palavras/videos/restauranteSm_Prog001.mp4,GoiásLibras · base nacional
RESTAURAR,https://goiaslibras.educacao.go.gov.br/api/media/ines/palavras/videos/restaurarSm_Prog001.mp4,GoiásLibras · base nacional
RESULTADO,https://goiaslibras.educacao.go.gov.br/api/media/ines/palavras/videos/resultadoSm_Prog001.mp4,GoiásLibras · base nacional
RESUMIR,https://goiaslibras.educacao.go.gov.br/api/media/ines/palavras/videos/resumirSm_Prog001.mp4,GoiásLibras · base nacional
RESUMO,https://dicionario.ines.gov.br/public/media/palavras/videos/resumoSm_Prog001.mp4,GoiásLibras · base nacional
RETIRAR1,https://goiaslibras.educacao.go.gov.br/api/media/ines/palavras/videos/retirar1Sm_Prog001.mp4,GoiásLibras · base nacional
RETIRAR2,https://goiaslibras.educacao.go.gov.br/api/media/ines/palavras/videos/retirar2Sm_Prog001.mp4,GoiásLibras · base nacional
RETO,https://goiaslibras.educacao.go.gov.br/api/media/ines/palavras/videos/retoSm_Prog001.mp4,GoiásLibras · base nacional
RETOCAR,https://goiaslibras.educacao.go.gov.br/api/media/ines/palavras/videos/retocarSm_Prog001.mp4,GoiásLibras · base nacional
RETORNAR,https://goiaslibras.educacao.go.gov.br/api/media/ines/palavras/videos/retornarSm_Prog001.mp4,GoiásLibras · base nacional
RETORNO,https://goiaslibras.educacao.go.gov.br/api/media/ines/palavras/videos/retornoSm_Prog001.mp4,GoiásLibras · base nacional
RETRATAR,https://goiaslibras.educacao.go.gov.br/api/media/ines/palavras/videos/retratarSm_Prog001.mp4,GoiásLibras · base nacional
RETRATO,https://goiaslibras.educacao.go.gov.br/api/media/ines/palavras/videos/retratoSm_Prog001.mp4,GoiásLibras · base nacional
RETRIBUIR,https://goiaslibras.educacao.go.gov.br/api/media/ines/palavras/videos/retribuirSm_Prog001.mp4,GoiásLibras · base nacional
RETROPROJETOR,https://goiaslibras.educacao.go.gov.br/api/media/ines/palavras/videos/retroprojetorSm_Prog001.mp4,GoiásLibras · base nacional
RETÂNGULO,https://goiaslibras.educacao.go.gov.br/api/media/ines/palavras/videos/retanguloSm_Prog001.mp4,GoiásLibras · base nacional
REUNIR1,https://dicionario.ines.gov.br/public/media/palavras/videos/reunirSm_Prog001.mp4,GoiásLibras · base nacional
REUNIR2,https://goiaslibras.educacao.go.gov.br/api/media/ines/palavras/videos/reunir2Sm_Prog001.mp4,GoiásLibras · base nacional
REUNIÃO,https://goiaslibras.educacao.go.gov.br/api/media/ines/palavras/videos/reuniaoSm_Prog001.mp4,GoiásLibras · base nacional
REVANCHE,https://goiaslibras.educacao.go.gov.br/api/media/ines/palavras/videos/revancheSm_Prog001.mp4,GoiásLibras · base nacional
REVELAR1,https://goiaslibras.educacao.go.gov.br/api/media/ines/palavras/videos/revelar1Sm_Prog001.mp4,GoiásLibras · base nacional
REVELAR2,https://goiaslibras.educacao.go.gov.br/api/media/ines/palavras/videos/revelar2Sm_Prog001.mp4,GoiásLibras · base nacional
REVELAÇÃO,https://goiaslibras.educacao.go.gov.br/api/media/ines/palavras/videos/revelacaoSm_Prog001.mp4,GoiásLibras · base nacional
REVESTIR,https://goiaslibras.educacao.go.gov.br/api/media/ines/palavras/videos/revestirSm_Prog001.mp4,GoiásLibras · base nacional
REVEZAR,https://goiaslibras.educacao.go.gov.br/api/media/ines/palavras/videos/revezarSm_Prog001.mp4,GoiásLibras · base nacional
REVISTA,https://goiaslibras.educacao.go.gov.br/api/media/ines/palavras/videos/revistaSm_Prog001.mp4,GoiásLibras · base nacional
REVISTAR,https://goiaslibras.educacao.go.gov.br/api/media/ines/palavras/videos/revistarSm_Prog001.mp4,GoiásLibras · base nacional
REVISÃO,https://goiaslibras.educacao.go.gov.br/api/media/ines/palavras/videos/revisaoSm_Prog001.mp4,GoiásLibras · base nacional
REVOLTA,https://goiaslibras.educacao.go.gov.br/api/media/ines/palavras/videos/revoltaSm_Prog001.mp4,GoiásLibras · base nacional
REVOLTADO,https://goiaslibras.educacao.go.gov.br/api/media/ines/palavras/videos/revoltadoSm_Prog001.mp4,GoiásLibras · base nacional
REVOLUÇÃO,https://goiaslibras.educacao.go.gov.br/api/media/ines/palavras/videos/revolucaoSm_Prog001.mp4,GoiásLibras · base nacional
REVÓLVER,https://goiaslibras.educacao.go.gov.br/api/media/ines/palavras/videos/revolverSm_Prog001.mp4,GoiásLibras · base nacional
REZA,https://goiaslibras.educacao.go.gov.br/api/media/ines/palavras/videos/rezaSm_Prog001.mp4,GoiásLibras · base nacional
REZAR1,https://goiaslibras.educacao.go.gov.br/api/media/ines/palavras/videos/rezarSm_Prog001.mp4,GoiásLibras · base nacional
REZAR2,https://goiaslibras.educacao.go.gov.br/api/media/ines/palavras/videos/rezar2Sm_Prog001.mp4,GoiásLibras · base nacional
RIACHO,https://goiaslibras.educacao.go.gov.br/api/media/ines/palavras/videos/riachoSm_Prog001.mp4,GoiásLibras · base nacional
RICO1,https://goiaslibras.educacao.go.gov.br/api/media/ines/palavras/videos/rico1Sm_Prog001.mp4,GoiásLibras · base nacional
RICO2,https://goiaslibras.educacao.go.gov.br/api/media/ines/palavras/videos/rico2Sm_Prog001.mp4,GoiásLibras · base nacional
RIFA,https://goiaslibras.educacao.go.gov.br/api/media/ines/palavras/videos/rifaSm_Prog001.mp4,GoiásLibras · base nacional
RIFLE,https://goiaslibras.educacao.go.gov.br/api/media/ines/palavras/videos/rifleSm_Prog001.mp4,GoiásLibras · base nacional
RIGOROSO,https://goiaslibras.educacao.go.gov.br/api/media/ines/palavras/videos/rigorosoSm_Prog001.mp4,GoiásLibras · base nacional
RIM,https://goiaslibras.educacao.go.gov.br/api/media/ines/palavras/videos/rimSm_Prog001.mp4,GoiásLibras · base nacional
RINOCERONTE,https://goiaslibras.educacao.go.gov.br/api/media/ines/palavras/videos/rinoceronteSm_Prog001.mp4,GoiásLibras · base nacional
RIO,https://goiaslibras.educacao.go.gov.br/api/media/ines/palavras/videos/rioSm_Prog001.mp4,GoiásLibras · base nacional
RIO DE JANEIRO,https://goiaslibras.educacao.go.gov.br/api/media/ines/palavras/videos/rio_de_janeiroSm_Prog001.mp4,GoiásLibras · base nacional
RIO GRANDE DO NORTE,https://goiaslibras.educacao.go.gov.br/api/media/ines/palavras/videos/rio-grande-do-norteSm_Prog001.mp4,GoiásLibras · base nacional
RIO GRANDE DO SUL,https://goiaslibras.educacao.go.gov.br/api/media/ines/palavras/videos/rio-grande-do-norteSm_Prog001.mp4,GoiásLibras · base nacional
RIR,https://goiaslibras.educacao.go.gov.br/api/media/ines/palavras/videos/rirSm_Prog001.mp4,GoiásLibras · base nacional
RISADA,https://goiaslibras.educacao.go.gov.br/api/media/ines/palavras/videos/risadaSm_Prog001.mp4,GoiásLibras · base nacional
RISCAR,https://goiaslibras.educacao.go.gov.br/api/media/ines/palavras/videos/riscarSm_Prog001.mp4,GoiásLibras · base nacional
RISONHO,https://goiaslibras.educacao.go.gov.br/api/media/ines/palavras/videos/risonhoSm_Prog001.mp4,GoiásLibras · base nacional
RITMO,https://goiaslibras.educacao.go.gov.br/api/media/ines/palavras/videos/ritmoSm_Prog001.mp4,GoiásLibras · base nacional
RIVAL,https://goiaslibras.educacao.go.gov.br/api/media/ines/palavras/videos/rivalSm_Prog001.mp4,GoiásLibras · base nacional
ROBUSTO,https://goiaslibras.educacao.go.gov.br/api/media/ines/palavras/videos/robustoSm_Prog001.mp4,GoiásLibras · base nacional
ROBÔ,https://goiaslibras.educacao.go.gov.br/api/media/ines/palavras/videos/roboSm_Prog001.mp4,GoiásLibras · base nacional
RODA,https://goiaslibras.educacao.go.gov.br/api/media/ines/palavras/videos/rodaSm_Prog001.mp4,GoiásLibras · base nacional
RODAR,https://goiaslibras.educacao.go.gov.br/api/media/ines/palavras/videos/rodarSm_Prog001.mp4,GoiásLibras · base nacional
RODEAR,https://goiaslibras.educacao.go.gov.br/api/media/ines/palavras/videos/rodearSm_Prog001.mp4,GoiásLibras · base nacional
RODO,https://goiaslibras.educacao.go.gov.br/api/media/ines/palavras/videos/rodoSm_Prog001.mp4,GoiásLibras · base nacional
RODOPIAR,https://goiaslibras.educacao.go.gov.br/api/media/ines/palavras/videos/rodopiarSm_Prog001.mp4,GoiásLibras · base nacional
RODOVIA,https://goiaslibras.educacao.go.gov.br/api/media/ines/palavras/videos/rodoviaSm_Prog001.mp4,GoiásLibras · base nacional
RODOVIÁRIA,https://goiaslibras.educacao.go.gov.br/api/media/ines/palavras/videos/rodoviariaSm_Prog001.mp4,GoiásLibras · base nacional
RODÍZIO,https://dicionario.ines.gov.br/public/media/palavras/videos/rodizio_de_carroSm_Prog001.mp4,GoiásLibras · base nacional
ROER,https://goiaslibras.educacao.go.gov.br/api/media/ines/palavras/videos/roerSm_Prog001.mp4,GoiásLibras · base nacional
ROL,https://goiaslibras.educacao.go.gov.br/api/media/ines/palavras/videos/rolSm_Prog001.mp4,GoiásLibras · base nacional
ROLAR,https://goiaslibras.educacao.go.gov.br/api/media/ines/palavras/videos/rolarSm_Prog001.mp4,GoiásLibras · base nacional
ROLETA1,https://dicionario.ines.gov.br/public/media/palavras/videos/roletaSm_Prog001.mp4,GoiásLibras · base nacional
ROLETA2,https://goiaslibras.educacao.go.gov.br/api/media/ines/palavras/videos/roleta2Sm_Prog001.mp4,GoiásLibras · base nacional
ROLIMÃ,https://goiaslibras.educacao.go.gov.br/api/media/ines/palavras/videos/rolimaSm_Prog001.mp4,GoiásLibras · base nacional
ROLO1,https://goiaslibras.educacao.go.gov.br/api/media/ines/palavras/videos/rolo1Sm_Prog001.mp4,GoiásLibras · base nacional
ROLO2,https://dicionario.ines.gov.br/public/media/palavras/videos/rolo_de_macarraoSm_Prog001.mp4,GoiásLibras · base nacional
ROMANO,https://dicionario.ines.gov.br/public/media/palavras/videos/romano1Sm_Prog001.mp4,GoiásLibras · base nacional
ROMPER,https://goiaslibras.educacao.go.gov.br/api/media/ines/palavras/videos/romperSm_Prog001.mp4,GoiásLibras · base nacional
ROMPIMENTO,https://goiaslibras.educacao.go.gov.br/api/media/ines/palavras/videos/rompimentoSm_Prog001.mp4,GoiásLibras · base nacional
ROMÂNTICO,https://goiaslibras.educacao.go.gov.br/api/media/ines/palavras/videos/romanticoSm_Prog001.mp4,GoiásLibras · base nacional
RONCAR,https://goiaslibras.educacao.go.gov.br/api/media/ines/palavras/videos/roncarSm_Prog001.mp4,GoiásLibras · base nacional
RONDAR,https://goiaslibras.educacao.go.gov.br/api/media/ines/palavras/videos/rondarSm_Prog001.mp4,GoiásLibras · base nacional
RONDÔNIA,https://goiaslibras.educacao.go.gov.br/api/media/ines/palavras/videos/rondoniaSm_Prog001.mp4,GoiásLibras · base nacional
RORAIMA,https://goiaslibras.educacao.go.gov.br/api/media/ines/palavras/videos/roraimaSm_Prog001.mp4,GoiásLibras · base nacional
ROSA,https://goiaslibras.educacao.go.gov.br/api/media/ines/palavras/videos/rosaSm_Prog001.mp4,GoiásLibras · base nacional
ROSCA,https://goiaslibras.educacao.go.gov.br/api/media/ines/palavras/videos/roscaSm_Prog001.mp4,GoiásLibras · base nacional
ROSTO,https://goiaslibras.educacao.go.gov.br/api/media/ines/palavras/videos/rostoSm_Prog001.mp4,GoiásLibras · base nacional
ROSÁRIO,https://goiaslibras.educacao.go.gov.br/api/media/ines/palavras/videos/rosarioSm_Prog001.mp4,GoiásLibras · base nacional
ROUBAR1,https://goiaslibras.educacao.go.gov.br/api/media/ines/palavras/videos/roubar1Sm_Prog001.mp4,GoiásLibras · base nacional
ROUBAR2,https://goiaslibras.educacao.go.gov.br/api/media/ines/palavras/videos/roubar2Sm_Prog001.mp4,GoiásLibras · base nacional
ROUPA,https://goiaslibras.educacao.go.gov.br/api/media/ines/palavras/videos/roupaSm_Prog001.mp4,GoiásLibras · base nacional
ROXO1,https://goiaslibras.educacao.go.gov.br/api/media/ines/palavras/videos/roxo1Sm_Prog001.mp4,GoiásLibras · base nacional
ROXO2,https://goiaslibras.educacao.go.gov.br/api/media/ines/palavras/videos/roxo2Sm_Prog001.mp4,GoiásLibras · base nacional
ROÇA,https://goiaslibras.educacao.go.gov.br/api/media/ines/palavras/videos/rocaSm_Prog001.mp4,GoiásLibras · base nacional
RUA1,https://goiaslibras.educacao.go.gov.br/api/media/ines/palavras/videos/rua1Sm_Prog001.mp4,GoiásLibras · base nacional
RUA2,https://goiaslibras.educacao.go.gov.br/api/media/ines/palavras/videos/rua2Sm_Prog001.mp4,GoiásLibras · base nacional
RUBORIZAR,https://goiaslibras.educacao.go.gov.br/api/media/ines/palavras/videos/ruborizarSm_Prog001.mp4,GoiásLibras · base nacional
RUBRICA,https://goiaslibras.educacao.go.gov.br/api/media/ines/palavras/videos/rubricaSm_Prog001.mp4,GoiásLibras · base nacional
RUBÉOLA,https://goiaslibras.educacao.go.gov.br/api/media/ines/palavras/videos/rubeolaSm_Prog001.mp4,GoiásLibras · base nacional
RUGA,https://dicionario.ines.gov.br/public/media/palavras/videos/ruga1Sm_Prog001.mp4,GoiásLibras · base nacional
RUIM1,https://goiaslibras.educacao.go.gov.br/api/media/ines/palavras/videos/ruim1Sm_Prog001.mp4,GoiásLibras · base nacional
RUIM2,https://goiaslibras.educacao.go.gov.br/api/media/ines/palavras/videos/ruim2Sm_Prog001.mp4,GoiásLibras · base nacional
RUIVO,https://goiaslibras.educacao.go.gov.br/api/media/ines/palavras/videos/ruivoSm_Prog001.mp4,GoiásLibras · base nacional
RUMO,https://goiaslibras.educacao.go.gov.br/api/media/ines/palavras/videos/rumoSm_Prog001.mp4,GoiásLibras · base nacional
RURAL,https://goiaslibras.educacao.go.gov.br/api/media/ines/palavras/videos/ruralSm_Prog001.mp4,GoiásLibras · base nacional
RUSSO,https://goiaslibras.educacao.go.gov.br/api/media/ines/palavras/videos/russoSm_Prog001.mp4,GoiásLibras · base nacional
RÁDIO,https://goiaslibras.educacao.go.gov.br/api/media/ines/palavras/videos/radioSm_Prog001.mp4,GoiásLibras · base nacional
RÁPIDO1,https://goiaslibras.educacao.go.gov.br/api/media/ines/palavras/videos/rapido1Sm_Prog001.mp4,GoiásLibras · base nacional
RÁPIDO2,https://goiaslibras.educacao.go.gov.br/api/media/ines/palavras/videos/rapido2Sm_Prog001.mp4,GoiásLibras · base nacional
RÁPIDO3,https://goiaslibras.educacao.go.gov.br/api/media/ines/palavras/videos/rapido3Sm_Prog001.mp4,GoiásLibras · base nacional
RÁPIDO4,https://goiaslibras.educacao.go.gov.br/api/media/ines/palavras/videos/rapido4Sm_Prog001.mp4,GoiásLibras · base nacional
RÃ1,https://goiaslibras.educacao.go.gov.br/api/media/ines/palavras/videos/raSm_Prog001.mp4,GoiásLibras · base nacional
RÃ2,https://goiaslibras.educacao.go.gov.br/api/media/ines/palavras/videos/ra2Sm_Prog001.mp4,GoiásLibras · base nacional
RÉ,https://goiaslibras.educacao.go.gov.br/api/media/ines/palavras/videos/reSm_Prog001.mp4,GoiásLibras · base nacional
RÉDEA,https://goiaslibras.educacao.go.gov.br/api/media/ines/palavras/videos/redeaSm_Prog001.mp4,GoiásLibras · base nacional
RÉGUA1,https://goiaslibras.educacao.go.gov.br/api/media/ines/palavras/videos/regua1Sm_Prog001.mp4,GoiásLibras · base nacional
RÉGUA2,https://goiaslibras.educacao.go.gov.br/api/media/ines/palavras/videos/regua2Sm_Prog001.mp4,GoiásLibras · base nacional
RÉLOGIO2,https://goiaslibras.educacao.go.gov.br/api/media/ines/palavras/videos/relogio2Sm_Prog001.mp4,GoiásLibras · base nacional
RÍMEL,https://goiaslibras.educacao.go.gov.br/api/media/ines/palavras/videos/rimelSm_Prog001.mp4,GoiásLibras · base nacional
RÚSSIA,https://goiaslibras.educacao.go.gov.br/api/media/ines/palavras/videos/russiaSm_Prog001.mp4,GoiásLibras · base nacional
S,https://goiaslibras.educacao.go.gov.br/api/media/ines/palavras/videos/sSm_Prog001.mp4,GoiásLibras · base nacional
SABEDORIA,https://goiaslibras.educacao.go.gov.br/api/media/ines/palavras/videos/sabedoriaSm_Prog001.mp4,GoiásLibras · base nacional
SABER,https://goiaslibras.educacao.go.gov.br/api/media/ines/palavras/videos/saberSm_Prog001.mp4,GoiásLibras · base nacional
SABONETE,https://goiaslibras.educacao.go.gov.br/api/media/ines/palavras/videos/saboneteSm_Prog001.mp4,GoiásLibras · base nacional
SABONETEIRA,https://goiaslibras.educacao.go.gov.br/api/media/ines/palavras/videos/saboneteiraSm_Prog001.mp4,GoiásLibras · base nacional
SABOR,https://goiaslibras.educacao.go.gov.br/api/media/ines/palavras/videos/saborSm_Prog001.mp4,GoiásLibras · base nacional
SABOREAR,https://goiaslibras.educacao.go.gov.br/api/media/ines/palavras/videos/saborearSm_Prog001.mp4,GoiásLibras · base nacional
SABÃO,https://goiaslibras.educacao.go.gov.br/api/media/ines/palavras/videos/sabaoSm_Prog001.mp4,GoiásLibras · base nacional
SACANAGEM,https://goiaslibras.educacao.go.gov.br/api/media/ines/palavras/videos/sacanagemSm_Prog001.mp4,GoiásLibras · base nacional
SACANEAR,https://goiaslibras.educacao.go.gov.br/api/media/ines/palavras/videos/sacanearSm_Prog001.mp4,GoiásLibras · base nacional
SACI,https://goiaslibras.educacao.go.gov.br/api/media/ines/palavras/videos/saciSm_Prog001.mp4,GoiásLibras · base nacional
SACIAR,https://goiaslibras.educacao.go.gov.br/api/media/ines/palavras/videos/saciarSm_Prog001.mp4,GoiásLibras · base nacional
SACO,https://goiaslibras.educacao.go.gov.br/api/media/ines/palavras/videos/sacoSm_Prog001.mp4,GoiásLibras · base nacional
SACOLA,https://goiaslibras.educacao.go.gov.br/api/media/ines/palavras/videos/sacolaSm_Prog001.mp4,GoiásLibras · base nacional
SACOLÉ,https://goiaslibras.educacao.go.gov.br/api/media/ines/palavras/videos/sacoleSm_Prog001.mp4,GoiásLibras · base nacional
SACRIFICAR,https://goiaslibras.educacao.go.gov.br/api/media/ines/palavras/videos/sacrificarSm_Prog001.mp4,GoiásLibras · base nacional
SACRIFÍCIO,https://goiaslibras.educacao.go.gov.br/api/media/ines/palavras/videos/sacrificioSm_Prog001.mp4,GoiásLibras · base nacional
SACUDIR,https://goiaslibras.educacao.go.gov.br/api/media/ines/palavras/videos/sacudirSm_Prog001.mp4,GoiásLibras · base nacional
SADIO,https://goiaslibras.educacao.go.gov.br/api/media/ines/palavras/videos/sadioSm_Prog001.mp4,GoiásLibras · base nacional
SAFADO,https://goiaslibras.educacao.go.gov.br/api/media/ines/palavras/videos/safadoSm_Prog001.mp4,GoiásLibras · base nacional
SAGITÁRIO,https://goiaslibras.educacao.go.gov.br/api/media/ines/palavras/videos/sagitarioSm_Prog001.mp4,GoiásLibras · base nacional
SAIA,https://goiaslibras.educacao.go.gov.br/api/media/ines/palavras/videos/saiaSm_Prog001.mp4,GoiásLibras · base nacional
SAIR1,https://goiaslibras.educacao.go.gov.br/api/media/ines/palavras/videos/sairSm_Prog001.mp4,GoiásLibras · base nacional
SAIR2,https://goiaslibras.educacao.go.gov.br/api/media/ines/palavras/videos/sair2Sm_Prog001.mp4,GoiásLibras · base nacional
SAL1,https://goiaslibras.educacao.go.gov.br/api/media/ines/palavras/videos/salSm_Prog001.mp4,GoiásLibras · base nacional
SAL2,https://goiaslibras.educacao.go.gov.br/api/media/ines/palavras/videos/sal2Sm_Prog001.mp4,GoiásLibras · base nacional
SALA,https://goiaslibras.educacao.go.gov.br/api/media/ines/palavras/videos/salaSm_Prog001.mp4,GoiásLibras · base nacional
SALA DE JANTAR,https://dicionario.ines.gov.br/public/media/palavras/videos/sala-de-jantarSm_Prog001.mp4,GoiásLibras · base nacional
SALA DE TV,https://dicionario.ines.gov.br/public/media/palavras/videos/sala-de-tvSm_Prog001.mp4,GoiásLibras · base nacional
SALA DE VISITA,https://dicionario.ines.gov.br/public/media/palavras/videos/sala-de-visitaSm_Prog001.mp4,GoiásLibras · base nacional
SALADA,https://goiaslibras.educacao.go.gov.br/api/media/ines/palavras/videos/saladaSm_Prog001.mp4,GoiásLibras · base nacional
SALADA DE FRUTAS,https://goiaslibras.educacao.go.gov.br/api/media/ines/palavras/videos/salada-de-frutasSm_Prog001.mp4,GoiásLibras · base nacional
SALAME,https://goiaslibras.educacao.go.gov.br/api/media/ines/palavras/videos/salameSm_Prog001.mp4,GoiásLibras · base nacional
SALDO,https://goiaslibras.educacao.go.gov.br/api/media/ines/palavras/videos/saldoSm_Prog001.mp4,GoiásLibras · base nacional
SALGADO,https://goiaslibras.educacao.go.gov.br/api/media/ines/palavras/videos/salgadoSm_Prog001.mp4,GoiásLibras · base nacional
SALMOS,https://goiaslibras.educacao.go.gov.br/api/media/ines/palavras/videos/salmosSm_Prog001.mp4,GoiásLibras · base nacional
SALPICAR,https://goiaslibras.educacao.go.gov.br/api/media/ines/palavras/videos/salpicarSm_Prog001.mp4,GoiásLibras · base nacional
SALSICHA,https://goiaslibras.educacao.go.gov.br/api/media/ines/palavras/videos/salsichaSm_Prog001.mp4,GoiásLibras · base nacional
SALTAR1,https://goiaslibras.educacao.go.gov.br/api/media/ines/palavras/videos/saltar1Sm_Prog001.mp4,GoiásLibras · base nacional
SALTAR2,https://goiaslibras.educacao.go.gov.br/api/media/ines/palavras/videos/saltar2Sm_Prog001.mp4,GoiásLibras · base nacional
SALTO,https://goiaslibras.educacao.go.gov.br/api/media/ines/palavras/videos/saltoSm_Prog001.mp4,GoiásLibras · base nacional
SALTO ALTO,https://dicionario.ines.gov.br/public/media/palavras/videos/salto-altoSm_Prog001.mp4,GoiásLibras · base nacional
SALVA-VIDAS,https://goiaslibras.educacao.go.gov.br/api/media/ines/palavras/videos/salva-vidaSm_Prog001.mp4,GoiásLibras · base nacional
SALVADOR,https://goiaslibras.educacao.go.gov.br/api/media/ines/palavras/videos/salvadorSm_Prog001.mp4,GoiásLibras · base nacional
SALVAR1,https://goiaslibras.educacao.go.gov.br/api/media/ines/palavras/videos/salvar1Sm_Prog001.mp4,GoiásLibras · base nacional
SALVAR2,https://goiaslibras.educacao.go.gov.br/api/media/ines/palavras/videos/salvar2Sm_Prog001.mp4,GoiásLibras · base nacional
SALÁRIO,https://goiaslibras.educacao.go.gov.br/api/media/ines/palavras/videos/salarioSm_Prog001.mp4,GoiásLibras · base nacional
SALÃO DE FESTA,https://goiaslibras.educacao.go.gov.br/api/media/ines/palavras/videos/salao-de-festaSm_Prog001.mp4,GoiásLibras · base nacional
SANDUÍCHE,https://goiaslibras.educacao.go.gov.br/api/media/ines/palavras/videos/sanduicheSm_Prog001.mp4,GoiásLibras · base nacional
SANDÁLIA,https://goiaslibras.educacao.go.gov.br/api/media/ines/palavras/videos/sandalia1Sm_Prog001.mp4,GoiásLibras · base nacional
SANDÁLIA DE DEDO,https://dicionario.ines.gov.br/public/media/palavras/videos/sandalia-de-dedoSm_Prog001.mp4,GoiásLibras · base nacional
SANFONA,https://goiaslibras.educacao.go.gov.br/api/media/ines/palavras/videos/sanfonaSm_Prog001.mp4,GoiásLibras · base nacional
SANGRAMENTO,https://goiaslibras.educacao.go.gov.br/api/media/ines/palavras/videos/sangramentoSm_Prog001.mp4,GoiásLibras · base nacional
SANGUE,https://goiaslibras.educacao.go.gov.br/api/media/ines/palavras/videos/sangueSm_Prog001.mp4,GoiásLibras · base nacional
SANTA CATARINA,https://dicionario.ines.gov.br/public/media/palavras/videos/santa-catarinaSm_Prog001.mp4,GoiásLibras · base nacional
SANTIDADE,https://goiaslibras.educacao.go.gov.br/api/media/ines/palavras/videos/santidadeSm_Prog001.mp4,GoiásLibras · base nacional
SANTO,https://goiaslibras.educacao.go.gov.br/api/media/ines/palavras/videos/santoSm_Prog001.mp4,GoiásLibras · base nacional
SAPATEIRO,https://goiaslibras.educacao.go.gov.br/api/media/ines/palavras/videos/sapateiroSm_Prog001.mp4,GoiásLibras · base nacional
SAPATO,https://goiaslibras.educacao.go.gov.br/api/media/ines/palavras/videos/sapatoSm_Prog001.mp4,GoiásLibras · base nacional
SAPATO DE SALTO,https://goiaslibras.educacao.go.gov.br/api/media/ines/palavras/videos/sapato-de-saltoSm_Prog001.mp4,GoiásLibras · base nacional
SAPO,https://goiaslibras.educacao.go.gov.br/api/media/ines/palavras/videos/sapoSm_Prog001.mp4,GoiásLibras · base nacional
SAQUE,https://goiaslibras.educacao.go.gov.br/api/media/ines/palavras/videos/saqueSm_Prog001.mp4,GoiásLibras · base nacional
SARAR,https://goiaslibras.educacao.go.gov.br/api/media/ines/palavras/videos/sararSm_Prog001.mp4,GoiásLibras · base nacional
SARDAS,https://goiaslibras.educacao.go.gov.br/api/media/ines/palavras/videos/sardasSm_Prog001.mp4,GoiásLibras · base nacional
SARDENTA,https://goiaslibras.educacao.go.gov.br/api/media/ines/palavras/videos/sardentaSm_Prog001.mp4,GoiásLibras · base nacional
SARGENTO,https://goiaslibras.educacao.go.gov.br/api/media/ines/palavras/videos/sargentoSm_Prog001.mp4,GoiásLibras · base nacional
SATANÁS,https://goiaslibras.educacao.go.gov.br/api/media/ines/palavras/videos/satanasSm_Prog001.mp4,GoiásLibras · base nacional
SATISFAZER,https://dicionario.ines.gov.br/public/media/palavras/videos/satisfazerSm_Prog001.mp4,GoiásLibras · base nacional
SATISFEITO,https://goiaslibras.educacao.go.gov.br/api/media/ines/palavras/videos/satisfeitoSm_Prog001.mp4,GoiásLibras · base nacional
SAUDADE,https://goiaslibras.educacao.go.gov.br/api/media/ines/palavras/videos/saudadeSm_Prog001.mp4,GoiásLibras · base nacional
SAUDÁVEL,https://goiaslibras.educacao.go.gov.br/api/media/ines/palavras/videos/saudavelSm_Prog001.mp4,GoiásLibras · base nacional
SAUNA,https://goiaslibras.educacao.go.gov.br/api/media/ines/palavras/videos/saunaSm_Prog001.mp4,GoiásLibras · base nacional
SAÍDA,https://goiaslibras.educacao.go.gov.br/api/media/ines/palavras/videos/saidaSm_Prog001.mp4,GoiásLibras · base nacional
SAÚDE,https://goiaslibras.educacao.go.gov.br/api/media/ines/palavras/videos/saudeSm_Prog001.mp4,GoiásLibras · base nacional
SE,https://goiaslibras.educacao.go.gov.br/api/media/ines/palavras/videos/seSm_Prog001.mp4,GoiásLibras · base nacional
SECADOR DE CABELO,https://goiaslibras.educacao.go.gov.br/api/media/ines/palavras/videos/secador-de-cabeloSm_Prog001.mp4,GoiásLibras · base nacional
SECAR,https://goiaslibras.educacao.go.gov.br/api/media/ines/palavras/videos/secarSm_Prog001.mp4,GoiásLibras · base nacional
SECO,https://goiaslibras.educacao.go.gov.br/api/media/ines/palavras/videos/secoSm_Prog001.mp4,GoiásLibras · base nacional
SECRETARIA,https://goiaslibras.educacao.go.gov.br/api/media/video/2026-08-nas/secretaria.mp4,GoiásLibras · base nacional
SECRETO,https://goiaslibras.educacao.go.gov.br/api/media/ines/palavras/videos/secretoSm_Prog001.mp4,GoiásLibras · base nacional
SECRETÁRIA ELETRÔNICA,https://goiaslibras.educacao.go.gov.br/api/media/ines/palavras/videos/secretaria-eletronicaSm_Prog001.mp4,GoiásLibras · base nacional
SECRETÁRIO,https://goiaslibras.educacao.go.gov.br/api/media/ines/palavras/videos/secretarioSm_Prog001.mp4,GoiásLibras · base nacional
SEDE1,https://goiaslibras.educacao.go.gov.br/api/media/ines/palavras/videos/sedeSm_Prog001.mp4,GoiásLibras · base nacional
SEDE2,https://dicionario.ines.gov.br/public/media/palavras/videos/sede-(e)Sm_Prog001.mp4,GoiásLibras · base nacional
SEDUZIR,https://goiaslibras.educacao.go.gov.br/api/media/ines/palavras/videos/seduzirSm_Prog001.mp4,GoiásLibras · base nacional
SEGREDO,https://goiaslibras.educacao.go.gov.br/api/media/ines/palavras/videos/segredoSm_Prog001.mp4,GoiásLibras · base nacional
SEGREGAÇÃO,https://goiaslibras.educacao.go.gov.br/api/media/ines/palavras/videos/segregacaoSm_Prog001.mp4,GoiásLibras · base nacional
SEGUINTE,https://goiaslibras.educacao.go.gov.br/api/media/ines/palavras/videos/seguinteSm_Prog001.mp4,GoiásLibras · base nacional
SEGUIR,https://goiaslibras.educacao.go.gov.br/api/media/ines/palavras/videos/seguirSm_Prog001.mp4,GoiásLibras · base nacional
SEGUNDA-FEIRA,https://goiaslibras.educacao.go.gov.br/api/media/ines/palavras/videos/segunda-feiraSm_Prog001.mp4,GoiásLibras · base nacional
SEGUNDO,https://goiaslibras.educacao.go.gov.br/api/media/ines/palavras/videos/segundoSm_Prog001.mp4,GoiásLibras · base nacional
SEGURANÇA1,https://goiaslibras.educacao.go.gov.br/api/media/ines/palavras/videos/seguranca1Sm_Prog001.mp4,GoiásLibras · base nacional
SEGURANÇA2,https://goiaslibras.educacao.go.gov.br/api/media/ines/palavras/videos/seguranca2Sm_Prog001.mp4,GoiásLibras · base nacional
SEGURAR,https://goiaslibras.educacao.go.gov.br/api/media/ines/palavras/videos/segurarSm_Prog001.mp4,GoiásLibras · base nacional
SEGURO,https://goiaslibras.educacao.go.gov.br/api/media/ines/palavras/videos/seguroSm_Prog001.mp4,GoiásLibras · base nacional
SEIO,https://goiaslibras.educacao.go.gov.br/api/media/ines/palavras/videos/seioSm_Prog001.mp4,GoiásLibras · base nacional
SEIS,https://goiaslibras.educacao.go.gov.br/api/media/ines/palavras/videos/seisSm_Prog001.mp4,GoiásLibras · base nacional
SELECIONAR,https://goiaslibras.educacao.go.gov.br/api/media/ines/palavras/videos/selecionarSm_Prog001.mp4,GoiásLibras · base nacional
SELEÇÃO,https://goiaslibras.educacao.go.gov.br/api/media/ines/palavras/videos/selecaoSm_Prog001.mp4,GoiásLibras · base nacional
SELO,https://goiaslibras.educacao.go.gov.br/api/media/ines/palavras/videos/seloSm_Prog001.mp4,GoiásLibras · base nacional
SELVA,https://goiaslibras.educacao.go.gov.br/api/media/ines/palavras/videos/selvaSm_Prog001.mp4,GoiásLibras · base nacional
SELVAGEM,https://dicionario.ines.gov.br/public/media/palavras/videos/selvagemSm_Prog001.mp4,GoiásLibras · base nacional
SEM1,https://goiaslibras.educacao.go.gov.br/api/media/ines/palavras/videos/sem1Sm_Prog001.mp4,GoiásLibras · base nacional
SEM2,https://goiaslibras.educacao.go.gov.br/api/media/ines/palavras/videos/sem2Sm_Prog001.mp4,GoiásLibras · base nacional
SEM3,https://goiaslibras.educacao.go.gov.br/api/media/ines/palavras/videos/sem3Sm_Prog001.mp4,GoiásLibras · base nacional
SEMANA,https://goiaslibras.educacao.go.gov.br/api/media/ines/palavras/videos/semanaSm_Prog001.mp4,GoiásLibras · base nacional
SEMBLANTE,https://goiaslibras.educacao.go.gov.br/api/media/ines/palavras/videos/semblanteSm_Prog001.mp4,GoiásLibras · base nacional
SEMELHANTE,https://goiaslibras.educacao.go.gov.br/api/media/ines/palavras/videos/semelhanteSm_Prog001.mp4,GoiásLibras · base nacional
SEMELHANÇA,https://goiaslibras.educacao.go.gov.br/api/media/ines/palavras/videos/semelhancaSm_Prog001.mp4,GoiásLibras · base nacional
SEMESTRAL,https://goiaslibras.educacao.go.gov.br/api/media/ines/palavras/videos/semestralSm_Prog001.mp4,GoiásLibras · base nacional
SEMESTRE,https://goiaslibras.educacao.go.gov.br/api/media/ines/palavras/videos/semestreSm_Prog001.mp4,GoiásLibras · base nacional
SEMIFINAL,https://goiaslibras.educacao.go.gov.br/api/media/ines/palavras/videos/semifinalSm_Prog001.mp4,GoiásLibras · base nacional
SEMPRE,https://goiaslibras.educacao.go.gov.br/api/media/ines/palavras/videos/sempreSm_Prog001.mp4,GoiásLibras · base nacional
SEMÁFORO,https://goiaslibras.educacao.go.gov.br/api/media/ines/palavras/videos/semaforoSm_Prog001.mp4,GoiásLibras · base nacional
SENADOR,https://goiaslibras.educacao.go.gov.br/api/media/ines/palavras/videos/senadorSm_Prog001.mp4,GoiásLibras · base nacional
SENHA,https://goiaslibras.educacao.go.gov.br/api/media/ines/palavras/videos/senhaSm_Prog001.mp4,GoiásLibras · base nacional
SENHOR,https://goiaslibras.educacao.go.gov.br/api/media/ines/palavras/videos/senhorSm_Prog001.mp4,GoiásLibras · base nacional
SENTAR,https://goiaslibras.educacao.go.gov.br/api/media/ines/palavras/videos/sentarSm_Prog001.mp4,GoiásLibras · base nacional
SENTIMENTO,https://goiaslibras.educacao.go.gov.br/api/media/ines/palavras/videos/sentimentoSm_Prog001.mp4,GoiásLibras · base nacional
SENTIR,https://goiaslibras.educacao.go.gov.br/api/media/ines/palavras/videos/sentirSm_Prog001.mp4,GoiásLibras · base nacional
SEPARADO,https://goiaslibras.educacao.go.gov.br/api/media/ines/palavras/videos/separadoSm_Prog001.mp4,GoiásLibras · base nacional
SEPARAR1,https://goiaslibras.educacao.go.gov.br/api/media/ines/palavras/videos/separar1Sm_Prog001.mp4,GoiásLibras · base nacional
SEPARAR2,https://goiaslibras.educacao.go.gov.br/api/media/ines/palavras/videos/separar2Sm_Prog001.mp4,GoiásLibras · base nacional
SEPULTURA,https://goiaslibras.educacao.go.gov.br/api/media/ines/palavras/videos/sepulturaSm_Prog001.mp4,GoiásLibras · base nacional
SER1,https://goiaslibras.educacao.go.gov.br/api/media/ines/palavras/videos/ser1Sm_Prog001.mp4,GoiásLibras · base nacional
SER2,https://dicionario.ines.gov.br/public/media/palavras/videos/ser3Sm_Prog001.mp4,GoiásLibras · base nacional
SERGIPE,https://goiaslibras.educacao.go.gov.br/api/media/ines/palavras/videos/sergipeSm_Prog001.mp4,GoiásLibras · base nacional
SERINGA,https://goiaslibras.educacao.go.gov.br/api/media/ines/palavras/videos/seringaSm_Prog001.mp4,GoiásLibras · base nacional
SERRAR,https://goiaslibras.educacao.go.gov.br/api/media/ines/palavras/videos/serrarSm_Prog001.mp4,GoiásLibras · base nacional
SERROTE,https://goiaslibras.educacao.go.gov.br/api/media/ines/palavras/videos/serroteSm_Prog001.mp4,GoiásLibras · base nacional
SERVENTE,https://dicionario.ines.gov.br/public/media/palavras/videos/serventeSm_Prog001.mp4,GoiásLibras · base nacional
SERVIR,https://goiaslibras.educacao.go.gov.br/api/media/ines/palavras/videos/servirSm_Prog001.mp4,GoiásLibras · base nacional
SERVIÇO,https://goiaslibras.educacao.go.gov.br/api/media/ines/palavras/videos/servicoSm_Prog001.mp4,GoiásLibras · base nacional
SERVIÇO SOCIAL,https://dicionario.ines.gov.br/public/media/palavras/videos/servico socialSm_Prog001.mp4,GoiásLibras · base nacional
SESSENTA,https://goiaslibras.educacao.go.gov.br/api/media/ines/palavras/videos/sessentaSm_Prog001.mp4,GoiásLibras · base nacional
SETE,https://goiaslibras.educacao.go.gov.br/api/media/ines/palavras/videos/seteSm_Prog001.mp4,GoiásLibras · base nacional
SETEMBRO,https://goiaslibras.educacao.go.gov.br/api/media/ines/palavras/videos/setembroSm_Prog001.mp4,GoiásLibras · base nacional
SETENTA,https://goiaslibras.educacao.go.gov.br/api/media/ines/palavras/videos/setentaSm_Prog001.mp4,GoiásLibras · base nacional
SEU,https://goiaslibras.educacao.go.gov.br/api/media/ines/palavras/videos/seuSm_Prog001.mp4,GoiásLibras · base nacional
SEXO,https://goiaslibras.educacao.go.gov.br/api/media/ines/palavras/videos/sexoSm_Prog001.mp4,GoiásLibras · base nacional
SEXTA-FEIRA,https://goiaslibras.educacao.go.gov.br/api/media/ines/palavras/videos/sexta-feiraSm_Prog001.mp4,GoiásLibras · base nacional
SEXTO,https://goiaslibras.educacao.go.gov.br/api/media/ines/palavras/videos/sextoSm_Prog001.mp4,GoiásLibras · base nacional
SHAMPOO,https://goiaslibras.educacao.go.gov.br/api/media/ines/palavras/videos/shampooSm_Prog001.mp4,GoiásLibras · base nacional
SHOPPING,https://goiaslibras.educacao.go.gov.br/api/media/ines/palavras/videos/shoppingSm_Prog001.mp4,GoiásLibras · base nacional
SHORT,https://goiaslibras.educacao.go.gov.br/api/media/ines/palavras/videos/shortSm_Prog001.mp4,GoiásLibras · base nacional
SIGILOSO,https://goiaslibras.educacao.go.gov.br/api/media/ines/palavras/videos/sigilosoSm_Prog001.mp4,GoiásLibras · base nacional
SIGNIFICAR,https://goiaslibras.educacao.go.gov.br/api/media/ines/palavras/videos/significarSm_Prog001.mp4,GoiásLibras · base nacional
SIGNO,https://goiaslibras.educacao.go.gov.br/api/media/ines/palavras/videos/signoSm_Prog001.mp4,GoiásLibras · base nacional
SILENCIOSO,https://goiaslibras.educacao.go.gov.br/api/media/ines/palavras/videos/silenciosoSm_Prog001.mp4,GoiásLibras · base nacional
SILÊNCIO,https://goiaslibras.educacao.go.gov.br/api/media/ines/palavras/videos/silencioSm_Prog001.mp4,GoiásLibras · base nacional
SIM,https://goiaslibras.educacao.go.gov.br/api/media/ines/palavras/videos/simSm_Prog001.mp4,GoiásLibras · base nacional
SIMPATIA,https://goiaslibras.educacao.go.gov.br/api/media/ines/palavras/videos/simpatiaSm_Prog001.mp4,GoiásLibras · base nacional
SIMPLES,https://goiaslibras.educacao.go.gov.br/api/media/ines/palavras/videos/simples2Sm_Prog001.mp4,GoiásLibras · base nacional
SIMPÓSIO,https://goiaslibras.educacao.go.gov.br/api/media/ines/palavras/videos/simposioSm_Prog001.mp4,GoiásLibras · base nacional
SINAGOGA,https://goiaslibras.educacao.go.gov.br/api/media/ines/palavras/videos/sinagogaSm_Prog001.mp4,GoiásLibras · base nacional
SINAL1,https://goiaslibras.educacao.go.gov.br/api/media/ines/palavras/videos/sinal1Sm_Prog001.mp4,GoiásLibras · base nacional
SINAL2,https://goiaslibras.educacao.go.gov.br/api/media/ines/palavras/videos/sinal2Sm_Prog001.mp4,GoiásLibras · base nacional
SINAL3,https://goiaslibras.educacao.go.gov.br/api/media/ines/palavras/videos/sinal3Sm_Prog001.mp4,GoiásLibras · base nacional
SINDICATO,https://goiaslibras.educacao.go.gov.br/api/media/ines/palavras/videos/sindicatoSm_Prog001.mp4,GoiásLibras · base nacional
SINISTRO,https://goiaslibras.educacao.go.gov.br/api/media/ines/palavras/videos/sinistroSm_Prog001.mp4,GoiásLibras · base nacional
SINO,https://goiaslibras.educacao.go.gov.br/api/media/ines/palavras/videos/sinoSm_Prog001.mp4,GoiásLibras · base nacional
SINTETIZAR,https://goiaslibras.educacao.go.gov.br/api/media/ines/palavras/videos/sintetizarSm_Prog001.mp4,GoiásLibras · base nacional
SINUCA,https://goiaslibras.educacao.go.gov.br/api/media/ines/palavras/videos/sinucaSm_Prog001.mp4,GoiásLibras · base nacional
SIRI,https://goiaslibras.educacao.go.gov.br/api/media/ines/palavras/videos/siriSm_Prog001.mp4,GoiásLibras · base nacional
SKATE,https://goiaslibras.educacao.go.gov.br/api/media/ines/palavras/videos/skateSm_Prog001.mp4,GoiásLibras · base nacional
SLIDE,https://dicionario.ines.gov.br/public/media/palavras/videos/slidesSm_Prog001.mp4,GoiásLibras · base nacional
SOB,https://goiaslibras.educacao.go.gov.br/api/media/ines/palavras/videos/sobSm_Prog001.mp4,GoiásLibras · base nacional
SOBERANO,https://goiaslibras.educacao.go.gov.br/api/media/ines/palavras/videos/soberanoSm_Prog001.mp4,GoiásLibras · base nacional
SOBRADO,https://goiaslibras.educacao.go.gov.br/api/media/ines/palavras/videos/sobradoSm_Prog001.mp4,GoiásLibras · base nacional
SOBRANCELHA,https://goiaslibras.educacao.go.gov.br/api/media/ines/palavras/videos/sobrancelhaSm_Prog001.mp4,GoiásLibras · base nacional
SOBRAR,https://goiaslibras.educacao.go.gov.br/api/media/ines/palavras/videos/sobrarSm_Prog001.mp4,GoiásLibras · base nacional
SOBRE1,https://goiaslibras.educacao.go.gov.br/api/media/ines/palavras/videos/sobre1Sm_Prog001.mp4,GoiásLibras · base nacional
SOBRE2,https://goiaslibras.educacao.go.gov.br/api/media/ines/palavras/videos/sobre2Sm_Prog001.mp4,GoiásLibras · base nacional
SOBRE3,https://goiaslibras.educacao.go.gov.br/api/media/ines/palavras/videos/sobre3Sm_Prog001.mp4,GoiásLibras · base nacional
SOBRECARREGAR,https://goiaslibras.educacao.go.gov.br/api/media/ines/palavras/videos/sobrecarregarSm_Prog001.mp4,GoiásLibras · base nacional
SOBREMESA,https://goiaslibras.educacao.go.gov.br/api/media/ines/palavras/videos/sobremesaSm_Prog001.mp4,GoiásLibras · base nacional
SOBRESSALTAR-SE,https://dicionario.ines.gov.br/public/media/palavras/videos/sobressaltarSm_Prog001.mp4,GoiásLibras · base nacional
SOBRINHO,https://goiaslibras.educacao.go.gov.br/api/media/ines/palavras/videos/sobrinhoSm_Prog001.mp4,GoiásLibras · base nacional
SOCIAL,https://goiaslibras.educacao.go.gov.br/api/media/ines/palavras/videos/socialSm_Prog001.mp4,GoiásLibras · base nacional
SOCIEDADE,https://goiaslibras.educacao.go.gov.br/api/media/ines/palavras/videos/sociedadeSm_Prog001.mp4,GoiásLibras · base nacional
SOCORRER,https://goiaslibras.educacao.go.gov.br/api/media/ines/palavras/videos/socorrerSm_Prog001.mp4,GoiásLibras · base nacional
SOFRER,https://goiaslibras.educacao.go.gov.br/api/media/ines/palavras/videos/sofrerSm_Prog001.mp4,GoiásLibras · base nacional
SOFRIMENTO,https://dicionario.ines.gov.br/public/media/palavras/videos/sofrimentoSm_Prog001.mp4,GoiásLibras · base nacional
SOFÁ,https://goiaslibras.educacao.go.gov.br/api/media/ines/palavras/videos/sofaSm_Prog001.mp4,GoiásLibras · base nacional
SOFÁ DE MADEIRA,https://goiaslibras.educacao.go.gov.br/api/media/ines/palavras/videos/sofa_de_madeiraSm_Prog001.mp4,GoiásLibras · base nacional
SOGRO,https://goiaslibras.educacao.go.gov.br/api/media/ines/palavras/videos/sogroSm_Prog001.mp4,GoiásLibras · base nacional
SOL,https://goiaslibras.educacao.go.gov.br/api/media/ines/palavras/videos/solSm_Prog001.mp4,GoiásLibras · base nacional
SOLDADO,https://goiaslibras.educacao.go.gov.br/api/media/ines/palavras/videos/soldadoSm_Prog001.mp4,GoiásLibras · base nacional
SOLETRAR,https://goiaslibras.educacao.go.gov.br/api/media/ines/palavras/videos/soletrarSm_Prog001.mp4,GoiásLibras · base nacional
SOLICITAR,https://goiaslibras.educacao.go.gov.br/api/media/ines/palavras/videos/solicitarSm_Prog001.mp4,GoiásLibras · base nacional
SOLIDÃO,https://goiaslibras.educacao.go.gov.br/api/media/ines/palavras/videos/solidaoSm_Prog001.mp4,GoiásLibras · base nacional
SOLITÁRIO,https://goiaslibras.educacao.go.gov.br/api/media/ines/palavras/videos/solitarioSm_Prog001.mp4,GoiásLibras · base nacional
SOLTEIRO,https://goiaslibras.educacao.go.gov.br/api/media/ines/palavras/videos/solteiroSm_Prog001.mp4,GoiásLibras · base nacional
SOLUÇO,https://goiaslibras.educacao.go.gov.br/api/media/ines/palavras/videos/solucoSm_Prog001.mp4,GoiásLibras · base nacional
SOM,https://goiaslibras.educacao.go.gov.br/api/media/ines/palavras/videos/somSm_Prog001.mp4,GoiásLibras · base nacional
SOMAR,https://goiaslibras.educacao.go.gov.br/api/media/ines/palavras/videos/somarSm_Prog001.mp4,GoiásLibras · base nacional
SOMENTE,https://goiaslibras.educacao.go.gov.br/api/media/ines/palavras/videos/somenteSm_Prog001.mp4,GoiásLibras · base nacional
SONHAR,https://goiaslibras.educacao.go.gov.br/api/media/ines/palavras/videos/sonharSm_Prog001.mp4,GoiásLibras · base nacional
SONHO1,https://goiaslibras.educacao.go.gov.br/api/media/ines/palavras/videos/sonho1Sm_Prog001.mp4,GoiásLibras · base nacional
SONHO2,https://goiaslibras.educacao.go.gov.br/api/media/ines/palavras/videos/sonho2Sm_Prog001.mp4,GoiásLibras · base nacional
SONO,https://goiaslibras.educacao.go.gov.br/api/media/ines/palavras/videos/sonoSm_Prog001.mp4,GoiásLibras · base nacional
SOPA,https://goiaslibras.educacao.go.gov.br/api/media/ines/palavras/videos/sopaSm_Prog001.mp4,GoiásLibras · base nacional
SOPRAR1,https://dicionario.ines.gov.br/public/media/palavras/videos/soprar1Sm_Prog001.mp4,GoiásLibras · base nacional
SOPRAR2,https://goiaslibras.educacao.go.gov.br/api/media/ines/palavras/videos/soprar2Sm_Prog001.mp4,GoiásLibras · base nacional
SOROR,https://goiaslibras.educacao.go.gov.br/api/media/ines/palavras/videos/sororSm_Prog001.mp4,GoiásLibras · base nacional
SORRIR,https://goiaslibras.educacao.go.gov.br/api/media/ines/palavras/videos/sorrirSm_Prog001.mp4,GoiásLibras · base nacional
SORTE,https://goiaslibras.educacao.go.gov.br/api/media/ines/palavras/videos/sorteSm_Prog001.mp4,GoiásLibras · base nacional
SORTEIO,https://goiaslibras.educacao.go.gov.br/api/media/ines/palavras/videos/sorteioSm_Prog001.mp4,GoiásLibras · base nacional
SORTUDO,https://goiaslibras.educacao.go.gov.br/api/media/ines/palavras/videos/sortudoSm_Prog001.mp4,GoiásLibras · base nacional
SORVETE,https://goiaslibras.educacao.go.gov.br/api/media/ines/palavras/videos/sorveteSm_Prog001.mp4,GoiásLibras · base nacional
SOVINA,https://goiaslibras.educacao.go.gov.br/api/media/ines/palavras/videos/sovinaSm_Prog001.mp4,GoiásLibras · base nacional
SOZINHO,https://goiaslibras.educacao.go.gov.br/api/media/ines/palavras/videos/sozinhoSm_Prog001.mp4,GoiásLibras · base nacional
SUAR,https://goiaslibras.educacao.go.gov.br/api/media/ines/palavras/videos/suarSm_Prog001.mp4,GoiásLibras · base nacional
SUAVE,https://goiaslibras.educacao.go.gov.br/api/media/ines/palavras/videos/suaveSm_Prog001.mp4,GoiásLibras · base nacional
SUBIR1,https://goiaslibras.educacao.go.gov.br/api/media/ines/palavras/videos/subir1Sm_Prog001.mp4,GoiásLibras · base nacional
SUBIR2,https://goiaslibras.educacao.go.gov.br/api/media/ines/palavras/videos/subir2Sm_Prog001.mp4,GoiásLibras · base nacional
SUBIR3,https://goiaslibras.educacao.go.gov.br/api/media/ines/palavras/videos/subir3Sm_Prog001.mp4,GoiásLibras · base nacional
SUBLINHAR,https://goiaslibras.educacao.go.gov.br/api/media/ines/palavras/videos/sublinharSm_Prog001.mp4,GoiásLibras · base nacional
SUBMERGIR,https://goiaslibras.educacao.go.gov.br/api/media/ines/palavras/videos/submergirSm_Prog001.mp4,GoiásLibras · base nacional
SUBMISSÃO,https://goiaslibras.educacao.go.gov.br/api/media/ines/palavras/videos/submissaoSm_Prog001.mp4,GoiásLibras · base nacional
SUBORNAR,https://dicionario.ines.gov.br/public/media/palavras/videos/subornarSm_Prog001.mp4,GoiásLibras · base nacional
SUBORNO,https://goiaslibras.educacao.go.gov.br/api/media/ines/palavras/videos/subornoSm_Prog001.mp4,GoiásLibras · base nacional
SUBSTITUIR,https://goiaslibras.educacao.go.gov.br/api/media/ines/palavras/videos/substituirSm_Prog001.mp4,GoiásLibras · base nacional
SUBTRAIR,https://goiaslibras.educacao.go.gov.br/api/media/ines/palavras/videos/subtrairSm_Prog001.mp4,GoiásLibras · base nacional
SUBTRAÇÃO,https://goiaslibras.educacao.go.gov.br/api/media/ines/palavras/videos/subtracaoSm_Prog001.mp4,GoiásLibras · base nacional
SUCESSO,https://goiaslibras.educacao.go.gov.br/api/media/ines/palavras/videos/sucessoSm_Prog001.mp4,GoiásLibras · base nacional
SUCO,https://goiaslibras.educacao.go.gov.br/api/media/ines/palavras/videos/sucoSm_Prog001.mp4,GoiásLibras · base nacional
SUFOCADO,https://goiaslibras.educacao.go.gov.br/api/media/ines/palavras/videos/sufocadoSm_Prog001.mp4,GoiásLibras · base nacional
SUFOCAR,https://goiaslibras.educacao.go.gov.br/api/media/ines/palavras/videos/sufocarSm_Prog001.mp4,GoiásLibras · base nacional
SUICIDAR,https://goiaslibras.educacao.go.gov.br/api/media/ines/palavras/videos/suicidarSm_Prog001.mp4,GoiásLibras · base nacional
SUJAR,https://goiaslibras.educacao.go.gov.br/api/media/ines/palavras/videos/sujarSm_Prog001.mp4,GoiásLibras · base nacional
SUJO,https://goiaslibras.educacao.go.gov.br/api/media/ines/palavras/videos/sujoSm_Prog001.mp4,GoiásLibras · base nacional
SUL,https://goiaslibras.educacao.go.gov.br/api/media/ines/palavras/videos/sulSm_Prog001.mp4,GoiásLibras · base nacional
SUMARIAR,https://goiaslibras.educacao.go.gov.br/api/media/ines/palavras/videos/sumariarSm_Prog001.mp4,GoiásLibras · base nacional
SUMIR,https://goiaslibras.educacao.go.gov.br/api/media/ines/palavras/videos/sumirSm_Prog001.mp4,GoiásLibras · base nacional
SUNGA,https://goiaslibras.educacao.go.gov.br/api/media/ines/palavras/videos/sungaSm_Prog001.mp4,GoiásLibras · base nacional
SUOR,https://goiaslibras.educacao.go.gov.br/api/media/ines/palavras/videos/suorSm_Prog001.mp4,GoiásLibras · base nacional
SUPERIOR,https://goiaslibras.educacao.go.gov.br/api/media/ines/palavras/videos/superiorSm_Prog001.mp4,GoiásLibras · base nacional
SUPERMERCADO,https://goiaslibras.educacao.go.gov.br/api/media/ines/palavras/videos/supermercadoSm_Prog001.mp4,GoiásLibras · base nacional
SUPERVISOR,https://goiaslibras.educacao.go.gov.br/api/media/ines/palavras/videos/supervisorSm_Prog001.mp4,GoiásLibras · base nacional
SUPLETIVO,https://goiaslibras.educacao.go.gov.br/api/media/ines/palavras/videos/supletivoSm_Prog001.mp4,GoiásLibras · base nacional
SURDEZ,https://goiaslibras.educacao.go.gov.br/api/media/ines/palavras/videos/surdezSm_Prog001.mp4,GoiásLibras · base nacional
SURDO1,https://goiaslibras.educacao.go.gov.br/api/media/ines/palavras/videos/surdoSm_Prog001.mp4,GoiásLibras · base nacional
SURDO2,https://goiaslibras.educacao.go.gov.br/api/media/ines/palavras/videos/surdo2Sm_Prog001.mp4,GoiásLibras · base nacional
SURFE,https://goiaslibras.educacao.go.gov.br/api/media/ines/palavras/videos/surfSm_Prog001.mp4,GoiásLibras · base nacional
SURGIR,https://goiaslibras.educacao.go.gov.br/api/media/ines/palavras/videos/surgirSm_Prog001.mp4,GoiásLibras · base nacional
SURPREENDER,https://goiaslibras.educacao.go.gov.br/api/media/ines/palavras/videos/surpreenderSm_Prog001.mp4,GoiásLibras · base nacional
SURPRESA,https://goiaslibras.educacao.go.gov.br/api/media/ines/palavras/videos/surpresaSm_Prog001.mp4,GoiásLibras · base nacional
SURPRESO,https://goiaslibras.educacao.go.gov.br/api/media/ines/palavras/videos/surpresoSm_Prog001.mp4,GoiásLibras · base nacional
SURRAR,https://goiaslibras.educacao.go.gov.br/api/media/ines/palavras/videos/surrarSm_Prog001.mp4,GoiásLibras · base nacional
SUSPEITAR,https://goiaslibras.educacao.go.gov.br/api/media/ines/palavras/videos/suspeitarSm_Prog001.mp4,GoiásLibras · base nacional
SUSPENDER1,https://goiaslibras.educacao.go.gov.br/api/media/ines/palavras/videos/suspender1Sm_Prog001.mp4,GoiásLibras · base nacional
SUSPENDER2,https://goiaslibras.educacao.go.gov.br/api/media/ines/palavras/videos/suspender2Sm_Prog001.mp4,GoiásLibras · base nacional
SUSPENDER3,https://goiaslibras.educacao.go.gov.br/api/media/ines/palavras/videos/suspender3Sm_Prog001.mp4,GoiásLibras · base nacional
SUSSURRAR,https://goiaslibras.educacao.go.gov.br/api/media/ines/palavras/videos/sussurrarSm_Prog001.mp4,GoiásLibras · base nacional
SUSTENTAR,https://goiaslibras.educacao.go.gov.br/api/media/ines/palavras/videos/sustentarSm_Prog001.mp4,GoiásLibras · base nacional
SUSTO,https://goiaslibras.educacao.go.gov.br/api/media/ines/palavras/videos/sustoSm_Prog001.mp4,GoiásLibras · base nacional
SUTIÃ,https://goiaslibras.educacao.go.gov.br/api/media/ines/palavras/videos/sutiaSm_Prog001.mp4,GoiásLibras · base nacional
SUÉCIA,https://goiaslibras.educacao.go.gov.br/api/media/ines/palavras/videos/sueciaSm_Prog001.mp4,GoiásLibras · base nacional
SUÍÇA,https://goiaslibras.educacao.go.gov.br/api/media/ines/palavras/videos/suicaSm_Prog001.mp4,GoiásLibras · base nacional
SÁBADO,https://goiaslibras.educacao.go.gov.br/api/media/ines/palavras/videos/sabadoSm_Prog001.mp4,GoiásLibras · base nacional
SÁBIO,https://goiaslibras.educacao.go.gov.br/api/media/ines/palavras/videos/sabioSm_Prog001.mp4,GoiásLibras · base nacional
SÃO PAULO,https://goiaslibras.educacao.go.gov.br/api/media/ines/palavras/videos/sao-pauloSm_Prog001.mp4,GoiásLibras · base nacional
SÉCULO,https://goiaslibras.educacao.go.gov.br/api/media/ines/palavras/videos/seculoSm_Prog001.mp4,GoiásLibras · base nacional
SÉRIE,https://goiaslibras.educacao.go.gov.br/api/media/ines/palavras/videos/serieSm_Prog001.mp4,GoiásLibras · base nacional
SÉRIO,https://goiaslibras.educacao.go.gov.br/api/media/ines/palavras/videos/serioSm_Prog001.mp4,GoiásLibras · base nacional
SÍLABA,https://goiaslibras.educacao.go.gov.br/api/media/ines/palavras/videos/silabaSm_Prog001.mp4,GoiásLibras · base nacional
SÍNDROME DE DOWN,https://dicionario.ines.gov.br/public/media/palavras/videos/sindrome-de-downSm_Prog001.mp4,GoiásLibras · base nacional
SÍTIO,https://goiaslibras.educacao.go.gov.br/api/media/ines/palavras/videos/sitioSm_Prog001.mp4,GoiásLibras · base nacional
SÓ1,https://goiaslibras.educacao.go.gov.br/api/media/ines/palavras/videos/so1Sm_Prog001.mp4,GoiásLibras · base nacional
SÓ2,https://goiaslibras.educacao.go.gov.br/api/media/ines/palavras/videos/so2Sm_Prog001.mp4,GoiásLibras · base nacional
SÓCIO,https://goiaslibras.educacao.go.gov.br/api/media/ines/palavras/videos/socioSm_Prog001.mp4,GoiásLibras · base nacional
SÓLIDO,https://goiaslibras.educacao.go.gov.br/api/media/ines/palavras/videos/solidoSm_Prog001.mp4,GoiásLibras · base nacional
T,https://goiaslibras.educacao.go.gov.br/api/media/ines/palavras/videos/tSm_Prog001.mp4,GoiásLibras · base nacional
TABELA1,https://goiaslibras.educacao.go.gov.br/api/media/ines/palavras/videos/tabela1Sm_Prog001.mp4,GoiásLibras · base nacional
TABELA2,https://goiaslibras.educacao.go.gov.br/api/media/ines/palavras/videos/tabela2Sm_Prog001.mp4,GoiásLibras · base nacional
TABELIÃO,https://goiaslibras.educacao.go.gov.br/api/media/ines/palavras/videos/tabeliaoSm_Prog001.mp4,GoiásLibras · base nacional
TABUADA,https://goiaslibras.educacao.go.gov.br/api/media/ines/palavras/videos/tabuadaSm_Prog001.mp4,GoiásLibras · base nacional
TACO1,https://goiaslibras.educacao.go.gov.br/api/media/ines/palavras/videos/taco1Sm_Prog001.mp4,GoiásLibras · base nacional
TACO2,https://goiaslibras.educacao.go.gov.br/api/media/ines/palavras/videos/taco2Sm_Prog001.mp4,GoiásLibras · base nacional
TAGARELAR,https://goiaslibras.educacao.go.gov.br/api/media/ines/palavras/videos/tagarelarSm_Prog001.mp4,GoiásLibras · base nacional
TALCO,https://goiaslibras.educacao.go.gov.br/api/media/ines/palavras/videos/talcoSm_Prog001.mp4,GoiásLibras · base nacional
TALENTO,https://goiaslibras.educacao.go.gov.br/api/media/ines/palavras/videos/talentoSm_Prog001.mp4,GoiásLibras · base nacional
TALHA,https://goiaslibras.educacao.go.gov.br/api/media/ines/palavras/videos/talhaSm_Prog001.mp4,GoiásLibras · base nacional
TALVEZ,https://goiaslibras.educacao.go.gov.br/api/media/ines/palavras/videos/talvezSm_Prog001.mp4,GoiásLibras · base nacional
TAMANCO,https://dicionario.ines.gov.br/public/media/palavras/videos/TAMANCOSm_Prog001.mp4,GoiásLibras · base nacional
TAMANDUÁ,https://goiaslibras.educacao.go.gov.br/api/media/ines/palavras/videos/tamanduaSm_Prog001.mp4,GoiásLibras · base nacional
TAMBOR,https://goiaslibras.educacao.go.gov.br/api/media/ines/palavras/videos/tamborSm_Prog001.mp4,GoiásLibras · base nacional
TAMBÉM,https://goiaslibras.educacao.go.gov.br/api/media/ines/palavras/videos/tambemSm_Prog001.mp4,GoiásLibras · base nacional
TAMPA,https://goiaslibras.educacao.go.gov.br/api/media/ines/palavras/videos/tampaSm_Prog001.mp4,GoiásLibras · base nacional
TAMPAR,https://goiaslibras.educacao.go.gov.br/api/media/ines/palavras/videos/tamparSm_Prog001.mp4,GoiásLibras · base nacional
TAMPÃO,https://goiaslibras.educacao.go.gov.br/api/media/ines/palavras/videos/tampaoSm_Prog001.mp4,GoiásLibras · base nacional
TANGA,https://goiaslibras.educacao.go.gov.br/api/media/ines/palavras/videos/tangaSm_Prog001.mp4,GoiásLibras · base nacional
TANGERINA,https://goiaslibras.educacao.go.gov.br/api/media/ines/palavras/videos/tangerinaSm_Prog001.mp4,GoiásLibras · base nacional
TANTO1,https://goiaslibras.educacao.go.gov.br/api/media/ines/palavras/videos/tanto1Sm_Prog001.mp4,GoiásLibras · base nacional
TANTO2,https://goiaslibras.educacao.go.gov.br/api/media/ines/palavras/videos/tanto2Sm_Prog001.mp4,GoiásLibras · base nacional
TAPA1,https://goiaslibras.educacao.go.gov.br/api/media/ines/palavras/videos/tapa1Sm_Prog001.mp4,GoiásLibras · base nacional
TAPA2,https://goiaslibras.educacao.go.gov.br/api/media/ines/palavras/videos/tapa2Sm_Prog001.mp4,GoiásLibras · base nacional
TAPAR,https://goiaslibras.educacao.go.gov.br/api/media/ines/palavras/videos/taparSm_Prog001.mp4,GoiásLibras · base nacional
TAPETE,https://goiaslibras.educacao.go.gov.br/api/media/ines/palavras/videos/tapeteSm_Prog001.mp4,GoiásLibras · base nacional
TAQUICARDIA,https://goiaslibras.educacao.go.gov.br/api/media/ines/palavras/videos/taquicardiaSm_Prog001.mp4,GoiásLibras · base nacional
TARADO,https://goiaslibras.educacao.go.gov.br/api/media/ines/palavras/videos/taradoSm_Prog001.mp4,GoiásLibras · base nacional
TARDE,https://goiaslibras.educacao.go.gov.br/api/media/ines/palavras/videos/tardeSm_Prog001.mp4,GoiásLibras · base nacional
TARTARUGA,https://goiaslibras.educacao.go.gov.br/api/media/ines/palavras/videos/tartarugaSm_Prog001.mp4,GoiásLibras · base nacional
TATU,https://goiaslibras.educacao.go.gov.br/api/media/ines/palavras/videos/tatuSm_Prog001.mp4,GoiásLibras · base nacional
TATUAGEM,https://goiaslibras.educacao.go.gov.br/api/media/ines/palavras/videos/tatuagemSm_Prog001.mp4,GoiásLibras · base nacional
TAXISTA,https://goiaslibras.educacao.go.gov.br/api/media/ines/palavras/videos/taxistaSm_Prog001.mp4,GoiásLibras · base nacional
TAÇA1,https://goiaslibras.educacao.go.gov.br/api/media/ines/palavras/videos/taca1Sm_Prog001.mp4,GoiásLibras · base nacional
TAÇA2,https://goiaslibras.educacao.go.gov.br/api/media/ines/palavras/videos/taca2Sm_Prog001.mp4,GoiásLibras · base nacional
TCHAU,https://goiaslibras.educacao.go.gov.br/api/media/ines/palavras/videos/tchauSm_Prog001.mp4,GoiásLibras · base nacional
TDD,https://goiaslibras.educacao.go.gov.br/api/media/ines/palavras/videos/tddSm_Prog001.mp4,GoiásLibras · base nacional
TEATRO,https://goiaslibras.educacao.go.gov.br/api/media/ines/palavras/videos/teatroSm_Prog001.mp4,GoiásLibras · base nacional
TECLADO,https://goiaslibras.educacao.go.gov.br/api/media/ines/palavras/videos/tecladoSm_Prog001.mp4,GoiásLibras · base nacional
TECLAR,https://goiaslibras.educacao.go.gov.br/api/media/ines/palavras/videos/teclarSm_Prog001.mp4,GoiásLibras · base nacional
TECNOLOGIA,https://goiaslibras.educacao.go.gov.br/api/media/ines/palavras/videos/tecnologiaSm_Prog001.mp4,GoiásLibras · base nacional
TEIA,https://goiaslibras.educacao.go.gov.br/api/media/ines/palavras/videos/teiaSm_Prog001.mp4,GoiásLibras · base nacional
TEIMOSO1,https://goiaslibras.educacao.go.gov.br/api/media/ines/palavras/videos/teimosoSm_Prog001.mp4,GoiásLibras · base nacional
TEIMOSO2,https://goiaslibras.educacao.go.gov.br/api/media/ines/palavras/videos/teimoso2Sm_Prog001.mp4,GoiásLibras · base nacional
TEIMOSO3,https://goiaslibras.educacao.go.gov.br/api/media/ines/palavras/videos/teimoso3Sm_Prog001.mp4,GoiásLibras · base nacional
TELEFONISTA,https://goiaslibras.educacao.go.gov.br/api/media/ines/palavras/videos/telefonistaSm_Prog001.mp4,GoiásLibras · base nacional
TELEFÉRICO,https://goiaslibras.educacao.go.gov.br/api/media/ines/palavras/videos/telefericoSm_Prog001.mp4,GoiásLibras · base nacional
TELEGRAFAR,https://goiaslibras.educacao.go.gov.br/api/media/ines/palavras/videos/telegrafarSm_Prog001.mp4,GoiásLibras · base nacional
TELEGRAMA,https://goiaslibras.educacao.go.gov.br/api/media/ines/palavras/videos/telegramaSm_Prog001.mp4,GoiásLibras · base nacional
TELESCÓPIO,https://goiaslibras.educacao.go.gov.br/api/media/ines/palavras/videos/telescopioSm_Prog001.mp4,GoiásLibras · base nacional
TELEVISÃO,https://goiaslibras.educacao.go.gov.br/api/media/ines/palavras/videos/televisaoSm_Prog001.mp4,GoiásLibras · base nacional
TELHA,https://goiaslibras.educacao.go.gov.br/api/media/ines/palavras/videos/telhaSm_Prog001.mp4,GoiásLibras · base nacional
TELHADO1,https://dicionario.ines.gov.br/public/media/palavras/videos/telhadoSm_Prog001.mp4,GoiásLibras · base nacional
TEMA,https://goiaslibras.educacao.go.gov.br/api/media/ines/palavras/videos/temaSm_Prog001.mp4,GoiásLibras · base nacional
TEMPERO,https://goiaslibras.educacao.go.gov.br/api/media/ines/palavras/videos/temperoSm_Prog001.mp4,GoiásLibras · base nacional
TEMPESTADE,https://goiaslibras.educacao.go.gov.br/api/media/ines/palavras/videos/tempestadeSm_Prog001.mp4,GoiásLibras · base nacional
TEMPLO,https://goiaslibras.educacao.go.gov.br/api/media/ines/palavras/videos/temploSm_Prog001.mp4,GoiásLibras · base nacional
TEMPO1,https://goiaslibras.educacao.go.gov.br/api/media/ines/palavras/videos/tempoSm_Prog001.mp4,GoiásLibras · base nacional
TEMPO2,https://goiaslibras.educacao.go.gov.br/api/media/ines/palavras/videos/tempo2Sm_Prog001.mp4,GoiásLibras · base nacional
TEMPO3,https://goiaslibras.educacao.go.gov.br/api/media/ines/palavras/videos/tempo3Sm_Prog001.mp4,GoiásLibras · base nacional
TENDA,https://goiaslibras.educacao.go.gov.br/api/media/ines/palavras/videos/tendaSm_Prog001.mp4,GoiásLibras · base nacional
TENTAR,https://goiaslibras.educacao.go.gov.br/api/media/ines/palavras/videos/tentarSm_Prog001.mp4,GoiásLibras · base nacional
TENTAÇÃO2,https://goiaslibras.educacao.go.gov.br/api/media/ines/palavras/videos/tentacao2Sm_Prog001.mp4,GoiásLibras · base nacional
TEORIA,https://goiaslibras.educacao.go.gov.br/api/media/ines/palavras/videos/teoriaSm_Prog001.mp4,GoiásLibras · base nacional
TER,https://goiaslibras.educacao.go.gov.br/api/media/ines/palavras/videos/terSm_Prog001.mp4,GoiásLibras · base nacional
TERCEIRO,https://goiaslibras.educacao.go.gov.br/api/media/ines/palavras/videos/terceiroSm_Prog001.mp4,GoiásLibras · base nacional
TERCEIROS,https://dicionario.ines.gov.br/public/media/palavras/videos/terceirosSm_Prog001.mp4,GoiásLibras · base nacional
TERMINAR,https://goiaslibras.educacao.go.gov.br/api/media/ines/palavras/videos/terminarSm_Prog001.mp4,GoiásLibras · base nacional
TERMÔMETRO,https://goiaslibras.educacao.go.gov.br/api/media/ines/palavras/videos/termometroSm_Prog001.mp4,GoiásLibras · base nacional
TERNO,https://goiaslibras.educacao.go.gov.br/api/media/ines/palavras/videos/ternoSm_Prog001.mp4,GoiásLibras · base nacional
TERRA1,https://goiaslibras.educacao.go.gov.br/api/media/ines/palavras/videos/terra1Sm_Prog001.mp4,GoiásLibras · base nacional
TERRA2,https://goiaslibras.educacao.go.gov.br/api/media/ines/palavras/videos/terra2Sm_Prog001.mp4,GoiásLibras · base nacional
TERREMOTO,https://goiaslibras.educacao.go.gov.br/api/media/ines/palavras/videos/terremotoSm_Prog001.mp4,GoiásLibras · base nacional
TERRENO,https://goiaslibras.educacao.go.gov.br/api/media/ines/palavras/videos/terrenoSm_Prog001.mp4,GoiásLibras · base nacional
TERRITÓRIO,https://goiaslibras.educacao.go.gov.br/api/media/ines/palavras/videos/territorioSm_Prog001.mp4,GoiásLibras · base nacional
TERROR,https://goiaslibras.educacao.go.gov.br/api/media/ines/palavras/videos/terrorSm_Prog001.mp4,GoiásLibras · base nacional
TESOURA1,https://goiaslibras.educacao.go.gov.br/api/media/ines/palavras/videos/tesouraSm_Prog001.mp4,GoiásLibras · base nacional
TESOURA2,https://goiaslibras.educacao.go.gov.br/api/media/ines/palavras/videos/tesoura2Sm_Prog001.mp4,GoiásLibras · base nacional
TESOUREIRO,https://goiaslibras.educacao.go.gov.br/api/media/ines/palavras/videos/tesoureiroSm_Prog001.mp4,GoiásLibras · base nacional
TESTA,https://goiaslibras.educacao.go.gov.br/api/media/ines/palavras/videos/testaSm_Prog001.mp4,GoiásLibras · base nacional
TESTE AUDIOMÉTRICO,https://goiaslibras.educacao.go.gov.br/api/media/ines/palavras/videos/teste_audiometricoSm_Prog001.mp4,GoiásLibras · base nacional
TESTE1,https://goiaslibras.educacao.go.gov.br/api/media/ines/palavras/videos/teste1Sm_Prog001.mp4,GoiásLibras · base nacional
TESTE2,https://goiaslibras.educacao.go.gov.br/api/media/ines/palavras/videos/jamaisSm_Prog001.mp4,GoiásLibras · base nacional
TESTEMUNHA DE JEOVÁ,https://goiaslibras.educacao.go.gov.br/api/media/ines/palavras/videos/testemunha_de_jeovaSm_Prog001.mp4,GoiásLibras · base nacional
TESTEMUNHAR,https://goiaslibras.educacao.go.gov.br/api/media/ines/palavras/videos/testemunharSm_Prog001.mp4,GoiásLibras · base nacional
TESÃO,https://goiaslibras.educacao.go.gov.br/api/media/ines/palavras/videos/tesaoSm_Prog001.mp4,GoiásLibras · base nacional
TETO,https://goiaslibras.educacao.go.gov.br/api/media/ines/palavras/videos/tetoSm_Prog001.mp4,GoiásLibras · base nacional
TETRACAMPEÃO,https://goiaslibras.educacao.go.gov.br/api/media/ines/palavras/videos/tetracampeaoSm_Prog001.mp4,GoiásLibras · base nacional
TEXTO,https://goiaslibras.educacao.go.gov.br/api/media/ines/palavras/videos/textoSm_Prog001.mp4,GoiásLibras · base nacional
TIARA,https://goiaslibras.educacao.go.gov.br/api/media/ines/palavras/videos/tiaraSm_Prog001.mp4,GoiásLibras · base nacional
TICO-TICO,https://goiaslibras.educacao.go.gov.br/api/media/ines/palavras/videos/tico_ticoSm_Prog001.mp4,GoiásLibras · base nacional
TIGELA,https://goiaslibras.educacao.go.gov.br/api/media/ines/palavras/videos/tigelaSm_Prog001.mp4,GoiásLibras · base nacional
TIGRE,https://goiaslibras.educacao.go.gov.br/api/media/ines/palavras/videos/tigreSm_Prog001.mp4,GoiásLibras · base nacional
TIJOLO1,https://dicionario.ines.gov.br/public/media/palavras/videos/tijoloSm_Prog001.mp4,GoiásLibras · base nacional
TIL,https://goiaslibras.educacao.go.gov.br/api/media/ines/palavras/videos/tilSm_Prog001.mp4,GoiásLibras · base nacional
TIMBRADO,https://goiaslibras.educacao.go.gov.br/api/media/ines/palavras/videos/timbradoSm_Prog001.mp4,GoiásLibras · base nacional
TINTA,https://goiaslibras.educacao.go.gov.br/api/media/ines/palavras/videos/tintaSm_Prog001.mp4,GoiásLibras · base nacional
TIPO,https://goiaslibras.educacao.go.gov.br/api/media/ines/palavras/videos/tipo2Sm_Prog001.mp4,GoiásLibras · base nacional
TIRA-GOSTO,https://goiaslibras.educacao.go.gov.br/api/media/ines/palavras/videos/tira_gostoSm_Prog001.mp4,GoiásLibras · base nacional
TIRAR,https://goiaslibras.educacao.go.gov.br/api/media/ines/palavras/videos/tirarSm_Prog001.mp4,GoiásLibras · base nacional
TIRO,https://goiaslibras.educacao.go.gov.br/api/media/ines/palavras/videos/tiroSm_Prog001.mp4,GoiásLibras · base nacional
TIROTEIO,https://goiaslibras.educacao.go.gov.br/api/media/ines/palavras/videos/tiroteioSm_Prog001.mp4,GoiásLibras · base nacional
TITULAR,https://goiaslibras.educacao.go.gov.br/api/media/ines/palavras/videos/titularSm_Prog001.mp4,GoiásLibras · base nacional
TOALETE,https://goiaslibras.educacao.go.gov.br/api/media/ines/palavras/videos/toaleteSm_Prog001.mp4,GoiásLibras · base nacional
TOALHA DE BANHO,https://goiaslibras.educacao.go.gov.br/api/media/ines/palavras/videos/toalha2Sm_Prog001.mp4,GoiásLibras · base nacional
TOALHA DE ROSTO,https://dicionario.ines.gov.br/public/media/palavras/videos/toalha1Sm_Prog001.mp4,GoiásLibras · base nacional
TOBOGÃ,https://goiaslibras.educacao.go.gov.br/api/media/ines/palavras/videos/tobogaSm_Prog001.mp4,GoiásLibras · base nacional
TOCA,https://dicionario.ines.gov.br/public/media/palavras/videos/toca1Sm_Prog001.mp4,GoiásLibras · base nacional
TOCANTINS,https://dicionario.ines.gov.br/public/media/palavras/videos/tocantisSm_Prog001.mp4,GoiásLibras · base nacional
TOCAR,https://goiaslibras.educacao.go.gov.br/api/media/ines/palavras/videos/tocarSm_Prog001.mp4,GoiásLibras · base nacional
TOCHA,https://goiaslibras.educacao.go.gov.br/api/media/ines/palavras/videos/tochaSm_Prog001.mp4,GoiásLibras · base nacional
TODO DIA,https://goiaslibras.educacao.go.gov.br/api/media/ines/palavras/videos/todo_diaSm_Prog001.mp4,GoiásLibras · base nacional
TODO1,https://goiaslibras.educacao.go.gov.br/api/media/ines/palavras/videos/todo1Sm_Prog001.mp4,GoiásLibras · base nacional
TODO2,https://goiaslibras.educacao.go.gov.br/api/media/ines/palavras/videos/todo2Sm_Prog001.mp4,GoiásLibras · base nacional
TODO3,https://goiaslibras.educacao.go.gov.br/api/media/ines/palavras/videos/todo3Sm_Prog001.mp4,GoiásLibras · base nacional
TOLERAR,https://goiaslibras.educacao.go.gov.br/api/media/ines/palavras/videos/tolerarSm_Prog001.mp4,GoiásLibras · base nacional
TOLICE,https://goiaslibras.educacao.go.gov.br/api/media/ines/palavras/videos/toliceSm_Prog001.mp4,GoiásLibras · base nacional
TOLO,https://goiaslibras.educacao.go.gov.br/api/media/ines/palavras/videos/toloSm_Prog001.mp4,GoiásLibras · base nacional
TOMADA,https://goiaslibras.educacao.go.gov.br/api/media/ines/palavras/videos/tomadaSm_Prog001.mp4,GoiásLibras · base nacional
TOMAR1,https://goiaslibras.educacao.go.gov.br/api/media/ines/palavras/videos/tomar1Sm_Prog001.mp4,GoiásLibras · base nacional
TOMAR2,https://goiaslibras.educacao.go.gov.br/api/media/ines/palavras/videos/tomar2Sm_Prog001.mp4,GoiásLibras · base nacional
TOMARA,https://goiaslibras.educacao.go.gov.br/api/media/ines/palavras/videos/tomaraSm_Prog001.mp4,GoiásLibras · base nacional
TOMARA-QUE-CAIA,https://goiaslibras.educacao.go.gov.br/api/media/ines/palavras/videos/tomara_que_caiaSm_Prog001.mp4,GoiásLibras · base nacional
TOMATE,https://goiaslibras.educacao.go.gov.br/api/media/ines/palavras/videos/tomateSm_Prog001.mp4,GoiásLibras · base nacional
TOMBAR,https://goiaslibras.educacao.go.gov.br/api/media/ines/palavras/videos/tombarSm_Prog001.mp4,GoiásLibras · base nacional
TOMBO,https://goiaslibras.educacao.go.gov.br/api/media/ines/palavras/videos/tomboSm_Prog001.mp4,GoiásLibras · base nacional
TONELADA,https://goiaslibras.educacao.go.gov.br/api/media/ines/palavras/videos/toneladaSm_Prog001.mp4,GoiásLibras · base nacional
TONTO1,https://goiaslibras.educacao.go.gov.br/api/media/ines/palavras/videos/tontoSm_Prog001.mp4,GoiásLibras · base nacional
TONTO2,https://goiaslibras.educacao.go.gov.br/api/media/ines/palavras/videos/tonto2Sm_Prog001.mp4,GoiásLibras · base nacional
TOPAR1,https://goiaslibras.educacao.go.gov.br/api/media/ines/palavras/videos/topar1Sm_Prog001.mp4,GoiásLibras · base nacional
TOPAR2,https://goiaslibras.educacao.go.gov.br/api/media/ines/palavras/videos/topar2Sm_Prog001.mp4,GoiásLibras · base nacional
TOPLESS,https://goiaslibras.educacao.go.gov.br/api/media/ines/palavras/videos/toplessSm_Prog001.mp4,GoiásLibras · base nacional
TOQUE,https://goiaslibras.educacao.go.gov.br/api/media/ines/palavras/videos/toqueSm_Prog001.mp4,GoiásLibras · base nacional
TORA,https://goiaslibras.educacao.go.gov.br/api/media/ines/palavras/videos/toraSm_Prog001.mp4,GoiásLibras · base nacional
TORCER1,https://goiaslibras.educacao.go.gov.br/api/media/ines/palavras/videos/torcer2Sm_Prog001.mp4,GoiásLibras · base nacional
TORCER2,https://goiaslibras.educacao.go.gov.br/api/media/ines/palavras/videos/torcer3Sm_Prog001.mp4,GoiásLibras · base nacional
TORCER3,https://goiaslibras.educacao.go.gov.br/api/media/ines/palavras/videos/torcer1Sm_Prog001.mp4,GoiásLibras · base nacional
TORCICOLO,https://goiaslibras.educacao.go.gov.br/api/media/ines/palavras/videos/torcicoloSm_Prog001.mp4,GoiásLibras · base nacional
TORCIDA,https://goiaslibras.educacao.go.gov.br/api/media/ines/palavras/videos/torcidaSm_Prog001.mp4,GoiásLibras · base nacional
TORNADO,https://goiaslibras.educacao.go.gov.br/api/media/ines/palavras/videos/tornadoSm_Prog001.mp4,GoiásLibras · base nacional
TORNEIO,https://goiaslibras.educacao.go.gov.br/api/media/ines/palavras/videos/torneioSm_Prog001.mp4,GoiásLibras · base nacional
TORNEIRA,https://goiaslibras.educacao.go.gov.br/api/media/ines/palavras/videos/torneiraSm_Prog001.mp4,GoiásLibras · base nacional
TORNIQUETE,https://goiaslibras.educacao.go.gov.br/api/media/ines/palavras/videos/torniqueteSm_Prog001.mp4,GoiásLibras · base nacional
TORNOZELEIRA,https://goiaslibras.educacao.go.gov.br/api/media/ines/palavras/videos/tornozeleiraSm_Prog001.mp4,GoiásLibras · base nacional
TORNOZELO,https://goiaslibras.educacao.go.gov.br/api/media/ines/palavras/videos/tornozeloSm_Prog001.mp4,GoiásLibras · base nacional
TORPEDO,https://goiaslibras.educacao.go.gov.br/api/media/ines/palavras/videos/torpedoSm_Prog001.mp4,GoiásLibras · base nacional
TORRADA,https://goiaslibras.educacao.go.gov.br/api/media/ines/palavras/videos/torradaSm_Prog001.mp4,GoiásLibras · base nacional
TORRE,https://goiaslibras.educacao.go.gov.br/api/media/ines/palavras/videos/torreSm_Prog001.mp4,GoiásLibras · base nacional
TORTA,https://goiaslibras.educacao.go.gov.br/api/media/ines/palavras/videos/tortaSm_Prog001.mp4,GoiásLibras · base nacional
TORTO,https://goiaslibras.educacao.go.gov.br/api/media/ines/palavras/videos/tortoSm_Prog001.mp4,GoiásLibras · base nacional
TORÓ,https://goiaslibras.educacao.go.gov.br/api/media/ines/palavras/videos/toroSm_Prog001.mp4,GoiásLibras · base nacional
TOSA,https://goiaslibras.educacao.go.gov.br/api/media/ines/palavras/videos/tosaSm_Prog001.mp4,GoiásLibras · base nacional
TOTAL,https://goiaslibras.educacao.go.gov.br/api/media/ines/palavras/videos/totalSm_Prog001.mp4,GoiásLibras · base nacional
TOTÓ,https://goiaslibras.educacao.go.gov.br/api/media/ines/palavras/videos/totoSm_Prog001.mp4,GoiásLibras · base nacional
TOUCA,https://goiaslibras.educacao.go.gov.br/api/media/ines/palavras/videos/toucaSm_Prog001.mp4,GoiásLibras · base nacional
TRABALHADOR,https://goiaslibras.educacao.go.gov.br/api/media/ines/palavras/videos/trabalhadorSm_Prog001.mp4,GoiásLibras · base nacional
TRABALHAR,https://goiaslibras.educacao.go.gov.br/api/media/ines/palavras/videos/trabalharSm_Prog001.mp4,GoiásLibras · base nacional
TRABALHEIRA,https://goiaslibras.educacao.go.gov.br/api/media/ines/palavras/videos/trabalheiraSm_Prog001.mp4,GoiásLibras · base nacional
TRADIÇÃO,https://goiaslibras.educacao.go.gov.br/api/media/ines/palavras/videos/tradicaoSm_Prog001.mp4,GoiásLibras · base nacional
TRAFICANTE,https://goiaslibras.educacao.go.gov.br/api/media/ines/palavras/videos/traficanteSm_Prog001.mp4,GoiásLibras · base nacional
TRAGAR1,https://goiaslibras.educacao.go.gov.br/api/media/ines/palavras/videos/tragar1Sm_Prog001.mp4,GoiásLibras · base nacional
TRAGAR2,https://goiaslibras.educacao.go.gov.br/api/media/ines/palavras/videos/tragar2Sm_Prog001.mp4,GoiásLibras · base nacional
TRAIR2,https://goiaslibras.educacao.go.gov.br/api/media/ines/palavras/videos/trair2Sm_Prog001.mp4,GoiásLibras · base nacional
TRAJE,https://goiaslibras.educacao.go.gov.br/api/media/ines/palavras/videos/trajeSm_Prog001.mp4,GoiásLibras · base nacional
TRAMPOLIM,https://goiaslibras.educacao.go.gov.br/api/media/ines/palavras/videos/trampolimSm_Prog001.mp4,GoiásLibras · base nacional
TRANCAR,https://goiaslibras.educacao.go.gov.br/api/media/ines/palavras/videos/trancarSm_Prog001.mp4,GoiásLibras · base nacional
TRANQÜILO,https://goiaslibras.educacao.go.gov.br/api/media/ines/palavras/videos/tranquiloSm_Prog001.mp4,GoiásLibras · base nacional
TRANQÜILO2,https://goiaslibras.educacao.go.gov.br/api/media/ines/palavras/videos/tranquilo2Sm_Prog001.mp4,GoiásLibras · base nacional
TRANSA,https://goiaslibras.educacao.go.gov.br/api/media/ines/palavras/videos/transaSm_Prog001.mp4,GoiásLibras · base nacional
TRANSAR,https://goiaslibras.educacao.go.gov.br/api/media/ines/palavras/videos/transarSm_Prog001.mp4,GoiásLibras · base nacional
TRANSBORDAR,https://goiaslibras.educacao.go.gov.br/api/media/ines/palavras/videos/transbordarSm_Prog001.mp4,GoiásLibras · base nacional
TRANSCREVER,https://goiaslibras.educacao.go.gov.br/api/media/ines/palavras/videos/transcreverSm_Prog001.mp4,GoiásLibras · base nacional
TRANSCRIÇÃO,https://dicionario.ines.gov.br/public/media/palavras/videos/transcricaoSm_Prog001.mp4,GoiásLibras · base nacional
TRANSFERIR,https://goiaslibras.educacao.go.gov.br/api/media/ines/palavras/videos/transferirSm_Prog001.mp4,GoiásLibras · base nacional
TRANSFERÊNCIA,https://dicionario.ines.gov.br/public/media/palavras/videos/transferencia1Sm_Prog001.mp4,GoiásLibras · base nacional
TRANSFORMAR,https://goiaslibras.educacao.go.gov.br/api/media/ines/palavras/videos/transformarSm_Prog001.mp4,GoiásLibras · base nacional
TRANSFUSÃO,https://goiaslibras.educacao.go.gov.br/api/media/ines/palavras/videos/transfusaoSm_Prog001.mp4,GoiásLibras · base nacional
TRANSGRESSÃO,https://goiaslibras.educacao.go.gov.br/api/media/ines/palavras/videos/transgressaoSm_Prog001.mp4,GoiásLibras · base nacional
TRANSPARÊNCIA,https://goiaslibras.educacao.go.gov.br/api/media/ines/palavras/videos/transparenciaSm_Prog001.mp4,GoiásLibras · base nacional
TRANSPIRAR,https://dicionario.ines.gov.br/public/media/palavras/videos/transpirarSm_Prog001.mp4,GoiásLibras · base nacional
TRANSPORTAR,https://goiaslibras.educacao.go.gov.br/api/media/ines/palavras/videos/transportarSm_Prog001.mp4,GoiásLibras · base nacional
TRANSPORTE,https://goiaslibras.educacao.go.gov.br/api/media/ines/palavras/videos/transporteSm_Prog001.mp4,GoiásLibras · base nacional
TRANÇA,https://goiaslibras.educacao.go.gov.br/api/media/ines/palavras/videos/trancaSm_Prog001.mp4,GoiásLibras · base nacional
TRAPÉZIO,https://dicionario.ines.gov.br/public/media/palavras/videos/trapezioSm_Prog001.mp4,GoiásLibras · base nacional
TRASEIRO1,https://goiaslibras.educacao.go.gov.br/api/media/ines/palavras/videos/traseiro1Sm_Prog001.mp4,GoiásLibras · base nacional
TRASEIRO2,https://goiaslibras.educacao.go.gov.br/api/media/ines/palavras/videos/traseiro2Sm_Prog001.mp4,GoiásLibras · base nacional
TRATAR,https://goiaslibras.educacao.go.gov.br/api/media/ines/palavras/videos/tratarSm_Prog001.mp4,GoiásLibras · base nacional
TRATOR,https://goiaslibras.educacao.go.gov.br/api/media/ines/palavras/videos/tratorSm_Prog001.mp4,GoiásLibras · base nacional
TRAUMA,https://goiaslibras.educacao.go.gov.br/api/media/ines/palavras/videos/traumaSm_Prog001.mp4,GoiásLibras · base nacional
TRAUMATIZAR,https://goiaslibras.educacao.go.gov.br/api/media/ines/palavras/videos/traumatizarSm_Prog001.mp4,GoiásLibras · base nacional
TRAVE,https://goiaslibras.educacao.go.gov.br/api/media/ines/palavras/videos/traveSm_Prog001.mp4,GoiásLibras · base nacional
TRAVESSEIRO,https://goiaslibras.educacao.go.gov.br/api/media/ines/palavras/videos/travesseiroSm_Prog001.mp4,GoiásLibras · base nacional
TRAZER,https://goiaslibras.educacao.go.gov.br/api/media/ines/palavras/videos/trazerSm_Prog001.mp4,GoiásLibras · base nacional
TRAÇA,https://goiaslibras.educacao.go.gov.br/api/media/ines/palavras/videos/tracaSm_Prog001.mp4,GoiásLibras · base nacional
TREINADOR,https://goiaslibras.educacao.go.gov.br/api/media/ines/palavras/videos/treinadorSm_Prog001.mp4,GoiásLibras · base nacional
TREINAMENTO,https://goiaslibras.educacao.go.gov.br/api/media/ines/palavras/videos/treinamentoSm_Prog001.mp4,GoiásLibras · base nacional
TREINAR,https://dicionario.ines.gov.br/public/media/palavras/videos/treinarSm_Prog001.mp4,GoiásLibras · base nacional
TREM,https://goiaslibras.educacao.go.gov.br/api/media/ines/palavras/videos/tremSm_Prog001.mp4,GoiásLibras · base nacional
TREMER1,https://goiaslibras.educacao.go.gov.br/api/media/ines/palavras/videos/tremer1Sm_Prog001.mp4,GoiásLibras · base nacional
TREMER2,https://goiaslibras.educacao.go.gov.br/api/media/ines/palavras/videos/tremer2Sm_Prog001.mp4,GoiásLibras · base nacional
TREMER3,https://goiaslibras.educacao.go.gov.br/api/media/ines/palavras/videos/tremer3Sm_Prog001.mp4,GoiásLibras · base nacional
TREMULAR,https://goiaslibras.educacao.go.gov.br/api/media/ines/palavras/videos/tremularSm_Prog001.mp4,GoiásLibras · base nacional
TREPAR,https://goiaslibras.educacao.go.gov.br/api/media/ines/palavras/videos/treparSm_Prog001.mp4,GoiásLibras · base nacional
TREPIDAR,https://goiaslibras.educacao.go.gov.br/api/media/ines/palavras/videos/trepidarSm_Prog001.mp4,GoiásLibras · base nacional
TREVAS,https://goiaslibras.educacao.go.gov.br/api/media/ines/palavras/videos/trevasSm_Prog001.mp4,GoiásLibras · base nacional
TREZENTOS,https://goiaslibras.educacao.go.gov.br/api/media/ines/palavras/videos/trezentosSm_Prog001.mp4,GoiásLibras · base nacional
TRIBO,https://goiaslibras.educacao.go.gov.br/api/media/ines/palavras/videos/triboSm_Prog001.mp4,GoiásLibras · base nacional
TRIBUNAL,https://goiaslibras.educacao.go.gov.br/api/media/ines/palavras/videos/tribunalSm_Prog001.mp4,GoiásLibras · base nacional
TRICAMPEÃO,https://goiaslibras.educacao.go.gov.br/api/media/ines/palavras/videos/tricampeaoSm_Prog001.mp4,GoiásLibras · base nacional
TRICICLO,https://goiaslibras.educacao.go.gov.br/api/media/ines/palavras/videos/tricicloSm_Prog001.mp4,GoiásLibras · base nacional
TRICOTAR,https://goiaslibras.educacao.go.gov.br/api/media/ines/palavras/videos/tricotarSm_Prog001.mp4,GoiásLibras · base nacional
TRIDENTE,https://goiaslibras.educacao.go.gov.br/api/media/ines/palavras/videos/tridenteSm_Prog001.mp4,GoiásLibras · base nacional
TRIGÊMEOS,https://goiaslibras.educacao.go.gov.br/api/media/ines/palavras/videos/trigemeosSm_Prog001.mp4,GoiásLibras · base nacional
TRIMENSAL,https://goiaslibras.educacao.go.gov.br/api/media/ines/palavras/videos/trimensalSm_Prog001.mp4,GoiásLibras · base nacional
TRIMESTRE,https://goiaslibras.educacao.go.gov.br/api/media/ines/palavras/videos/trimestreSm_Prog001.mp4,GoiásLibras · base nacional
TRINCA,https://goiaslibras.educacao.go.gov.br/api/media/ines/palavras/videos/trincaSm_Prog001.mp4,GoiásLibras · base nacional
TRINTA,https://goiaslibras.educacao.go.gov.br/api/media/ines/palavras/videos/trintaSm_Prog001.mp4,GoiásLibras · base nacional
TRINTA E TRÊS,https://goiaslibras.educacao.go.gov.br/api/media/ines/palavras/videos/trinta_e_tresSm_Prog001.mp4,GoiásLibras · base nacional
TRIO,https://goiaslibras.educacao.go.gov.br/api/media/ines/palavras/videos/trioSm_Prog001.mp4,GoiásLibras · base nacional
TRIPA,https://goiaslibras.educacao.go.gov.br/api/media/ines/palavras/videos/tripaSm_Prog001.mp4,GoiásLibras · base nacional
TRIPÉ,https://goiaslibras.educacao.go.gov.br/api/media/ines/palavras/videos/tripeSm_Prog001.mp4,GoiásLibras · base nacional
TRIÊNIO,https://goiaslibras.educacao.go.gov.br/api/media/ines/palavras/videos/trienioSm_Prog001.mp4,GoiásLibras · base nacional
TROCADOR,https://goiaslibras.educacao.go.gov.br/api/media/ines/palavras/videos/trocadorSm_Prog001.mp4,GoiásLibras · base nacional
TROCAR1,https://goiaslibras.educacao.go.gov.br/api/media/ines/palavras/videos/trocar1Sm_Prog001.mp4,GoiásLibras · base nacional
TROCAR2,https://goiaslibras.educacao.go.gov.br/api/media/ines/palavras/videos/trocar2Sm_Prog001.mp4,GoiásLibras · base nacional
TROCO,https://goiaslibras.educacao.go.gov.br/api/media/ines/palavras/videos/trocoSm_Prog001.mp4,GoiásLibras · base nacional
TROFÉU,https://goiaslibras.educacao.go.gov.br/api/media/ines/palavras/videos/trofeuSm_Prog001.mp4,GoiásLibras · base nacional
TROMBA,https://goiaslibras.educacao.go.gov.br/api/media/ines/palavras/videos/trombaSm_Prog001.mp4,GoiásLibras · base nacional
TROMBETA,https://goiaslibras.educacao.go.gov.br/api/media/ines/palavras/videos/trombetaSm_Prog001.mp4,GoiásLibras · base nacional
TRONCO,https://goiaslibras.educacao.go.gov.br/api/media/ines/palavras/videos/troncoSm_Prog001.mp4,GoiásLibras · base nacional
TROTAR,https://goiaslibras.educacao.go.gov.br/api/media/ines/palavras/videos/trotarSm_Prog001.mp4,GoiásLibras · base nacional
TROVÃO,https://goiaslibras.educacao.go.gov.br/api/media/ines/palavras/videos/trovaoSm_Prog001.mp4,GoiásLibras · base nacional
TRÁFEGO,https://goiaslibras.educacao.go.gov.br/api/media/ines/palavras/videos/trafegoSm_Prog001.mp4,GoiásLibras · base nacional
TRÁFICO1,https://goiaslibras.educacao.go.gov.br/api/media/ines/palavras/videos/trafico1Sm_Prog001.mp4,GoiásLibras · base nacional
TRÁFICO2,https://goiaslibras.educacao.go.gov.br/api/media/ines/palavras/videos/trafico2Sm_Prog001.mp4,GoiásLibras · base nacional
TRÁS,https://goiaslibras.educacao.go.gov.br/api/media/ines/palavras/videos/trasSm_Prog001.mp4,GoiásLibras · base nacional
TRÂNSITO,https://goiaslibras.educacao.go.gov.br/api/media/ines/palavras/videos/transitoSm_Prog001.mp4,GoiásLibras · base nacional
TRÊS1,https://goiaslibras.educacao.go.gov.br/api/media/ines/palavras/videos/tres1Sm_Prog001.mp4,GoiásLibras · base nacional
TRÊS2,https://goiaslibras.educacao.go.gov.br/api/media/ines/palavras/videos/tres2Sm_Prog001.mp4,GoiásLibras · base nacional
TSC...TSC...,https://dicionario.ines.gov.br/public/media/palavras/videos/tsc_tscSm_Prog001.mp4,GoiásLibras · base nacional
TUBARÃO,https://goiaslibras.educacao.go.gov.br/api/media/ines/palavras/videos/tubaraoSm_Prog001.mp4,GoiásLibras · base nacional
TUBERCULOSE,https://goiaslibras.educacao.go.gov.br/api/media/ines/palavras/videos/tuberculoseSm_Prog001.mp4,GoiásLibras · base nacional
TUBO,https://goiaslibras.educacao.go.gov.br/api/media/ines/palavras/videos/tuboSm_Prog001.mp4,GoiásLibras · base nacional
TUCANO,https://goiaslibras.educacao.go.gov.br/api/media/ines/palavras/videos/tucanoSm_Prog001.mp4,GoiásLibras · base nacional
TUDO BEM,https://goiaslibras.educacao.go.gov.br/api/media/ines/palavras/videos/tudo_bemSm_Prog001.mp4,GoiásLibras · base nacional
TUDO1,https://goiaslibras.educacao.go.gov.br/api/media/ines/palavras/videos/tudo1Sm_Prog001.mp4,GoiásLibras · base nacional
TUDO2,https://goiaslibras.educacao.go.gov.br/api/media/ines/palavras/videos/tudo2Sm_Prog001.mp4,GoiásLibras · base nacional
TUDO3,https://goiaslibras.educacao.go.gov.br/api/media/ines/palavras/videos/tudo3Sm_Prog001.mp4,GoiásLibras · base nacional
TUFÃO,https://goiaslibras.educacao.go.gov.br/api/media/ines/palavras/videos/tufaoSm_Prog001.mp4,GoiásLibras · base nacional
TUMULTO,https://goiaslibras.educacao.go.gov.br/api/media/ines/palavras/videos/tumultoSm_Prog001.mp4,GoiásLibras · base nacional
TURISMO,https://goiaslibras.educacao.go.gov.br/api/media/video/2026-08-nas/turismo.mp4,GoiásLibras · base nacional
TURMA,https://goiaslibras.educacao.go.gov.br/api/media/ines/palavras/videos/turmaSm_Prog001.mp4,GoiásLibras · base nacional
TURQUIA,https://goiaslibras.educacao.go.gov.br/api/media/ines/palavras/videos/turquiaSm_Prog001.mp4,GoiásLibras · base nacional
TURVO,https://goiaslibras.educacao.go.gov.br/api/media/ines/palavras/videos/turvoSm_Prog001.mp4,GoiásLibras · base nacional
TÁBUA,https://goiaslibras.educacao.go.gov.br/api/media/ines/palavras/videos/tabuaSm_Prog001.mp4,GoiásLibras · base nacional
TÁXI,https://goiaslibras.educacao.go.gov.br/api/media/ines/palavras/videos/taxiSm_Prog001.mp4,GoiásLibras · base nacional
TÉCNICO,https://goiaslibras.educacao.go.gov.br/api/media/ines/palavras/videos/tecnicoSm_Prog001.mp4,GoiásLibras · base nacional
TÉDIO1,https://goiaslibras.educacao.go.gov.br/api/media/ines/palavras/videos/tedio1Sm_Prog001.mp4,GoiásLibras · base nacional
TÉDIO2,https://goiaslibras.educacao.go.gov.br/api/media/ines/palavras/videos/tedio2Sm_Prog001.mp4,GoiásLibras · base nacional
TÊMPORAS,https://goiaslibras.educacao.go.gov.br/api/media/ines/palavras/videos/temporasSm_Prog001.mp4,GoiásLibras · base nacional
TÊNIS1,https://goiaslibras.educacao.go.gov.br/api/media/ines/palavras/videos/tenis1Sm_Prog001.mp4,GoiásLibras · base nacional
TÊNIS2,https://goiaslibras.educacao.go.gov.br/api/media/ines/palavras/videos/tenis2Sm_Prog001.mp4,GoiásLibras · base nacional
TÍMIDO,https://goiaslibras.educacao.go.gov.br/api/media/ines/palavras/videos/timidoSm_Prog001.mp4,GoiásLibras · base nacional
TÍPICO,https://goiaslibras.educacao.go.gov.br/api/media/ines/palavras/videos/tipicoSm_Prog001.mp4,GoiásLibras · base nacional
TÍQUETE,https://goiaslibras.educacao.go.gov.br/api/media/ines/palavras/videos/tiqueteSm_Prog001.mp4,GoiásLibras · base nacional
TÍTULO,https://goiaslibras.educacao.go.gov.br/api/media/ines/palavras/videos/tituloSm_Prog001.mp4,GoiásLibras · base nacional
TÓRAX,https://goiaslibras.educacao.go.gov.br/api/media/ines/palavras/videos/toraxSm_Prog001.mp4,GoiásLibras · base nacional
U,https://goiaslibras.educacao.go.gov.br/api/media/ines/palavras/videos/uSm_Prog001.mp4,GoiásLibras · base nacional
UAU,https://goiaslibras.educacao.go.gov.br/api/media/ines/palavras/videos/uauSm_Prog001.mp4,GoiásLibras · base nacional
UFA,https://goiaslibras.educacao.go.gov.br/api/media/ines/palavras/videos/ufaSm_Prog001.mp4,GoiásLibras · base nacional
ULTRAJAR,https://goiaslibras.educacao.go.gov.br/api/media/ines/palavras/videos/ultrajarSm_Prog001.mp4,GoiásLibras · base nacional
ULTRAPASSADO,https://goiaslibras.educacao.go.gov.br/api/media/ines/palavras/videos/ultrapassadoSm_Prog001.mp4,GoiásLibras · base nacional
ULTRAPASSAR,https://goiaslibras.educacao.go.gov.br/api/media/ines/palavras/videos/ultrapassarSm_Prog001.mp4,GoiásLibras · base nacional
ULTRASONOGRAFIA,https://goiaslibras.educacao.go.gov.br/api/media/ines/palavras/videos/ultrasonografiaSm_Prog001.mp4,GoiásLibras · base nacional
UM1,https://goiaslibras.educacao.go.gov.br/api/media/ines/palavras/videos/um1Sm_Prog001.mp4,GoiásLibras · base nacional
UM2,https://goiaslibras.educacao.go.gov.br/api/media/ines/palavras/videos/um2Sm_Prog001.mp4,GoiásLibras · base nacional
UMBANDA,https://goiaslibras.educacao.go.gov.br/api/media/ines/palavras/videos/umbandaSm_Prog001.mp4,GoiásLibras · base nacional
UMBIGO,https://goiaslibras.educacao.go.gov.br/api/media/ines/palavras/videos/umbigoSm_Prog001.mp4,GoiásLibras · base nacional
UMEDECER,https://goiaslibras.educacao.go.gov.br/api/media/ines/palavras/videos/umedecerSm_Prog001.mp4,GoiásLibras · base nacional
UMIDADE,https://goiaslibras.educacao.go.gov.br/api/media/ines/palavras/videos/umidadeSm_Prog001.mp4,GoiásLibras · base nacional
UNHA,https://goiaslibras.educacao.go.gov.br/api/media/ines/palavras/videos/unhaSm_Prog001.mp4,GoiásLibras · base nacional
UNHAS-DE-FOME,https://dicionario.ines.gov.br/public/media/palavras/videos/unhas_de_fomeSm_Prog001.mp4,GoiásLibras · base nacional
UNICÓRNIO,https://goiaslibras.educacao.go.gov.br/api/media/ines/palavras/videos/unicornioSm_Prog001.mp4,GoiásLibras · base nacional
UNIDADE,https://goiaslibras.educacao.go.gov.br/api/media/ines/palavras/videos/unidadeSm_Prog001.mp4,GoiásLibras · base nacional
UNIFICAR,https://goiaslibras.educacao.go.gov.br/api/media/ines/palavras/videos/unificarSm_Prog001.mp4,GoiásLibras · base nacional
UNIFORME,https://goiaslibras.educacao.go.gov.br/api/media/ines/palavras/videos/uniformeSm_Prog001.mp4,GoiásLibras · base nacional
UNIGÊNITO,https://goiaslibras.educacao.go.gov.br/api/media/ines/palavras/videos/unigenitoSm_Prog001.mp4,GoiásLibras · base nacional
UNIR,https://goiaslibras.educacao.go.gov.br/api/media/ines/palavras/videos/unirSm_Prog001.mp4,GoiásLibras · base nacional
UNITÁRIO,https://dicionario.ines.gov.br/public/media/palavras/videos/unitárioSm_Prog001.mp4,GoiásLibras · base nacional
UNIVERSAL,https://goiaslibras.educacao.go.gov.br/api/media/ines/palavras/videos/universalSm_Prog001.mp4,GoiásLibras · base nacional
UNIVERSIDADE,https://goiaslibras.educacao.go.gov.br/api/media/video/2026-08-nas/universidade.mp4,GoiásLibras · base nacional
UNIVERSO,https://goiaslibras.educacao.go.gov.br/api/media/ines/palavras/videos/universoSm_Prog001.mp4,GoiásLibras · base nacional
UNIÃO,https://goiaslibras.educacao.go.gov.br/api/media/ines/palavras/videos/uniaoSm_Prog001.mp4,GoiásLibras · base nacional
UNTAR,https://goiaslibras.educacao.go.gov.br/api/media/ines/palavras/videos/untarSm_Prog001.mp4,GoiásLibras · base nacional
UNÂNIME,https://goiaslibras.educacao.go.gov.br/api/media/ines/palavras/videos/unanimeSm_Prog001.mp4,GoiásLibras · base nacional
UNÇÃO,https://goiaslibras.educacao.go.gov.br/api/media/ines/palavras/videos/uncaoSm_Prog001.mp4,GoiásLibras · base nacional
URBANO,https://goiaslibras.educacao.go.gov.br/api/media/ines/palavras/videos/urbanoSm_Prog001.mp4,GoiásLibras · base nacional
URGENTE,https://goiaslibras.educacao.go.gov.br/api/media/ines/palavras/videos/urgenteSm_Prog001.mp4,GoiásLibras · base nacional
URINA,https://goiaslibras.educacao.go.gov.br/api/media/ines/palavras/videos/urinaSm_Prog001.mp4,GoiásLibras · base nacional
URNA1,https://dicionario.ines.gov.br/public/media/palavras/videos/urnaSm_Prog001.mp4,GoiásLibras · base nacional
URNA2,https://dicionario.ines.gov.br/public/media/palavras/videos/urna_eletronicaSm_Prog001.mp4,GoiásLibras · base nacional
URSO1,https://goiaslibras.educacao.go.gov.br/api/media/ines/palavras/videos/ursoSm_Prog001.mp4,GoiásLibras · base nacional
URSO2,https://goiaslibras.educacao.go.gov.br/api/media/ines/palavras/videos/urso2Sm_Prog001.mp4,GoiásLibras · base nacional
URUBU,https://goiaslibras.educacao.go.gov.br/api/media/ines/palavras/videos/urubuSm_Prog001.mp4,GoiásLibras · base nacional
URUGUAI,https://goiaslibras.educacao.go.gov.br/api/media/ines/palavras/videos/uruguaiSm_Prog001.mp4,GoiásLibras · base nacional
USADO,https://goiaslibras.educacao.go.gov.br/api/media/ines/palavras/videos/usadoSm_Prog001.mp4,GoiásLibras · base nacional
UVA,https://goiaslibras.educacao.go.gov.br/api/media/ines/palavras/videos/uvaSm_Prog001.mp4,GoiásLibras · base nacional
UÍSQUE,https://goiaslibras.educacao.go.gov.br/api/media/ines/palavras/videos/uisqueSm_Prog001.mp4,GoiásLibras · base nacional
V,https://goiaslibras.educacao.go.gov.br/api/media/ines/palavras/videos/vSm_Prog001.mp4,GoiásLibras · base nacional
VACA,https://goiaslibras.educacao.go.gov.br/api/media/ines/palavras/videos/vacaSm_Prog001.mp4,GoiásLibras · base nacional
VACILAR,https://goiaslibras.educacao.go.gov.br/api/media/ines/palavras/videos/vacilarSm_Prog001.mp4,GoiásLibras · base nacional
VACINA,https://goiaslibras.educacao.go.gov.br/api/media/ines/palavras/videos/vacinaSm_Prog001.mp4,GoiásLibras · base nacional
VACINAR1,https://goiaslibras.educacao.go.gov.br/api/media/ines/palavras/videos/vacinar1Sm_Prog001.mp4,GoiásLibras · base nacional
VACINAR2,https://goiaslibras.educacao.go.gov.br/api/media/ines/palavras/videos/vacinar2Sm_Prog001.mp4,GoiásLibras · base nacional
VADIAR,https://goiaslibras.educacao.go.gov.br/api/media/ines/palavras/videos/vadiarSm_Prog001.mp4,GoiásLibras · base nacional
VADIO,https://goiaslibras.educacao.go.gov.br/api/media/ines/palavras/videos/vadiaSm_Prog001.mp4,GoiásLibras · base nacional
VAGA,https://goiaslibras.educacao.go.gov.br/api/media/ines/palavras/videos/vagaSm_Prog001.mp4,GoiásLibras · base nacional
VAGA-LUME,https://goiaslibras.educacao.go.gov.br/api/media/ines/palavras/videos/vaga-lumeSm_Prog001.mp4,GoiásLibras · base nacional
VAGABUNDO,https://goiaslibras.educacao.go.gov.br/api/media/ines/palavras/videos/vagabundoSm_Prog001.mp4,GoiásLibras · base nacional
VAGEM1,https://dicionario.ines.gov.br/public/media/palavras/videos/vagemSm_Prog001.mp4,GoiásLibras · base nacional
VAGEM2,https://goiaslibras.educacao.go.gov.br/api/media/ines/palavras/videos/vagem2Sm_Prog001.mp4,GoiásLibras · base nacional
VAGINA1,https://goiaslibras.educacao.go.gov.br/api/media/ines/palavras/videos/vaginaSm_Prog001.mp4,GoiásLibras · base nacional
VAGINA2,https://goiaslibras.educacao.go.gov.br/api/media/ines/palavras/videos/vagina2Sm_Prog001.mp4,GoiásLibras · base nacional
VAGOROSO,https://dicionario.ines.gov.br/public/media/palavras/videos/vagarosoSm_Prog001.mp4,GoiásLibras · base nacional
VAGÃO,https://goiaslibras.educacao.go.gov.br/api/media/ines/palavras/videos/vagaoSm_Prog001.mp4,GoiásLibras · base nacional
VAIAR,https://goiaslibras.educacao.go.gov.br/api/media/ines/palavras/videos/vaiarSm_Prog001.mp4,GoiásLibras · base nacional
VAIDOSO1,https://goiaslibras.educacao.go.gov.br/api/media/ines/palavras/videos/vaidoso1Sm_Prog001.mp4,GoiásLibras · base nacional
VAIDOSO2,https://goiaslibras.educacao.go.gov.br/api/media/ines/palavras/videos/vaidoso2Sm_Prog001.mp4,GoiásLibras · base nacional
VAIVÉM,https://goiaslibras.educacao.go.gov.br/api/media/ines/palavras/videos/vaivemSm_Prog001.mp4,GoiásLibras · base nacional
VALA,https://goiaslibras.educacao.go.gov.br/api/media/ines/palavras/videos/valaSm_Prog001.mp4,GoiásLibras · base nacional
VALE,https://goiaslibras.educacao.go.gov.br/api/media/ines/palavras/videos/vale3Sm_Prog001.mp4,GoiásLibras · base nacional
VALE TRANSPORTE,https://goiaslibras.educacao.go.gov.br/api/media/ines/palavras/videos/vale2Sm_Prog001.mp4,GoiásLibras · base nacional
VALE-REFEIÇÃO,https://goiaslibras.educacao.go.gov.br/api/media/ines/palavras/videos/vale1Sm_Prog001.mp4,GoiásLibras · base nacional
VALENTE,https://goiaslibras.educacao.go.gov.br/api/media/ines/palavras/videos/valenteSm_Prog001.mp4,GoiásLibras · base nacional
VALER1,https://goiaslibras.educacao.go.gov.br/api/media/ines/palavras/videos/valer1Sm_Prog001.mp4,GoiásLibras · base nacional
VALER3,https://goiaslibras.educacao.go.gov.br/api/media/ines/palavras/videos/valer3Sm_Prog001.mp4,GoiásLibras · base nacional
VALIDADE,https://goiaslibras.educacao.go.gov.br/api/media/ines/palavras/videos/validadeSm_Prog001.mp4,GoiásLibras · base nacional
VALIOSO,https://goiaslibras.educacao.go.gov.br/api/media/ines/palavras/videos/valiosoSm_Prog001.mp4,GoiásLibras · base nacional
VALISE,https://goiaslibras.educacao.go.gov.br/api/media/ines/palavras/videos/valiseSm_Prog001.mp4,GoiásLibras · base nacional
VALOR1,https://goiaslibras.educacao.go.gov.br/api/media/ines/palavras/videos/valor1Sm_Prog001.mp4,GoiásLibras · base nacional
VALOR2,https://goiaslibras.educacao.go.gov.br/api/media/ines/palavras/videos/valor2Sm_Prog001.mp4,GoiásLibras · base nacional
VALORIZAR,https://goiaslibras.educacao.go.gov.br/api/media/ines/palavras/videos/valorizarSm_Prog001.mp4,GoiásLibras · base nacional
VALSA,https://goiaslibras.educacao.go.gov.br/api/media/ines/palavras/videos/valsaSm_Prog001.mp4,GoiásLibras · base nacional
VAMPIRO,https://goiaslibras.educacao.go.gov.br/api/media/ines/palavras/videos/vampiroSm_Prog001.mp4,GoiásLibras · base nacional
VAN,https://goiaslibras.educacao.go.gov.br/api/media/ines/palavras/videos/vanSm_Prog001.mp4,GoiásLibras · base nacional
VANDALISMO,https://goiaslibras.educacao.go.gov.br/api/media/ines/palavras/videos/vandalismoSm_Prog001.mp4,GoiásLibras · base nacional
VAPOR,https://goiaslibras.educacao.go.gov.br/api/media/ines/palavras/videos/vaporSm_Prog001.mp4,GoiásLibras · base nacional
VAPORIZAR,https://goiaslibras.educacao.go.gov.br/api/media/ines/palavras/videos/vaporizarSm_Prog001.mp4,GoiásLibras · base nacional
VAQUINHA,https://goiaslibras.educacao.go.gov.br/api/media/ines/palavras/videos/vaquinhaSm_Prog001.mp4,GoiásLibras · base nacional
VARA,https://goiaslibras.educacao.go.gov.br/api/media/ines/palavras/videos/varaSm_Prog001.mp4,GoiásLibras · base nacional
VARAL,https://goiaslibras.educacao.go.gov.br/api/media/ines/palavras/videos/varalSm_Prog001.mp4,GoiásLibras · base nacional
VARANDA,https://goiaslibras.educacao.go.gov.br/api/media/ines/palavras/videos/varandaSm_Prog001.mp4,GoiásLibras · base nacional
VAREJAR,https://goiaslibras.educacao.go.gov.br/api/media/ines/palavras/videos/varejarSm_Prog001.mp4,GoiásLibras · base nacional
VAREJO,https://goiaslibras.educacao.go.gov.br/api/media/ines/palavras/videos/varejoSm_Prog001.mp4,GoiásLibras · base nacional
VARETA,https://goiaslibras.educacao.go.gov.br/api/media/ines/palavras/videos/varetaSm_Prog001.mp4,GoiásLibras · base nacional
VARICELA,https://goiaslibras.educacao.go.gov.br/api/media/ines/palavras/videos/varicelaSm_Prog001.mp4,GoiásLibras · base nacional
VARIEDADE,https://goiaslibras.educacao.go.gov.br/api/media/ines/palavras/videos/variedadeSm_Prog001.mp4,GoiásLibras · base nacional
VARIÁVEL,https://goiaslibras.educacao.go.gov.br/api/media/ines/palavras/videos/variavelSm_Prog001.mp4,GoiásLibras · base nacional
VARRER,https://goiaslibras.educacao.go.gov.br/api/media/ines/palavras/videos/varrerSm_Prog001.mp4,GoiásLibras · base nacional
VASCOLEJAR,https://goiaslibras.educacao.go.gov.br/api/media/ines/palavras/videos/vascolejarSm_Prog001.mp4,GoiásLibras · base nacional
VASCULHAR,https://goiaslibras.educacao.go.gov.br/api/media/ines/palavras/videos/vasculharSm_Prog001.mp4,GoiásLibras · base nacional
VASECTOMIA,https://dicionario.ines.gov.br/public/media/palavras/videos/vasectomiaSm_Prog001.mp4,GoiásLibras · base nacional
VASILHA,https://goiaslibras.educacao.go.gov.br/api/media/ines/palavras/videos/vasilhaSm_Prog001.mp4,GoiásLibras · base nacional
VASO,https://goiaslibras.educacao.go.gov.br/api/media/ines/palavras/videos/vasoSm_Prog001.mp4,GoiásLibras · base nacional
VASO SANITÁRIO,https://goiaslibras.educacao.go.gov.br/api/media/ines/palavras/videos/vaso-sanitarioSm_Prog001.mp4,GoiásLibras · base nacional
VASSOURA,https://goiaslibras.educacao.go.gov.br/api/media/ines/palavras/videos/vassouraSm_Prog001.mp4,GoiásLibras · base nacional
VASSOURADA,https://goiaslibras.educacao.go.gov.br/api/media/ines/palavras/videos/vassouradaSm_Prog001.mp4,GoiásLibras · base nacional
VAZAMENTO,https://goiaslibras.educacao.go.gov.br/api/media/ines/palavras/videos/vazamentoSm_Prog001.mp4,GoiásLibras · base nacional
VAZAR1,https://goiaslibras.educacao.go.gov.br/api/media/ines/palavras/videos/vazar1Sm_Prog001.mp4,GoiásLibras · base nacional
VAZAR2,https://goiaslibras.educacao.go.gov.br/api/media/ines/palavras/videos/vazar2Sm_Prog001.mp4,GoiásLibras · base nacional
VAZAR3,https://goiaslibras.educacao.go.gov.br/api/media/ines/palavras/videos/vazar3Sm_Prog001.mp4,GoiásLibras · base nacional
VAZIO1,https://goiaslibras.educacao.go.gov.br/api/media/ines/palavras/videos/vazioSm_Prog001.mp4,GoiásLibras · base nacional
VAZIO2,https://goiaslibras.educacao.go.gov.br/api/media/ines/palavras/videos/vazio2Sm_Prog001.mp4,GoiásLibras · base nacional
VEADO,https://goiaslibras.educacao.go.gov.br/api/media/ines/palavras/videos/veadoSm_Prog001.mp4,GoiásLibras · base nacional
VEDAR1,https://goiaslibras.educacao.go.gov.br/api/media/ines/palavras/videos/vedar1Sm_Prog001.mp4,GoiásLibras · base nacional
VEDAR2,https://goiaslibras.educacao.go.gov.br/api/media/ines/palavras/videos/vedar2Sm_Prog001.mp4,GoiásLibras · base nacional
VEDAR3,https://goiaslibras.educacao.go.gov.br/api/media/ines/palavras/videos/vedar3Sm_Prog001.mp4,GoiásLibras · base nacional
VEGETARIANO,https://goiaslibras.educacao.go.gov.br/api/media/ines/palavras/videos/vegetarianoSm_Prog001.mp4,GoiásLibras · base nacional
VEGETAÇÃO,https://goiaslibras.educacao.go.gov.br/api/media/ines/palavras/videos/vegetacaoSm_Prog001.mp4,GoiásLibras · base nacional
VEIA,https://goiaslibras.educacao.go.gov.br/api/media/ines/palavras/videos/veiaSm_Prog001.mp4,GoiásLibras · base nacional
VELA,https://goiaslibras.educacao.go.gov.br/api/media/ines/palavras/videos/velaSm_Prog001.mp4,GoiásLibras · base nacional
VELEIRO,https://goiaslibras.educacao.go.gov.br/api/media/ines/palavras/videos/veleiroSm_Prog001.mp4,GoiásLibras · base nacional
VELEJAR,https://goiaslibras.educacao.go.gov.br/api/media/ines/palavras/videos/velejarSm_Prog001.mp4,GoiásLibras · base nacional
VELHO1,https://goiaslibras.educacao.go.gov.br/api/media/ines/palavras/videos/velho1Sm_Prog001.mp4,GoiásLibras · base nacional
VELHO2,https://goiaslibras.educacao.go.gov.br/api/media/ines/palavras/videos/velho2Sm_Prog001.mp4,GoiásLibras · base nacional
VELOCIDADE,https://goiaslibras.educacao.go.gov.br/api/media/ines/palavras/videos/velocidadeSm_Prog001.mp4,GoiásLibras · base nacional
VELOCÍMETRO,https://goiaslibras.educacao.go.gov.br/api/media/ines/palavras/videos/velocimetroSm_Prog001.mp4,GoiásLibras · base nacional
VELOCÍPEDE,https://goiaslibras.educacao.go.gov.br/api/media/ines/palavras/videos/velocipedeSm_Prog001.mp4,GoiásLibras · base nacional
VELOZ,https://goiaslibras.educacao.go.gov.br/api/media/ines/palavras/videos/velozSm_Prog001.mp4,GoiásLibras · base nacional
VELUDO,https://goiaslibras.educacao.go.gov.br/api/media/ines/palavras/videos/veludoSm_Prog001.mp4,GoiásLibras · base nacional
VENCEDOR,https://goiaslibras.educacao.go.gov.br/api/media/ines/palavras/videos/vencedorSm_Prog001.mp4,GoiásLibras · base nacional
VENCER1,https://goiaslibras.educacao.go.gov.br/api/media/ines/palavras/videos/vencerSm_Prog001.mp4,GoiásLibras · base nacional
VENCER2,https://goiaslibras.educacao.go.gov.br/api/media/ines/palavras/videos/vencer2Sm_Prog001.mp4,GoiásLibras · base nacional
VENCIMENTO,https://goiaslibras.educacao.go.gov.br/api/media/ines/palavras/videos/vencimentoSm_Prog001.mp4,GoiásLibras · base nacional
VENDA,https://goiaslibras.educacao.go.gov.br/api/media/ines/palavras/videos/vendaSm_Prog001.mp4,GoiásLibras · base nacional
VENDAVAL,https://goiaslibras.educacao.go.gov.br/api/media/ines/palavras/videos/vendavalSm_Prog001.mp4,GoiásLibras · base nacional
VENDEDOR,https://goiaslibras.educacao.go.gov.br/api/media/ines/palavras/videos/vendedorSm_Prog001.mp4,GoiásLibras · base nacional
VENDER,https://goiaslibras.educacao.go.gov.br/api/media/ines/palavras/videos/venderSm_Prog001.mp4,GoiásLibras · base nacional
VENENO,https://goiaslibras.educacao.go.gov.br/api/media/ines/palavras/videos/venenoSm_Prog001.mp4,GoiásLibras · base nacional
VENENOSO,https://goiaslibras.educacao.go.gov.br/api/media/ines/palavras/videos/venenosoSm_Prog001.mp4,GoiásLibras · base nacional
VENERAR,https://goiaslibras.educacao.go.gov.br/api/media/ines/palavras/videos/venerarSm_Prog001.mp4,GoiásLibras · base nacional
VENEZIANA,https://goiaslibras.educacao.go.gov.br/api/media/ines/palavras/videos/venezianaSm_Prog001.mp4,GoiásLibras · base nacional
VENEZUELA,https://goiaslibras.educacao.go.gov.br/api/media/ines/palavras/videos/venezuelaSm_Prog001.mp4,GoiásLibras · base nacional
VENTANIA,https://goiaslibras.educacao.go.gov.br/api/media/ines/palavras/videos/ventaniaSm_Prog001.mp4,GoiásLibras · base nacional
VENTAR,https://goiaslibras.educacao.go.gov.br/api/media/ines/palavras/videos/ventarSm_Prog001.mp4,GoiásLibras · base nacional
VENTAROLA,https://goiaslibras.educacao.go.gov.br/api/media/ines/palavras/videos/ventarolaSm_Prog001.mp4,GoiásLibras · base nacional
VENTILADOR,https://goiaslibras.educacao.go.gov.br/api/media/ines/palavras/videos/ventiladorSm_Prog001.mp4,GoiásLibras · base nacional
VENTILADOR DE TETO,https://dicionario.ines.gov.br/public/media/palavras/videos/ventilador de tetoSm_Prog001.mp4,GoiásLibras · base nacional
VENTO,https://goiaslibras.educacao.go.gov.br/api/media/ines/palavras/videos/ventoSm_Prog001.mp4,GoiásLibras · base nacional
VENTRE,https://goiaslibras.educacao.go.gov.br/api/media/ines/palavras/videos/ventreSm_Prog001.mp4,GoiásLibras · base nacional
VER-NÃO,https://goiaslibras.educacao.go.gov.br/api/media/ines/palavras/videos/ver_naoSm_Prog001.mp4,GoiásLibras · base nacional
VER1,https://dicionario.ines.gov.br/public/media/palavras/videos/verSm_Prog001.mp4,GoiásLibras · base nacional
VER2,https://goiaslibras.educacao.go.gov.br/api/media/ines/palavras/videos/ver2Sm_Prog001.mp4,GoiásLibras · base nacional
VERBA,https://goiaslibras.educacao.go.gov.br/api/media/ines/palavras/videos/verbaSm_Prog001.mp4,GoiásLibras · base nacional
VERBAL,https://goiaslibras.educacao.go.gov.br/api/media/ines/palavras/videos/verbalSm_Prog001.mp4,GoiásLibras · base nacional
VERBETE,https://goiaslibras.educacao.go.gov.br/api/media/ines/palavras/videos/verbeteSm_Prog001.mp4,GoiásLibras · base nacional
VERBO1,https://goiaslibras.educacao.go.gov.br/api/media/ines/palavras/videos/verbo1Sm_Prog001.mp4,GoiásLibras · base nacional
VERBO2,https://goiaslibras.educacao.go.gov.br/api/media/ines/palavras/videos/verbo2Sm_Prog001.mp4,GoiásLibras · base nacional
VERBO3,https://goiaslibras.educacao.go.gov.br/api/media/ines/palavras/videos/verbo3Sm_Prog001.mp4,GoiásLibras · base nacional
VERBO4,https://goiaslibras.educacao.go.gov.br/api/media/ines/palavras/videos/verbo4Sm_Prog001.mp4,GoiásLibras · base nacional
VERDADE,https://goiaslibras.educacao.go.gov.br/api/media/ines/palavras/videos/verdadeSm_Prog001.mp4,GoiásLibras · base nacional
VERDADEIRO,https://goiaslibras.educacao.go.gov.br/api/media/ines/palavras/videos/verdadeiroSm_Prog001.mp4,GoiásLibras · base nacional
VERDE,https://goiaslibras.educacao.go.gov.br/api/media/ines/palavras/videos/verdeSm_Prog001.mp4,GoiásLibras · base nacional
VERDURAS,https://goiaslibras.educacao.go.gov.br/api/media/ines/palavras/videos/verdurasSm_Prog001.mp4,GoiásLibras · base nacional
VEREADOR,https://dicionario.ines.gov.br/public/media/palavras/videos/vereadorSm_Prog001.mp4,GoiásLibras · base nacional
VERGAMOTA,https://goiaslibras.educacao.go.gov.br/api/media/ines/palavras/videos/vergamotaSm_Prog001.mp4,GoiásLibras · base nacional
VERGONHA,https://goiaslibras.educacao.go.gov.br/api/media/ines/palavras/videos/vergonhaSm_Prog001.mp4,GoiásLibras · base nacional
VERIFICAR,https://goiaslibras.educacao.go.gov.br/api/media/ines/palavras/videos/verificarSm_Prog001.mp4,GoiásLibras · base nacional
VERME,https://goiaslibras.educacao.go.gov.br/api/media/ines/palavras/videos/vermeSm_Prog001.mp4,GoiásLibras · base nacional
VERMELHO,https://goiaslibras.educacao.go.gov.br/api/media/ines/palavras/videos/vermelhoSm_Prog001.mp4,GoiásLibras · base nacional
VERMELHÃO,https://goiaslibras.educacao.go.gov.br/api/media/ines/palavras/videos/vermelhaoSm_Prog001.mp4,GoiásLibras · base nacional
VERNISSAGE,https://goiaslibras.educacao.go.gov.br/api/media/ines/palavras/videos/vernissageSm_Prog001.mp4,GoiásLibras · base nacional
VERNIZ,https://goiaslibras.educacao.go.gov.br/api/media/ines/palavras/videos/vernizSm_Prog001.mp4,GoiásLibras · base nacional
VERRUGA,https://goiaslibras.educacao.go.gov.br/api/media/ines/palavras/videos/verrugaSm_Prog001.mp4,GoiásLibras · base nacional
VERSO,https://dicionario.ines.gov.br/public/media/palavras/videos/verso1Sm_Prog001.mp4,GoiásLibras · base nacional
VERTEBRADOS,https://goiaslibras.educacao.go.gov.br/api/media/ines/palavras/videos/vertebradosSm_Prog001.mp4,GoiásLibras · base nacional
VERTER,https://goiaslibras.educacao.go.gov.br/api/media/ines/palavras/videos/verterSm_Prog001.mp4,GoiásLibras · base nacional
VERTICAL,https://goiaslibras.educacao.go.gov.br/api/media/ines/palavras/videos/verticalSm_Prog001.mp4,GoiásLibras · base nacional
VERTIGEM,https://goiaslibras.educacao.go.gov.br/api/media/ines/palavras/videos/vertigemSm_Prog001.mp4,GoiásLibras · base nacional
VERÃO,https://goiaslibras.educacao.go.gov.br/api/media/ines/palavras/videos/veraoSm_Prog001.mp4,GoiásLibras · base nacional
VERÍDICO,https://goiaslibras.educacao.go.gov.br/api/media/ines/palavras/videos/veridicoSm_Prog001.mp4,GoiásLibras · base nacional
VESGO,https://goiaslibras.educacao.go.gov.br/api/media/ines/palavras/videos/vesgoSm_Prog001.mp4,GoiásLibras · base nacional
VESPERTINO,https://goiaslibras.educacao.go.gov.br/api/media/ines/palavras/videos/vespertinoSm_Prog001.mp4,GoiásLibras · base nacional
VESTIBULAR,https://goiaslibras.educacao.go.gov.br/api/media/video/2026-08-nas/vestibular.mp4,GoiásLibras · base nacional
VESTIDO,https://goiaslibras.educacao.go.gov.br/api/media/ines/palavras/videos/vestidoSm_Prog001.mp4,GoiásLibras · base nacional
VESTIR,https://goiaslibras.educacao.go.gov.br/api/media/ines/palavras/videos/vestirSm_Prog001.mp4,GoiásLibras · base nacional
VESTUÁRIO,https://goiaslibras.educacao.go.gov.br/api/media/ines/palavras/videos/vestuarioSm_Prog001.mp4,GoiásLibras · base nacional
VESÍCULA,https://goiaslibras.educacao.go.gov.br/api/media/ines/palavras/videos/vesiculaSm_Prog001.mp4,GoiásLibras · base nacional
VETAR,https://goiaslibras.educacao.go.gov.br/api/media/ines/palavras/videos/vetarSm_Prog001.mp4,GoiásLibras · base nacional
VETERANO,https://goiaslibras.educacao.go.gov.br/api/media/ines/palavras/videos/veteranoSm_Prog001.mp4,GoiásLibras · base nacional
VETERINÁRIA,https://goiaslibras.educacao.go.gov.br/api/media/ines/palavras/videos/veterinariaSm_Prog001.mp4,GoiásLibras · base nacional
VETERINÁRIO,https://goiaslibras.educacao.go.gov.br/api/media/ines/palavras/videos/veterinarioSm_Prog001.mp4,GoiásLibras · base nacional
VEXAME,https://goiaslibras.educacao.go.gov.br/api/media/ines/palavras/videos/vexameSm_Prog001.mp4,GoiásLibras · base nacional
VEZ1,https://goiaslibras.educacao.go.gov.br/api/media/ines/palavras/videos/vez1Sm_Prog001.mp4,GoiásLibras · base nacional
VEZ2,https://goiaslibras.educacao.go.gov.br/api/media/ines/palavras/videos/vez2Sm_Prog001.mp4,GoiásLibras · base nacional
VEZ3,https://goiaslibras.educacao.go.gov.br/api/media/ines/palavras/videos/vez3Sm_Prog001.mp4,GoiásLibras · base nacional
VEÍCULO,https://goiaslibras.educacao.go.gov.br/api/media/ines/palavras/videos/veiculoSm_Prog001.mp4,GoiásLibras · base nacional
VIA,https://goiaslibras.educacao.go.gov.br/api/media/ines/palavras/videos/viaSm_Prog001.mp4,GoiásLibras · base nacional
VIADUTO,https://goiaslibras.educacao.go.gov.br/api/media/ines/palavras/videos/viadutoSm_Prog001.mp4,GoiásLibras · base nacional
VIAJAR1,https://goiaslibras.educacao.go.gov.br/api/media/ines/palavras/videos/viajarSm_Prog001.mp4,GoiásLibras · base nacional
VIAJAR2,https://goiaslibras.educacao.go.gov.br/api/media/ines/palavras/videos/viajar2Sm_Prog001.mp4,GoiásLibras · base nacional
VIATURA,https://goiaslibras.educacao.go.gov.br/api/media/ines/palavras/videos/viaturaSm_Prog001.mp4,GoiásLibras · base nacional
VIBRAR,https://goiaslibras.educacao.go.gov.br/api/media/ines/palavras/videos/vibrarSm_Prog001.mp4,GoiásLibras · base nacional
VIBRAÇÃO,https://goiaslibras.educacao.go.gov.br/api/media/ines/palavras/videos/vibracaoSm_Prog001.mp4,GoiásLibras · base nacional
VICE-VERSA,https://dicionario.ines.gov.br/public/media/palavras/videos/vice_versaSm_Prog001.mp4,GoiásLibras · base nacional
VICE1,https://goiaslibras.educacao.go.gov.br/api/media/ines/palavras/videos/vice1Sm_Prog001.mp4,GoiásLibras · base nacional
VICE2,https://goiaslibras.educacao.go.gov.br/api/media/ines/palavras/videos/vice2Sm_Prog001.mp4,GoiásLibras · base nacional
VICIADO,https://goiaslibras.educacao.go.gov.br/api/media/ines/palavras/videos/viciadoSm_Prog001.mp4,GoiásLibras · base nacional
VICIAR,https://goiaslibras.educacao.go.gov.br/api/media/ines/palavras/videos/viciarSm_Prog001.mp4,GoiásLibras · base nacional
VIDA,https://goiaslibras.educacao.go.gov.br/api/media/ines/palavras/videos/vidaSm_Prog001.mp4,GoiásLibras · base nacional
VIDENTE,https://goiaslibras.educacao.go.gov.br/api/media/ines/palavras/videos/videnteSm_Prog001.mp4,GoiásLibras · base nacional
VIDEOCASSETE,https://goiaslibras.educacao.go.gov.br/api/media/ines/palavras/videos/videocasseteSm_Prog001.mp4,GoiásLibras · base nacional
VIDEOGAME,https://goiaslibras.educacao.go.gov.br/api/media/ines/palavras/videos/videogameSm_Prog001.mp4,GoiásLibras · base nacional
VIDRAÇARIA,https://goiaslibras.educacao.go.gov.br/api/media/ines/palavras/videos/vidracariaSm_Prog001.mp4,GoiásLibras · base nacional
VIDRO,https://goiaslibras.educacao.go.gov.br/api/media/ines/palavras/videos/vidroSm_Prog001.mp4,GoiásLibras · base nacional
VIGIA,https://goiaslibras.educacao.go.gov.br/api/media/ines/palavras/videos/vigiaSm_Prog001.mp4,GoiásLibras · base nacional
VIGIAR,https://goiaslibras.educacao.go.gov.br/api/media/ines/palavras/videos/vigiarSm_Prog001.mp4,GoiásLibras · base nacional
VIGILANTE,https://goiaslibras.educacao.go.gov.br/api/media/ines/palavras/videos/vigilanteSm_Prog001.mp4,GoiásLibras · base nacional
VIGOROSO,https://goiaslibras.educacao.go.gov.br/api/media/ines/palavras/videos/vigorosoSm_Prog001.mp4,GoiásLibras · base nacional
VILA,https://goiaslibras.educacao.go.gov.br/api/media/ines/palavras/videos/vilaSm_Prog001.mp4,GoiásLibras · base nacional
VINAGRE,https://goiaslibras.educacao.go.gov.br/api/media/ines/palavras/videos/vinagreSm_Prog001.mp4,GoiásLibras · base nacional
VINGANÇA,https://dicionario.ines.gov.br/public/media/palavras/videos/vinganca2Sm_Prog001.mp4,GoiásLibras · base nacional
VINGAR1,https://goiaslibras.educacao.go.gov.br/api/media/ines/palavras/videos/vingar1Sm_Prog001.mp4,GoiásLibras · base nacional
VINGAR2,https://goiaslibras.educacao.go.gov.br/api/media/ines/palavras/videos/vingar2Sm_Prog001.mp4,GoiásLibras · base nacional
VINHO,https://goiaslibras.educacao.go.gov.br/api/media/ines/palavras/videos/vinhoSm_Prog001.mp4,GoiásLibras · base nacional
VINTE,https://goiaslibras.educacao.go.gov.br/api/media/ines/palavras/videos/vinteSm_Prog001.mp4,GoiásLibras · base nacional
VIOLENTADO,https://goiaslibras.educacao.go.gov.br/api/media/ines/palavras/videos/violentadoSm_Prog001.mp4,GoiásLibras · base nacional
VIOLENTO,https://goiaslibras.educacao.go.gov.br/api/media/ines/palavras/videos/violentoSm_Prog001.mp4,GoiásLibras · base nacional
VIOLETA,https://goiaslibras.educacao.go.gov.br/api/media/ines/palavras/videos/violetaSm_Prog001.mp4,GoiásLibras · base nacional
VIOLINO,https://goiaslibras.educacao.go.gov.br/api/media/ines/palavras/videos/violinoSm_Prog001.mp4,GoiásLibras · base nacional
VIOLÃO,https://goiaslibras.educacao.go.gov.br/api/media/ines/palavras/videos/violaoSm_Prog001.mp4,GoiásLibras · base nacional
VIOLÊNCIA,https://goiaslibras.educacao.go.gov.br/api/media/ines/palavras/videos/violenciaSm_Prog001.mp4,GoiásLibras · base nacional
VIR,https://goiaslibras.educacao.go.gov.br/api/media/ines/palavras/videos/virSm_Prog001.mp4,GoiásLibras · base nacional
VIRA-LATA,https://goiaslibras.educacao.go.gov.br/api/media/ines/palavras/videos/vira-lataSm_Prog001.mp4,GoiásLibras · base nacional
VIRADA1,https://goiaslibras.educacao.go.gov.br/api/media/ines/palavras/videos/virada1Sm_Prog001.mp4,GoiásLibras · base nacional
VIRAR,https://goiaslibras.educacao.go.gov.br/api/media/ines/palavras/videos/virarSm_Prog001.mp4,GoiásLibras · base nacional
VIRGEM,https://goiaslibras.educacao.go.gov.br/api/media/ines/palavras/videos/virgemSm_Prog001.mp4,GoiásLibras · base nacional
VIRILHA,https://goiaslibras.educacao.go.gov.br/api/media/ines/palavras/videos/virilhaSm_Prog001.mp4,GoiásLibras · base nacional
VISITA,https://goiaslibras.educacao.go.gov.br/api/media/ines/palavras/videos/visitaSm_Prog001.mp4,GoiásLibras · base nacional
VISITANTE,https://goiaslibras.educacao.go.gov.br/api/media/ines/palavras/videos/visitanteSm_Prog001.mp4,GoiásLibras · base nacional
VISITAR,https://goiaslibras.educacao.go.gov.br/api/media/ines/palavras/videos/visitarSm_Prog001.mp4,GoiásLibras · base nacional
VISTA1,https://goiaslibras.educacao.go.gov.br/api/media/ines/palavras/videos/vista1Sm_Prog001.mp4,GoiásLibras · base nacional
VISTA2,https://goiaslibras.educacao.go.gov.br/api/media/ines/palavras/videos/vista3Sm_Prog001.mp4,GoiásLibras · base nacional
VISTA3,https://dicionario.ines.gov.br/public/media/palavras/videos/vista4Sm_Prog001.mp4,GoiásLibras · base nacional
VISTORIA,https://goiaslibras.educacao.go.gov.br/api/media/ines/palavras/videos/vistoriaSm_Prog001.mp4,GoiásLibras · base nacional
VISUAL,https://goiaslibras.educacao.go.gov.br/api/media/ines/palavras/videos/visualSm_Prog001.mp4,GoiásLibras · base nacional
VITALÍCIO,https://goiaslibras.educacao.go.gov.br/api/media/ines/palavras/videos/vitalicioSm_Prog001.mp4,GoiásLibras · base nacional
VITAMINA,https://goiaslibras.educacao.go.gov.br/api/media/ines/palavras/videos/vitaminaSm_Prog001.mp4,GoiásLibras · base nacional
VITÓRIA1,https://goiaslibras.educacao.go.gov.br/api/media/ines/palavras/videos/vitoriaSm_Prog001.mp4,GoiásLibras · base nacional
VITÓRIA2,https://goiaslibras.educacao.go.gov.br/api/media/ines/palavras/videos/vitoria2Sm_Prog001.mp4,GoiásLibras · base nacional
VIVA,https://dicionario.ines.gov.br/public/media/palavras/videos/viva2Sm_Prog001.mp4,GoiásLibras · base nacional
VIVER,https://goiaslibras.educacao.go.gov.br/api/media/ines/palavras/videos/viverSm_Prog001.mp4,GoiásLibras · base nacional
VIVO,https://goiaslibras.educacao.go.gov.br/api/media/ines/palavras/videos/viva1Sm_Prog001.mp4,GoiásLibras · base nacional
VIZINHO,https://goiaslibras.educacao.go.gov.br/api/media/ines/palavras/videos/vizinhoSm_Prog001.mp4,GoiásLibras · base nacional
VIÚVO,https://goiaslibras.educacao.go.gov.br/api/media/ines/palavras/videos/viuvoSm_Prog001.mp4,GoiásLibras · base nacional
VOAR,https://goiaslibras.educacao.go.gov.br/api/media/ines/palavras/videos/voarSm_Prog001.mp4,GoiásLibras · base nacional
VOCABULÁRIO,https://goiaslibras.educacao.go.gov.br/api/media/ines/palavras/videos/vocabularioSm_Prog001.mp4,GoiásLibras · base nacional
VOCAÇÃO,https://goiaslibras.educacao.go.gov.br/api/media/ines/palavras/videos/vocacaoSm_Prog001.mp4,GoiásLibras · base nacional
VOCÊ,https://goiaslibras.educacao.go.gov.br/api/media/ines/palavras/videos/voceSm_Prog001.mp4,GoiásLibras · base nacional
VOLANTE,https://goiaslibras.educacao.go.gov.br/api/media/ines/palavras/videos/volanteSm_Prog001.mp4,GoiásLibras · base nacional
VOLEI DE PRAIA,https://dicionario.ines.gov.br/public/media/palavras/videos/volei de praiaSm_Prog001.mp4,GoiásLibras · base nacional
VOLEIBOL,https://goiaslibras.educacao.go.gov.br/api/media/ines/palavras/videos/voleibolSm_Prog001.mp4,GoiásLibras · base nacional
VOLTAR1,https://goiaslibras.educacao.go.gov.br/api/media/ines/palavras/videos/voltar1Sm_Prog001.mp4,GoiásLibras · base nacional
VOLTAR2,https://goiaslibras.educacao.go.gov.br/api/media/ines/palavras/videos/voltar2Sm_Prog001.mp4,GoiásLibras · base nacional
VOLTAR3,https://dicionario.ines.gov.br/public/media/palavras/videos/voltaSm_Prog001.mp4,GoiásLibras · base nacional
VOLUNTÁRIO,https://goiaslibras.educacao.go.gov.br/api/media/ines/palavras/videos/voluntarioSm_Prog001.mp4,GoiásLibras · base nacional
VOLÚVEL,https://goiaslibras.educacao.go.gov.br/api/media/ines/palavras/videos/voluvelSm_Prog001.mp4,GoiásLibras · base nacional
VOMITAR,https://goiaslibras.educacao.go.gov.br/api/media/ines/palavras/videos/vomitarSm_Prog001.mp4,GoiásLibras · base nacional
VONTADE,https://goiaslibras.educacao.go.gov.br/api/media/ines/palavras/videos/vontadeSm_Prog001.mp4,GoiásLibras · base nacional
VOTAR,https://goiaslibras.educacao.go.gov.br/api/media/ines/palavras/videos/votarSm_Prog001.mp4,GoiásLibras · base nacional
VOTO,https://goiaslibras.educacao.go.gov.br/api/media/ines/palavras/videos/votoSm_Prog001.mp4,GoiásLibras · base nacional
VOVÓ-VOVÔ1,https://dicionario.ines.gov.br/public/media/palavras/videos/vovo1Sm_Prog001.mp4,GoiásLibras · base nacional
VOVÓ-VOVÔ2,https://dicionario.ines.gov.br/public/media/palavras/videos/vovo2Sm_Prog001.mp4,GoiásLibras · base nacional
VOZ3,https://goiaslibras.educacao.go.gov.br/api/media/ines/palavras/videos/voz3Sm_Prog001.mp4,GoiásLibras · base nacional
VULCÃO,https://goiaslibras.educacao.go.gov.br/api/media/ines/palavras/videos/vulcaoSm_Prog001.mp4,GoiásLibras · base nacional
VULGAR,https://goiaslibras.educacao.go.gov.br/api/media/ines/palavras/videos/vulgarSm_Prog001.mp4,GoiásLibras · base nacional
VÁRIOS1,https://dicionario.ines.gov.br/public/media/palavras/videos/variarSm_Prog001.mp4,GoiásLibras · base nacional
VÁRIOS2,https://goiaslibras.educacao.go.gov.br/api/media/ines/palavras/videos/varios2Sm_Prog001.mp4,GoiásLibras · base nacional
VÂNDALO,https://goiaslibras.educacao.go.gov.br/api/media/ines/palavras/videos/vandaloSm_Prog001.mp4,GoiásLibras · base nacional
VÉRTEBRA,https://goiaslibras.educacao.go.gov.br/api/media/ines/palavras/videos/vertebraSm_Prog001.mp4,GoiásLibras · base nacional
VÉSPERA,https://goiaslibras.educacao.go.gov.br/api/media/ines/palavras/videos/vesperaSm_Prog001.mp4,GoiásLibras · base nacional
VÉU,https://goiaslibras.educacao.go.gov.br/api/media/ines/palavras/videos/veuSm_Prog001.mp4,GoiásLibras · base nacional
VÍBORA,https://goiaslibras.educacao.go.gov.br/api/media/ines/palavras/videos/viboraSm_Prog001.mp4,GoiásLibras · base nacional
VÍCIO1,https://goiaslibras.educacao.go.gov.br/api/media/ines/palavras/videos/vicioSm_Prog001.mp4,GoiásLibras · base nacional
VÍCIO2,https://goiaslibras.educacao.go.gov.br/api/media/ines/palavras/videos/vicio2Sm_Prog001.mp4,GoiásLibras · base nacional
VÍDEO,https://goiaslibras.educacao.go.gov.br/api/media/ines/palavras/videos/videoSm_Prog001.mp4,GoiásLibras · base nacional
VÍNCULO,https://goiaslibras.educacao.go.gov.br/api/media/ines/palavras/videos/vinculoSm_Prog001.mp4,GoiásLibras · base nacional
VÍRGULA,https://goiaslibras.educacao.go.gov.br/api/media/ines/palavras/videos/virgulaSm_Prog001.mp4,GoiásLibras · base nacional
W,https://goiaslibras.educacao.go.gov.br/api/media/ines/palavras/videos/wSm_Prog001.mp4,GoiásLibras · base nacional
WHATSAPP,https://goiaslibras.educacao.go.gov.br/api/media/video/2026-08-nas/whatsapp.mp4,GoiásLibras · base nacional
X,https://goiaslibras.educacao.go.gov.br/api/media/ines/palavras/videos/xSm_Prog001.mp4,GoiásLibras · base nacional
XADREZ1,https://goiaslibras.educacao.go.gov.br/api/media/ines/palavras/videos/xadrez1Sm_Prog001.mp4,GoiásLibras · base nacional
XADREZ2,https://goiaslibras.educacao.go.gov.br/api/media/ines/palavras/videos/xadrez2Sm_Prog001.mp4,GoiásLibras · base nacional
XALE,https://goiaslibras.educacao.go.gov.br/api/media/ines/palavras/videos/xaleSm_Prog001.mp4,GoiásLibras · base nacional
XAMPU,https://goiaslibras.educacao.go.gov.br/api/media/ines/palavras/videos/xampuSm_Prog001.mp4,GoiásLibras · base nacional
XAROPE,https://goiaslibras.educacao.go.gov.br/api/media/ines/palavras/videos/xaropeSm_Prog001.mp4,GoiásLibras · base nacional
XERETA,https://dicionario.ines.gov.br/public/media/palavras/videos/xeretaSm_Prog001.mp4,GoiásLibras · base nacional
XERETAR,https://goiaslibras.educacao.go.gov.br/api/media/ines/palavras/videos/xeretarSm_Prog001.mp4,GoiásLibras · base nacional
XERIFE,https://goiaslibras.educacao.go.gov.br/api/media/ines/palavras/videos/xerifeSm_Prog001.mp4,GoiásLibras · base nacional
XEROCAR,https://goiaslibras.educacao.go.gov.br/api/media/ines/palavras/videos/xerocarSm_Prog001.mp4,GoiásLibras · base nacional
XEROX,https://goiaslibras.educacao.go.gov.br/api/media/ines/palavras/videos/xeroxSm_Prog001.mp4,GoiásLibras · base nacional
XINGAR,https://goiaslibras.educacao.go.gov.br/api/media/ines/palavras/videos/xingarSm_Prog001.mp4,GoiásLibras · base nacional
XIXI,https://goiaslibras.educacao.go.gov.br/api/media/ines/palavras/videos/xixiSm_Prog001.mp4,GoiásLibras · base nacional
XÍCARA,https://goiaslibras.educacao.go.gov.br/api/media/ines/palavras/videos/xicaraSm_Prog001.mp4,GoiásLibras · base nacional
Y,https://dicionario.ines.gov.br/public/media/palavras/videos/ySm_Prog001.mp4,GoiásLibras · base nacional
YOUTUBE,https://goiaslibras.educacao.go.gov.br/api/media/video/2026-08-nas/youtube.mp4,GoiásLibras · base nacional
Z,https://goiaslibras.educacao.go.gov.br/api/media/ines/palavras/videos/zSm_Prog001.mp4,GoiásLibras · base nacional
ZAGA,https://goiaslibras.educacao.go.gov.br/api/media/ines/palavras/videos/zagaSm_Prog001.mp4,GoiásLibras · base nacional
ZAGUEIRO,https://goiaslibras.educacao.go.gov.br/api/media/ines/palavras/videos/zagueiroSm_Prog001.mp4,GoiásLibras · base nacional
ZANGADO,https://goiaslibras.educacao.go.gov.br/api/media/ines/palavras/videos/zangadoSm_Prog001.mp4,GoiásLibras · base nacional
ZANGAR,https://goiaslibras.educacao.go.gov.br/api/media/ines/palavras/videos/zangarSm_Prog001.mp4,GoiásLibras · base nacional
ZARABATANA,https://goiaslibras.educacao.go.gov.br/api/media/ines/palavras/videos/zarabatanaSm_Prog001.mp4,GoiásLibras · base nacional
ZARPAR,https://goiaslibras.educacao.go.gov.br/api/media/ines/palavras/videos/zarparSm_Prog001.mp4,GoiásLibras · base nacional
ZEBRA,https://goiaslibras.educacao.go.gov.br/api/media/ines/palavras/videos/zebraSm_Prog001.mp4,GoiásLibras · base nacional
ZELADOR,https://goiaslibras.educacao.go.gov.br/api/media/ines/palavras/videos/zeladorSm_Prog001.mp4,GoiásLibras · base nacional
ZEPELIM,https://goiaslibras.educacao.go.gov.br/api/media/ines/palavras/videos/zepelimSm_Prog001.mp4,GoiásLibras · base nacional
ZERAR,https://goiaslibras.educacao.go.gov.br/api/media/ines/palavras/videos/zerarSm_Prog001.mp4,GoiásLibras · base nacional
ZERO,https://goiaslibras.educacao.go.gov.br/api/media/video/2026-08-nas/zero.mp4,GoiásLibras · base nacional
ZERO1,https://dicionario.ines.gov.br/public/media/palavras/videos/zeroSm_Prog001.mp4,GoiásLibras · base nacional
ZERO2,https://goiaslibras.educacao.go.gov.br/api/media/ines/palavras/videos/zero-quilometroSm_Prog001.mp4,GoiásLibras · base nacional
ZIGUEZAGUE,https://goiaslibras.educacao.go.gov.br/api/media/ines/palavras/videos/ziguezagueSm_Prog001.mp4,GoiásLibras · base nacional
ZIGUEZAGUEAR,https://goiaslibras.educacao.go.gov.br/api/media/ines/palavras/videos/ziguezaguearSm_Prog001.mp4,GoiásLibras · base nacional
ZOMBAR,https://goiaslibras.educacao.go.gov.br/api/media/ines/palavras/videos/zombarSm_Prog001.mp4,GoiásLibras · base nacional
ZOOLÓGICO,https://goiaslibras.educacao.go.gov.br/api/media/ines/palavras/videos/zoologicoSm_Prog001.mp4,GoiásLibras · base nacional
ZUM,https://goiaslibras.educacao.go.gov.br/api/media/ines/palavras/videos/zumSm_Prog001.mp4,GoiásLibras · base nacional
ZÍPER,https://goiaslibras.educacao.go.gov.br/api/media/ines/palavras/videos/ziperSm_Prog001.mp4,GoiásLibras · base nacional
À VISTA,https://goiaslibras.educacao.go.gov.br/api/media/ines/palavras/videos/vista2Sm_Prog001.mp4,GoiásLibras · base nacional
À-TOA,https://goiaslibras.educacao.go.gov.br/api/media/ines/palavras/videos/a_toaSm_Prog001.mp4,GoiásLibras · base nacional
ÁCIDO,https://goiaslibras.educacao.go.gov.br/api/media/ines/palavras/videos/acidoSm_Prog001.mp4,GoiásLibras · base nacional
ÁFRICA,https://goiaslibras.educacao.go.gov.br/api/media/ines/palavras/videos/africaSm_Prog001.mp4,GoiásLibras · base nacional
ÁFRICA DO SUL,https://goiaslibras.educacao.go.gov.br/api/media/ines/palavras/videos/africa_do_sulSm_Prog001.mp4,GoiásLibras · base nacional
ÁGUA,https://youtu.be/KZJCKG-4dvw,GoiásLibras · base nacional
ÁGUIA,https://goiaslibras.educacao.go.gov.br/api/media/ines/palavras/videos/aguia2Sm_Prog001.mp4,GoiásLibras · base nacional
ÁLBUM,https://goiaslibras.educacao.go.gov.br/api/media/ines/palavras/videos/albumSm_Prog001.mp4,GoiásLibras · base nacional
ÁLCOOL,https://goiaslibras.educacao.go.gov.br/api/media/ines/palavras/videos/alcoolSm_Prog001.mp4,GoiásLibras · base nacional
ÁPICE,https://goiaslibras.educacao.go.gov.br/api/media/ines/palavras/videos/apiceSm_Prog001.mp4,GoiásLibras · base nacional
ÁRDUO,https://goiaslibras.educacao.go.gov.br/api/media/ines/palavras/videos/arduoSm_Prog001.mp4,GoiásLibras · base nacional
ÁREA1,https://goiaslibras.educacao.go.gov.br/api/media/ines/palavras/videos/area1Sm_Prog001.mp4,GoiásLibras · base nacional
ÁREA2,https://goiaslibras.educacao.go.gov.br/api/media/ines/palavras/videos/area2Sm_Prog001.mp4,GoiásLibras · base nacional
ÁRIES,https://goiaslibras.educacao.go.gov.br/api/media/ines/palavras/videos/ariesSm_Prog001.mp4,GoiásLibras · base nacional
ÁRTICO,https://goiaslibras.educacao.go.gov.br/api/media/ines/palavras/videos/articoSm_Prog001.mp4,GoiásLibras · base nacional
ÁRVORE1,https://dicionario.ines.gov.br/public/media/palavras/videos/arvoreSm_Prog001.mp4,GoiásLibras · base nacional
ÁS,https://goiaslibras.educacao.go.gov.br/api/media/ines/palavras/videos/asSm_Prog001.mp4,GoiásLibras · base nacional
ÁSIA,https://goiaslibras.educacao.go.gov.br/api/media/ines/palavras/videos/asiaSm_Prog001.mp4,GoiásLibras · base nacional
ÁSPERO,https://goiaslibras.educacao.go.gov.br/api/media/ines/palavras/videos/asperoSm_Prog001.mp4,GoiásLibras · base nacional
ÁUSTRIA,https://goiaslibras.educacao.go.gov.br/api/media/ines/palavras/videos/austriaSm_Prog001.mp4,GoiásLibras · base nacional
ÂNGULO,https://goiaslibras.educacao.go.gov.br/api/media/ines/palavras/videos/anguloSm_Prog001.mp4,GoiásLibras · base nacional
ÂNIMO,https://goiaslibras.educacao.go.gov.br/api/media/ines/palavras/videos/animoSm_Prog001.mp4,GoiásLibras · base nacional
ÂNUS1,https://goiaslibras.educacao.go.gov.br/api/media/ines/palavras/videos/anus1Sm_Prog001.mp4,GoiásLibras · base nacional
ÂNUS2,https://goiaslibras.educacao.go.gov.br/api/media/ines/palavras/videos/anus2Sm_Prog001.mp4,GoiásLibras · base nacional
Ç,https://dicionario.ines.gov.br/public/media/palavras/videos/çSm_Prog001.mp4,GoiásLibras · base nacional
ÉPOCA,https://goiaslibras.educacao.go.gov.br/api/media/ines/palavras/videos/epocaSm_Prog001.mp4,GoiásLibras · base nacional
ÉTICA1,https://goiaslibras.educacao.go.gov.br/api/media/ines/palavras/videos/eticaSm_Prog001.mp4,GoiásLibras · base nacional
ÉTICA2,https://goiaslibras.educacao.go.gov.br/api/media/ines/palavras/videos/etica2Sm_Prog001.mp4,GoiásLibras · base nacional
ÍMPAR,https://goiaslibras.educacao.go.gov.br/api/media/ines/palavras/videos/imparSm_Prog001.mp4,GoiásLibras · base nacional
ÍMÃ,https://goiaslibras.educacao.go.gov.br/api/media/ines/palavras/videos/imaSm_Prog001.mp4,GoiásLibras · base nacional
ÍNDIA,https://goiaslibras.educacao.go.gov.br/api/media/ines/palavras/videos/indiaSm_Prog001.mp4,GoiásLibras · base nacional
ÍNDIO1,https://dicionario.ines.gov.br/public/media/palavras/videos/indioSm_Prog001.mp4,GoiásLibras · base nacional
ÓBITO,https://goiaslibras.educacao.go.gov.br/api/media/ines/palavras/videos/obitoSm_Prog001.mp4,GoiásLibras · base nacional
ÓBVIO,https://goiaslibras.educacao.go.gov.br/api/media/ines/palavras/videos/obvioSm_Prog001.mp4,GoiásLibras · base nacional
ÓCULOS,https://goiaslibras.educacao.go.gov.br/api/media/ines/palavras/videos/oculos2Sm_Prog001.mp4,GoiásLibras · base nacional
ÓDIO,https://dicionario.ines.gov.br/public/media/palavras/videos/odio2Sm_Prog001.mp4,GoiásLibras · base nacional
ÓRBITA,https://goiaslibras.educacao.go.gov.br/api/media/ines/palavras/videos/orbitaSm_Prog001.mp4,GoiásLibras · base nacional
ÔNIBUS,https://goiaslibras.educacao.go.gov.br/api/media/video/2026-08-nas/onibus.mp4,GoiásLibras · base nacional
ÔNIBUS1,https://goiaslibras.educacao.go.gov.br/api/media/ines/palavras/videos/onibus2Sm_Prog001.mp4,GoiásLibras · base nacional
ÔNIBUS2,https://goiaslibras.educacao.go.gov.br/api/media/ines/palavras/videos/onibus3Sm_Prog001.mp4,GoiásLibras · base nacional
ÚLCERA,https://goiaslibras.educacao.go.gov.br/api/media/ines/palavras/videos/ulceraSm_Prog001.mp4,GoiásLibras · base nacional
ÚLTIMO1,https://goiaslibras.educacao.go.gov.br/api/media/ines/palavras/videos/ultimo1Sm_Prog001.mp4,GoiásLibras · base nacional
ÚLTIMO2,https://goiaslibras.educacao.go.gov.br/api/media/ines/palavras/videos/ultimo2Sm_Prog001.mp4,GoiásLibras · base nacional
ÚNICO,https://goiaslibras.educacao.go.gov.br/api/media/ines/palavras/videos/unicoSm_Prog001.mp4,GoiásLibras · base nacional
ÚTERO,https://goiaslibras.educacao.go.gov.br/api/media/ines/palavras/videos/uteroSm_Prog001.mp4,GoiásLibras · base nacional
ÚTIL,https://goiaslibras.educacao.go.gov.br/api/media/ines/palavras/videos/utilSm_Prog001.mp4,GoiásLibras · base nacional
